run_id,experiment_name,variant,mode,protocol_version,logging_schema_version,base_model,use_4bit,gradient_checkpointing,seed,rank,alpha,max_steps,effective_batch_size_sequences,max_seq_length,baseline_ppl_all,best_ppl_all,final_ppl_all,train_runtime_s,train_steps_per_second,status,_source_path,_metrics_history_path,history_step,history_epoch,history_event_type,history_timestamp_utc,metric_loss,baseline_eval_peak_vram_allocated_gb,baseline_eval_peak_vram_reserved_gb,baseline_ppl_layer_a,baseline_ppl_layer_b,best_ppl_layer_a,best_ppl_layer_b,best_step,delta_best_ppl_all,delta_best_ppl_layer_a,delta_best_ppl_layer_b,delta_final_ppl_all,delta_final_ppl_layer_a,delta_final_ppl_layer_b,eval_steps,final_ppl_layer_a,final_ppl_layer_b,final_step,gradient_accumulation_steps,last_completed_step,learning_rate,logging_steps,lora_dropout,max_eval_peak_vram_allocated_gb,max_eval_peak_vram_reserved_gb,max_grad_norm,min_grad_norm,num_inf_loss_events,num_nan_loss_events,num_nonfinite_events,num_nonfinite_grad_norm_events,num_oom_events,optimizer_reset_count,per_device_eval_batch_size,per_device_train_batch_size,run_peak_vram_allocated_gb,run_peak_vram_reserved_gb,save_steps,step_time_mean_s,step_time_p50_s,step_time_p95_s,step_time_sample_count,step_time_std_s,terminated_early,termination_reason,train_peak_vram_allocated_gb,train_peak_vram_reserved_gb,warmup_ratio,weight_decay,metric_grad_norm,metric_learning_rate,metric_epoch,metric_step,metric_eval_loss,metric_eval_runtime,metric_eval_samples_per_second,metric_eval_steps_per_second,metric_eval_layer_a_loss,metric_eval_layer_a_runtime,metric_eval_layer_a_samples_per_second,metric_eval_layer_a_steps_per_second,metric_eval_layer_b_loss,metric_eval_layer_b_runtime,metric_eval_layer_b_samples_per_second,metric_eval_layer_b_steps_per_second,metric_eval_perplexity,metric_eval_peak_vram_allocated_gb,metric_eval_peak_vram_reserved_gb,metric_eval_peak_vram_allocated_gb_since_last_reset,metric_eval_peak_vram_reserved_gb_since_last_reset,metric_eval_peak_vram_allocated_gb_eval_only,metric_eval_peak_vram_reserved_gb_eval_only,metric_eval_layer_a_perplexity,metric_eval_layer_a_peak_vram_allocated_gb,metric_eval_layer_a_peak_vram_reserved_gb,metric_eval_layer_a_peak_vram_allocated_gb_since_last_reset,metric_eval_layer_a_peak_vram_reserved_gb_since_last_reset,metric_eval_layer_a_peak_vram_allocated_gb_eval_only,metric_eval_layer_a_peak_vram_reserved_gb_eval_only,metric_eval_layer_b_perplexity,metric_eval_layer_b_peak_vram_allocated_gb,metric_eval_layer_b_peak_vram_reserved_gb,metric_eval_layer_b_peak_vram_allocated_gb_since_last_reset,metric_eval_layer_b_peak_vram_reserved_gb_since_last_reset,metric_eval_layer_b_peak_vram_allocated_gb_eval_only,metric_eval_layer_b_peak_vram_reserved_gb_eval_only,metric_eval_mean_train_step_time_s,metric_eval_p50_train_step_time_s,metric_eval_p95_train_step_time_s,metric_eval_std_train_step_time_s,metric_eval_num_train_step_time_samples,metric_train_runtime,metric_train_samples_per_second,metric_train_steps_per_second,metric_total_flos,metric_train_loss
llama3_8b_lora_l40_protocol_v3_phase1_r16_seed42__1776438275,llama3_8b_lora_l40_protocol_v3_phase1_r16_seed42,lora,train_and_eval,protocol_v3,logging_v2,meta-llama/Meta-Llama-3-8B,False,False,42,16,32,350,8,1024,7.96124154702041,7.266511787024003,7.266511787024003,1085.6701,0.322,completed,outputs/experiments/protocol_v3/llama3_8b_lora_l40_protocol_v3_phase1_r16_seed42/reports/comparison_row.json,outputs/experiments/protocol_v3/llama3_8b_lora_l40_protocol_v3_phase1_r16_seed42/reports/metrics_history.jsonl,10,0.05319148936170213,train_log,2026-04-17T15:23:35.256206+00:00,2.0433,16.196958541870117,16.46484375,8.277392581842097,5.078121797068957,7.5721154110683,4.576082429892875,350,-0.6947297599964068,-0.7052771707737966,-0.5020393671760823,-0.6947297599964068,-0.7052771707737966,-0.5020393671760823,50,7.5721154110683,4.576082429892875,350,4,350,0.0002,10,0.05,16.38231372833252,31.2265625,0.464600145816803,0.25114062428474426,0,0,0,0,0,0,1,2,16.38231325149536,31.2265625,50,1.9882623734019165,1.9834724271809683,2.0016947646993213,7,0.008330747362921245,False,completed,15.125940799713135,31.2265625,0.05,0.01,0.25114062428474426,0.00011111111111111112,0.05319148936170213,10,,,,,,,,,,,,,,,,,,,,,,,,,,,,,,,,,,,,,,,,,,,
llama3_8b_lora_l40_protocol_v3_phase1_r16_seed42__1776438275,llama3_8b_lora_l40_protocol_v3_phase1_r16_seed42,lora,train_and_eval,protocol_v3,logging_v2,meta-llama/Meta-Llama-3-8B,False,False,42,16,32,350,8,1024,7.96124154702041,7.266511787024003,7.266511787024003,1085.6701,0.322,completed,outputs/experiments/protocol_v3/llama3_8b_lora_l40_protocol_v3_phase1_r16_seed42/reports/comparison_row.json,outputs/experiments/protocol_v3/llama3_8b_lora_l40_protocol_v3_phase1_r16_seed42/reports/metrics_history.jsonl,20,0.10638297872340426,train_log,2026-04-17T15:23:35.256227+00:00,2.067,16.196958541870117,16.46484375,8.277392581842097,5.078121797068957,7.5721154110683,4.576082429892875,350,-0.6947297599964068,-0.7052771707737966,-0.5020393671760823,-0.6947297599964068,-0.7052771707737966,-0.5020393671760823,50,7.5721154110683,4.576082429892875,350,4,350,0.0002,10,0.05,16.38231372833252,31.2265625,0.464600145816803,0.25114062428474426,0,0,0,0,0,0,1,2,16.38231325149536,31.2265625,50,1.9882623734019165,1.9834724271809683,2.0016947646993213,7,0.008330747362921245,False,completed,15.125940799713135,31.2265625,0.05,0.01,0.3518543839454651,0.00019879518072289158,0.10638297872340426,20,,,,,,,,,,,,,,,,,,,,,,,,,,,,,,,,,,,,,,,,,,,
llama3_8b_lora_l40_protocol_v3_phase1_r16_seed42__1776438275,llama3_8b_lora_l40_protocol_v3_phase1_r16_seed42,lora,train_and_eval,protocol_v3,logging_v2,meta-llama/Meta-Llama-3-8B,False,False,42,16,32,350,8,1024,7.96124154702041,7.266511787024003,7.266511787024003,1085.6701,0.322,completed,outputs/experiments/protocol_v3/llama3_8b_lora_l40_protocol_v3_phase1_r16_seed42/reports/comparison_row.json,outputs/experiments/protocol_v3/llama3_8b_lora_l40_protocol_v3_phase1_r16_seed42/reports/metrics_history.jsonl,30,0.1595744680851064,train_log,2026-04-17T15:23:35.256233+00:00,1.978,16.196958541870117,16.46484375,8.277392581842097,5.078121797068957,7.5721154110683,4.576082429892875,350,-0.6947297599964068,-0.7052771707737966,-0.5020393671760823,-0.6947297599964068,-0.7052771707737966,-0.5020393671760823,50,7.5721154110683,4.576082429892875,350,4,350,0.0002,10,0.05,16.38231372833252,31.2265625,0.464600145816803,0.25114062428474426,0,0,0,0,0,0,1,2,16.38231325149536,31.2265625,50,1.9882623734019165,1.9834724271809683,2.0016947646993213,7,0.008330747362921245,False,completed,15.125940799713135,31.2265625,0.05,0.01,0.3668625056743622,0.00019277108433734942,0.1595744680851064,30,,,,,,,,,,,,,,,,,,,,,,,,,,,,,,,,,,,,,,,,,,,
llama3_8b_lora_l40_protocol_v3_phase1_r16_seed42__1776438275,llama3_8b_lora_l40_protocol_v3_phase1_r16_seed42,lora,train_and_eval,protocol_v3,logging_v2,meta-llama/Meta-Llama-3-8B,False,False,42,16,32,350,8,1024,7.96124154702041,7.266511787024003,7.266511787024003,1085.6701,0.322,completed,outputs/experiments/protocol_v3/llama3_8b_lora_l40_protocol_v3_phase1_r16_seed42/reports/comparison_row.json,outputs/experiments/protocol_v3/llama3_8b_lora_l40_protocol_v3_phase1_r16_seed42/reports/metrics_history.jsonl,40,0.2127659574468085,train_log,2026-04-17T15:23:35.256238+00:00,1.9426,16.196958541870117,16.46484375,8.277392581842097,5.078121797068957,7.5721154110683,4.576082429892875,350,-0.6947297599964068,-0.7052771707737966,-0.5020393671760823,-0.6947297599964068,-0.7052771707737966,-0.5020393671760823,50,7.5721154110683,4.576082429892875,350,4,350,0.0002,10,0.05,16.38231372833252,31.2265625,0.464600145816803,0.25114062428474426,0,0,0,0,0,0,1,2,16.38231325149536,31.2265625,50,1.9882623734019165,1.9834724271809683,2.0016947646993213,7,0.008330747362921245,False,completed,15.125940799713135,31.2265625,0.05,0.01,0.3191283941268921,0.00018674698795180723,0.2127659574468085,40,,,,,,,,,,,,,,,,,,,,,,,,,,,,,,,,,,,,,,,,,,,
llama3_8b_lora_l40_protocol_v3_phase1_r16_seed42__1776438275,llama3_8b_lora_l40_protocol_v3_phase1_r16_seed42,lora,train_and_eval,protocol_v3,logging_v2,meta-llama/Meta-Llama-3-8B,False,False,42,16,32,350,8,1024,7.96124154702041,7.266511787024003,7.266511787024003,1085.6701,0.322,completed,outputs/experiments/protocol_v3/llama3_8b_lora_l40_protocol_v3_phase1_r16_seed42/reports/comparison_row.json,outputs/experiments/protocol_v3/llama3_8b_lora_l40_protocol_v3_phase1_r16_seed42/reports/metrics_history.jsonl,50,0.26595744680851063,train_log,2026-04-17T15:23:35.256242+00:00,1.9472,16.196958541870117,16.46484375,8.277392581842097,5.078121797068957,7.5721154110683,4.576082429892875,350,-0.6947297599964068,-0.7052771707737966,-0.5020393671760823,-0.6947297599964068,-0.7052771707737966,-0.5020393671760823,50,7.5721154110683,4.576082429892875,350,4,350,0.0002,10,0.05,16.38231372833252,31.2265625,0.464600145816803,0.25114062428474426,0,0,0,0,0,0,1,2,16.38231325149536,31.2265625,50,1.9882623734019165,1.9834724271809683,2.0016947646993213,7,0.008330747362921245,False,completed,15.125940799713135,31.2265625,0.05,0.01,0.3270539939403534,0.00018072289156626507,0.26595744680851063,50,,,,,,,,,,,,,,,,,,,,,,,,,,,,,,,,,,,,,,,,,,,
llama3_8b_lora_l40_protocol_v3_phase1_r16_seed42__1776438275,llama3_8b_lora_l40_protocol_v3_phase1_r16_seed42,lora,train_and_eval,protocol_v3,logging_v2,meta-llama/Meta-Llama-3-8B,False,False,42,16,32,350,8,1024,7.96124154702041,7.266511787024003,7.266511787024003,1085.6701,0.322,completed,outputs/experiments/protocol_v3/llama3_8b_lora_l40_protocol_v3_phase1_r16_seed42/reports/comparison_row.json,outputs/experiments/protocol_v3/llama3_8b_lora_l40_protocol_v3_phase1_r16_seed42/reports/metrics_history.jsonl,50,0.26595744680851063,eval,2026-04-17T15:23:35.256250+00:00,,16.196958541870117,16.46484375,8.277392581842097,5.078121797068957,7.5721154110683,4.576082429892875,350,-0.6947297599964068,-0.7052771707737966,-0.5020393671760823,-0.6947297599964068,-0.7052771707737966,-0.5020393671760823,50,7.5721154110683,4.576082429892875,350,4,350,0.0002,10,0.05,16.38231372833252,31.2265625,0.464600145816803,0.25114062428474426,0,0,0,0,0,0,1,2,16.38231325149536,31.2265625,50,1.9882623734019165,1.9834724271809683,2.0016947646993213,7,0.008330747362921245,False,completed,15.125940799713135,31.2265625,0.05,0.01,,,0.26595744680851063,50,2.013209819793701,27.7116,9.202,9.202,,,,,,,,,,,,,,,,,,,,,,,,,,,,,,,,,,,,,,,
llama3_8b_lora_l40_protocol_v3_phase1_r16_seed42__1776438275,llama3_8b_lora_l40_protocol_v3_phase1_r16_seed42,lora,train_and_eval,protocol_v3,logging_v2,meta-llama/Meta-Llama-3-8B,False,False,42,16,32,350,8,1024,7.96124154702041,7.266511787024003,7.266511787024003,1085.6701,0.322,completed,outputs/experiments/protocol_v3/llama3_8b_lora_l40_protocol_v3_phase1_r16_seed42/reports/comparison_row.json,outputs/experiments/protocol_v3/llama3_8b_lora_l40_protocol_v3_phase1_r16_seed42/reports/metrics_history.jsonl,50,0.26595744680851063,eval,2026-04-17T15:23:35.256257+00:00,,16.196958541870117,16.46484375,8.277392581842097,5.078121797068957,7.5721154110683,4.576082429892875,350,-0.6947297599964068,-0.7052771707737966,-0.5020393671760823,-0.6947297599964068,-0.7052771707737966,-0.5020393671760823,50,7.5721154110683,4.576082429892875,350,4,350,0.0002,10,0.05,16.38231372833252,31.2265625,0.464600145816803,0.25114062428474426,0,0,0,0,0,0,1,2,16.38231325149536,31.2265625,50,1.9882623734019165,1.9834724271809683,2.0016947646993213,7,0.008330747362921245,False,completed,15.125940799713135,31.2265625,0.05,0.01,,,0.26595744680851063,50,,,,,2.0521492958068848,25.3659,9.225,9.225,,,,,,,,,,,,,,,,,,,,,,,,,,,,,,,,,,,
llama3_8b_lora_l40_protocol_v3_phase1_r16_seed42__1776438275,llama3_8b_lora_l40_protocol_v3_phase1_r16_seed42,lora,train_and_eval,protocol_v3,logging_v2,meta-llama/Meta-Llama-3-8B,False,False,42,16,32,350,8,1024,7.96124154702041,7.266511787024003,7.266511787024003,1085.6701,0.322,completed,outputs/experiments/protocol_v3/llama3_8b_lora_l40_protocol_v3_phase1_r16_seed42/reports/comparison_row.json,outputs/experiments/protocol_v3/llama3_8b_lora_l40_protocol_v3_phase1_r16_seed42/reports/metrics_history.jsonl,50,0.26595744680851063,eval,2026-04-17T15:23:35.256264+00:00,,16.196958541870117,16.46484375,8.277392581842097,5.078121797068957,7.5721154110683,4.576082429892875,350,-0.6947297599964068,-0.7052771707737966,-0.5020393671760823,-0.6947297599964068,-0.7052771707737966,-0.5020393671760823,50,7.5721154110683,4.576082429892875,350,4,350,0.0002,10,0.05,16.38231372833252,31.2265625,0.464600145816803,0.25114062428474426,0,0,0,0,0,0,1,2,16.38231325149536,31.2265625,50,1.9882623734019165,1.9834724271809683,2.0016947646993213,7,0.008330747362921245,False,completed,15.125940799713135,31.2265625,0.05,0.01,,,0.26595744680851063,50,,,,,,,,,1.5723634958267212,2.2774,9.221,9.221,,,,,,,,,,,,,,,,,,,,,,,,,,,,,,,
llama3_8b_lora_l40_protocol_v3_phase1_r16_seed42__1776438275,llama3_8b_lora_l40_protocol_v3_phase1_r16_seed42,lora,train_and_eval,protocol_v3,logging_v2,meta-llama/Meta-Llama-3-8B,False,False,42,16,32,350,8,1024,7.96124154702041,7.266511787024003,7.266511787024003,1085.6701,0.322,completed,outputs/experiments/protocol_v3/llama3_8b_lora_l40_protocol_v3_phase1_r16_seed42/reports/comparison_row.json,outputs/experiments/protocol_v3/llama3_8b_lora_l40_protocol_v3_phase1_r16_seed42/reports/metrics_history.jsonl,50,0.26595744680851063,eval,2026-04-17T15:23:35.256274+00:00,,16.196958541870117,16.46484375,8.277392581842097,5.078121797068957,7.5721154110683,4.576082429892875,350,-0.6947297599964068,-0.7052771707737966,-0.5020393671760823,-0.6947297599964068,-0.7052771707737966,-0.5020393671760823,50,7.5721154110683,4.576082429892875,350,4,350,0.0002,10,0.05,16.38231372833252,31.2265625,0.464600145816803,0.25114062428474426,0,0,0,0,0,0,1,2,16.38231325149536,31.2265625,50,1.9882623734019165,1.9834724271809683,2.0016947646993213,7,0.008330747362921245,False,completed,15.125940799713135,31.2265625,0.05,0.01,,,0.26595744680851063,50,2.013209819793701,27.7116,9.202,9.202,2.0521492958068848,25.3659,9.225,9.225,1.5723634958267212,2.2774,9.221,9.221,7.487311739303389,16.38231372833252,31.2265625,16.38231372833252,31.2265625,16.38231372833252,31.2265625,7.78461457824648,16.38231372833252,31.2265625,16.38231372833252,31.2265625,16.38231372833252,31.2265625,4.818022122543602,16.38231325149536,31.2265625,16.38231325149536,31.2265625,16.38231325149536,31.2265625,2.003876081304625,1.997221595956944,2.0068797384854404,0.043479293966383385,50,,,,,
llama3_8b_lora_l40_protocol_v3_phase1_r16_seed42__1776438275,llama3_8b_lora_l40_protocol_v3_phase1_r16_seed42,lora,train_and_eval,protocol_v3,logging_v2,meta-llama/Meta-Llama-3-8B,False,False,42,16,32,350,8,1024,7.96124154702041,7.266511787024003,7.266511787024003,1085.6701,0.322,completed,outputs/experiments/protocol_v3/llama3_8b_lora_l40_protocol_v3_phase1_r16_seed42/reports/comparison_row.json,outputs/experiments/protocol_v3/llama3_8b_lora_l40_protocol_v3_phase1_r16_seed42/reports/metrics_history.jsonl,60,0.3191489361702128,train_log,2026-04-17T15:23:35.256286+00:00,1.8612,16.196958541870117,16.46484375,8.277392581842097,5.078121797068957,7.5721154110683,4.576082429892875,350,-0.6947297599964068,-0.7052771707737966,-0.5020393671760823,-0.6947297599964068,-0.7052771707737966,-0.5020393671760823,50,7.5721154110683,4.576082429892875,350,4,350,0.0002,10,0.05,16.38231372833252,31.2265625,0.464600145816803,0.25114062428474426,0,0,0,0,0,0,1,2,16.38231325149536,31.2265625,50,1.9882623734019165,1.9834724271809683,2.0016947646993213,7,0.008330747362921245,False,completed,15.125940799713135,31.2265625,0.05,0.01,0.35707587003707886,0.0001746987951807229,0.3191489361702128,60,,,,,,,,,,,,,,,,,,,,,,,,,,,,,,,,,,,,,,,,,,,
llama3_8b_lora_l40_protocol_v3_phase1_r16_seed42__1776438275,llama3_8b_lora_l40_protocol_v3_phase1_r16_seed42,lora,train_and_eval,protocol_v3,logging_v2,meta-llama/Meta-Llama-3-8B,False,False,42,16,32,350,8,1024,7.96124154702041,7.266511787024003,7.266511787024003,1085.6701,0.322,completed,outputs/experiments/protocol_v3/llama3_8b_lora_l40_protocol_v3_phase1_r16_seed42/reports/comparison_row.json,outputs/experiments/protocol_v3/llama3_8b_lora_l40_protocol_v3_phase1_r16_seed42/reports/metrics_history.jsonl,70,0.3723404255319149,train_log,2026-04-17T15:23:35.256290+00:00,1.9096,16.196958541870117,16.46484375,8.277392581842097,5.078121797068957,7.5721154110683,4.576082429892875,350,-0.6947297599964068,-0.7052771707737966,-0.5020393671760823,-0.6947297599964068,-0.7052771707737966,-0.5020393671760823,50,7.5721154110683,4.576082429892875,350,4,350,0.0002,10,0.05,16.38231372833252,31.2265625,0.464600145816803,0.25114062428474426,0,0,0,0,0,0,1,2,16.38231325149536,31.2265625,50,1.9882623734019165,1.9834724271809683,2.0016947646993213,7,0.008330747362921245,False,completed,15.125940799713135,31.2265625,0.05,0.01,0.31513771414756775,0.00016867469879518074,0.3723404255319149,70,,,,,,,,,,,,,,,,,,,,,,,,,,,,,,,,,,,,,,,,,,,
llama3_8b_lora_l40_protocol_v3_phase1_r16_seed42__1776438275,llama3_8b_lora_l40_protocol_v3_phase1_r16_seed42,lora,train_and_eval,protocol_v3,logging_v2,meta-llama/Meta-Llama-3-8B,False,False,42,16,32,350,8,1024,7.96124154702041,7.266511787024003,7.266511787024003,1085.6701,0.322,completed,outputs/experiments/protocol_v3/llama3_8b_lora_l40_protocol_v3_phase1_r16_seed42/reports/comparison_row.json,outputs/experiments/protocol_v3/llama3_8b_lora_l40_protocol_v3_phase1_r16_seed42/reports/metrics_history.jsonl,80,0.425531914893617,train_log,2026-04-17T15:23:35.256294+00:00,1.9727,16.196958541870117,16.46484375,8.277392581842097,5.078121797068957,7.5721154110683,4.576082429892875,350,-0.6947297599964068,-0.7052771707737966,-0.5020393671760823,-0.6947297599964068,-0.7052771707737966,-0.5020393671760823,50,7.5721154110683,4.576082429892875,350,4,350,0.0002,10,0.05,16.38231372833252,31.2265625,0.464600145816803,0.25114062428474426,0,0,0,0,0,0,1,2,16.38231325149536,31.2265625,50,1.9882623734019165,1.9834724271809683,2.0016947646993213,7,0.008330747362921245,False,completed,15.125940799713135,31.2265625,0.05,0.01,0.3034560978412628,0.00016265060240963855,0.425531914893617,80,,,,,,,,,,,,,,,,,,,,,,,,,,,,,,,,,,,,,,,,,,,
llama3_8b_lora_l40_protocol_v3_phase1_r16_seed42__1776438275,llama3_8b_lora_l40_protocol_v3_phase1_r16_seed42,lora,train_and_eval,protocol_v3,logging_v2,meta-llama/Meta-Llama-3-8B,False,False,42,16,32,350,8,1024,7.96124154702041,7.266511787024003,7.266511787024003,1085.6701,0.322,completed,outputs/experiments/protocol_v3/llama3_8b_lora_l40_protocol_v3_phase1_r16_seed42/reports/comparison_row.json,outputs/experiments/protocol_v3/llama3_8b_lora_l40_protocol_v3_phase1_r16_seed42/reports/metrics_history.jsonl,90,0.4787234042553192,train_log,2026-04-17T15:23:35.256298+00:00,1.94,16.196958541870117,16.46484375,8.277392581842097,5.078121797068957,7.5721154110683,4.576082429892875,350,-0.6947297599964068,-0.7052771707737966,-0.5020393671760823,-0.6947297599964068,-0.7052771707737966,-0.5020393671760823,50,7.5721154110683,4.576082429892875,350,4,350,0.0002,10,0.05,16.38231372833252,31.2265625,0.464600145816803,0.25114062428474426,0,0,0,0,0,0,1,2,16.38231325149536,31.2265625,50,1.9882623734019165,1.9834724271809683,2.0016947646993213,7,0.008330747362921245,False,completed,15.125940799713135,31.2265625,0.05,0.01,0.30318784713745117,0.0001566265060240964,0.4787234042553192,90,,,,,,,,,,,,,,,,,,,,,,,,,,,,,,,,,,,,,,,,,,,
llama3_8b_lora_l40_protocol_v3_phase1_r16_seed42__1776438275,llama3_8b_lora_l40_protocol_v3_phase1_r16_seed42,lora,train_and_eval,protocol_v3,logging_v2,meta-llama/Meta-Llama-3-8B,False,False,42,16,32,350,8,1024,7.96124154702041,7.266511787024003,7.266511787024003,1085.6701,0.322,completed,outputs/experiments/protocol_v3/llama3_8b_lora_l40_protocol_v3_phase1_r16_seed42/reports/comparison_row.json,outputs/experiments/protocol_v3/llama3_8b_lora_l40_protocol_v3_phase1_r16_seed42/reports/metrics_history.jsonl,100,0.5319148936170213,train_log,2026-04-17T15:23:35.256302+00:00,1.9596,16.196958541870117,16.46484375,8.277392581842097,5.078121797068957,7.5721154110683,4.576082429892875,350,-0.6947297599964068,-0.7052771707737966,-0.5020393671760823,-0.6947297599964068,-0.7052771707737966,-0.5020393671760823,50,7.5721154110683,4.576082429892875,350,4,350,0.0002,10,0.05,16.38231372833252,31.2265625,0.464600145816803,0.25114062428474426,0,0,0,0,0,0,1,2,16.38231325149536,31.2265625,50,1.9882623734019165,1.9834724271809683,2.0016947646993213,7,0.008330747362921245,False,completed,15.125940799713135,31.2265625,0.05,0.01,0.30657026171684265,0.00015060240963855423,0.5319148936170213,100,,,,,,,,,,,,,,,,,,,,,,,,,,,,,,,,,,,,,,,,,,,
llama3_8b_lora_l40_protocol_v3_phase1_r16_seed42__1776438275,llama3_8b_lora_l40_protocol_v3_phase1_r16_seed42,lora,train_and_eval,protocol_v3,logging_v2,meta-llama/Meta-Llama-3-8B,False,False,42,16,32,350,8,1024,7.96124154702041,7.266511787024003,7.266511787024003,1085.6701,0.322,completed,outputs/experiments/protocol_v3/llama3_8b_lora_l40_protocol_v3_phase1_r16_seed42/reports/comparison_row.json,outputs/experiments/protocol_v3/llama3_8b_lora_l40_protocol_v3_phase1_r16_seed42/reports/metrics_history.jsonl,100,0.5319148936170213,eval,2026-04-17T15:23:35.256306+00:00,,16.196958541870117,16.46484375,8.277392581842097,5.078121797068957,7.5721154110683,4.576082429892875,350,-0.6947297599964068,-0.7052771707737966,-0.5020393671760823,-0.6947297599964068,-0.7052771707737966,-0.5020393671760823,50,7.5721154110683,4.576082429892875,350,4,350,0.0002,10,0.05,16.38231372833252,31.2265625,0.464600145816803,0.25114062428474426,0,0,0,0,0,0,1,2,16.38231325149536,31.2265625,50,1.9882623734019165,1.9834724271809683,2.0016947646993213,7,0.008330747362921245,False,completed,15.125940799713135,31.2265625,0.05,0.01,,,0.5319148936170213,100,1.9997944831848145,27.4581,9.287,9.287,,,,,,,,,,,,,,,,,,,,,,,,,,,,,,,,,,,,,,,
llama3_8b_lora_l40_protocol_v3_phase1_r16_seed42__1776438275,llama3_8b_lora_l40_protocol_v3_phase1_r16_seed42,lora,train_and_eval,protocol_v3,logging_v2,meta-llama/Meta-Llama-3-8B,False,False,42,16,32,350,8,1024,7.96124154702041,7.266511787024003,7.266511787024003,1085.6701,0.322,completed,outputs/experiments/protocol_v3/llama3_8b_lora_l40_protocol_v3_phase1_r16_seed42/reports/comparison_row.json,outputs/experiments/protocol_v3/llama3_8b_lora_l40_protocol_v3_phase1_r16_seed42/reports/metrics_history.jsonl,100,0.5319148936170213,eval,2026-04-17T15:23:35.256311+00:00,,16.196958541870117,16.46484375,8.277392581842097,5.078121797068957,7.5721154110683,4.576082429892875,350,-0.6947297599964068,-0.7052771707737966,-0.5020393671760823,-0.6947297599964068,-0.7052771707737966,-0.5020393671760823,50,7.5721154110683,4.576082429892875,350,4,350,0.0002,10,0.05,16.38231372833252,31.2265625,0.464600145816803,0.25114062428474426,0,0,0,0,0,0,1,2,16.38231325149536,31.2265625,50,1.9882623734019165,1.9834724271809683,2.0016947646993213,7,0.008330747362921245,False,completed,15.125940799713135,31.2265625,0.05,0.01,,,0.5319148936170213,100,,,,,2.039896249771118,25.1856,9.291,9.291,,,,,,,,,,,,,,,,,,,,,,,,,,,,,,,,,,,
llama3_8b_lora_l40_protocol_v3_phase1_r16_seed42__1776438275,llama3_8b_lora_l40_protocol_v3_phase1_r16_seed42,lora,train_and_eval,protocol_v3,logging_v2,meta-llama/Meta-Llama-3-8B,False,False,42,16,32,350,8,1024,7.96124154702041,7.266511787024003,7.266511787024003,1085.6701,0.322,completed,outputs/experiments/protocol_v3/llama3_8b_lora_l40_protocol_v3_phase1_r16_seed42/reports/comparison_row.json,outputs/experiments/protocol_v3/llama3_8b_lora_l40_protocol_v3_phase1_r16_seed42/reports/metrics_history.jsonl,100,0.5319148936170213,eval,2026-04-17T15:23:35.256315+00:00,,16.196958541870117,16.46484375,8.277392581842097,5.078121797068957,7.5721154110683,4.576082429892875,350,-0.6947297599964068,-0.7052771707737966,-0.5020393671760823,-0.6947297599964068,-0.7052771707737966,-0.5020393671760823,50,7.5721154110683,4.576082429892875,350,4,350,0.0002,10,0.05,16.38231372833252,31.2265625,0.464600145816803,0.25114062428474426,0,0,0,0,0,0,1,2,16.38231325149536,31.2265625,50,1.9882623734019165,1.9834724271809683,2.0016947646993213,7,0.008330747362921245,False,completed,15.125940799713135,31.2265625,0.05,0.01,,,0.5319148936170213,100,,,,,,,,,1.5476239919662476,2.2601,9.292,9.292,,,,,,,,,,,,,,,,,,,,,,,,,,,,,,,
llama3_8b_lora_l40_protocol_v3_phase1_r16_seed42__1776438275,llama3_8b_lora_l40_protocol_v3_phase1_r16_seed42,lora,train_and_eval,protocol_v3,logging_v2,meta-llama/Meta-Llama-3-8B,False,False,42,16,32,350,8,1024,7.96124154702041,7.266511787024003,7.266511787024003,1085.6701,0.322,completed,outputs/experiments/protocol_v3/llama3_8b_lora_l40_protocol_v3_phase1_r16_seed42/reports/comparison_row.json,outputs/experiments/protocol_v3/llama3_8b_lora_l40_protocol_v3_phase1_r16_seed42/reports/metrics_history.jsonl,100,0.5319148936170213,eval,2026-04-17T15:23:35.256323+00:00,,16.196958541870117,16.46484375,8.277392581842097,5.078121797068957,7.5721154110683,4.576082429892875,350,-0.6947297599964068,-0.7052771707737966,-0.5020393671760823,-0.6947297599964068,-0.7052771707737966,-0.5020393671760823,50,7.5721154110683,4.576082429892875,350,4,350,0.0002,10,0.05,16.38231372833252,31.2265625,0.464600145816803,0.25114062428474426,0,0,0,0,0,0,1,2,16.38231325149536,31.2265625,50,1.9882623734019165,1.9834724271809683,2.0016947646993213,7,0.008330747362921245,False,completed,15.125940799713135,31.2265625,0.05,0.01,,,0.5319148936170213,100,1.9997944831848145,27.4581,9.287,9.287,2.039896249771118,25.1856,9.291,9.291,1.5476239919662476,2.2601,9.292,9.292,7.387537679689658,16.38231372833252,31.2265625,16.38231372833252,31.2265625,16.38231372833252,31.2265625,7.689811337804223,16.38231372833252,31.2265625,16.38231372833252,31.2265625,16.38231372833252,31.2265625,4.700288980159732,16.38231325149536,31.2265625,16.38231325149536,31.2265625,16.38231325149536,31.2265625,1.9898706840444356,1.9901746774557978,1.9967479729559274,0.0045853200058108765,50,,,,,
llama3_8b_lora_l40_protocol_v3_phase1_r16_seed42__1776438275,llama3_8b_lora_l40_protocol_v3_phase1_r16_seed42,lora,train_and_eval,protocol_v3,logging_v2,meta-llama/Meta-Llama-3-8B,False,False,42,16,32,350,8,1024,7.96124154702041,7.266511787024003,7.266511787024003,1085.6701,0.322,completed,outputs/experiments/protocol_v3/llama3_8b_lora_l40_protocol_v3_phase1_r16_seed42/reports/comparison_row.json,outputs/experiments/protocol_v3/llama3_8b_lora_l40_protocol_v3_phase1_r16_seed42/reports/metrics_history.jsonl,110,0.5851063829787234,train_log,2026-04-17T15:23:35.256331+00:00,2.0031,16.196958541870117,16.46484375,8.277392581842097,5.078121797068957,7.5721154110683,4.576082429892875,350,-0.6947297599964068,-0.7052771707737966,-0.5020393671760823,-0.6947297599964068,-0.7052771707737966,-0.5020393671760823,50,7.5721154110683,4.576082429892875,350,4,350,0.0002,10,0.05,16.38231372833252,31.2265625,0.464600145816803,0.25114062428474426,0,0,0,0,0,0,1,2,16.38231325149536,31.2265625,50,1.9882623734019165,1.9834724271809683,2.0016947646993213,7,0.008330747362921245,False,completed,15.125940799713135,31.2265625,0.05,0.01,0.3130994439125061,0.00014457831325301204,0.5851063829787234,110,,,,,,,,,,,,,,,,,,,,,,,,,,,,,,,,,,,,,,,,,,,
llama3_8b_lora_l40_protocol_v3_phase1_r16_seed42__1776438275,llama3_8b_lora_l40_protocol_v3_phase1_r16_seed42,lora,train_and_eval,protocol_v3,logging_v2,meta-llama/Meta-Llama-3-8B,False,False,42,16,32,350,8,1024,7.96124154702041,7.266511787024003,7.266511787024003,1085.6701,0.322,completed,outputs/experiments/protocol_v3/llama3_8b_lora_l40_protocol_v3_phase1_r16_seed42/reports/comparison_row.json,outputs/experiments/protocol_v3/llama3_8b_lora_l40_protocol_v3_phase1_r16_seed42/reports/metrics_history.jsonl,120,0.6382978723404256,train_log,2026-04-17T15:23:35.256335+00:00,1.9438,16.196958541870117,16.46484375,8.277392581842097,5.078121797068957,7.5721154110683,4.576082429892875,350,-0.6947297599964068,-0.7052771707737966,-0.5020393671760823,-0.6947297599964068,-0.7052771707737966,-0.5020393671760823,50,7.5721154110683,4.576082429892875,350,4,350,0.0002,10,0.05,16.38231372833252,31.2265625,0.464600145816803,0.25114062428474426,0,0,0,0,0,0,1,2,16.38231325149536,31.2265625,50,1.9882623734019165,1.9834724271809683,2.0016947646993213,7,0.008330747362921245,False,completed,15.125940799713135,31.2265625,0.05,0.01,0.3265414535999298,0.00013855421686746988,0.6382978723404256,120,,,,,,,,,,,,,,,,,,,,,,,,,,,,,,,,,,,,,,,,,,,
llama3_8b_lora_l40_protocol_v3_phase1_r16_seed42__1776438275,llama3_8b_lora_l40_protocol_v3_phase1_r16_seed42,lora,train_and_eval,protocol_v3,logging_v2,meta-llama/Meta-Llama-3-8B,False,False,42,16,32,350,8,1024,7.96124154702041,7.266511787024003,7.266511787024003,1085.6701,0.322,completed,outputs/experiments/protocol_v3/llama3_8b_lora_l40_protocol_v3_phase1_r16_seed42/reports/comparison_row.json,outputs/experiments/protocol_v3/llama3_8b_lora_l40_protocol_v3_phase1_r16_seed42/reports/metrics_history.jsonl,130,0.6914893617021277,train_log,2026-04-17T15:23:35.256339+00:00,1.9581,16.196958541870117,16.46484375,8.277392581842097,5.078121797068957,7.5721154110683,4.576082429892875,350,-0.6947297599964068,-0.7052771707737966,-0.5020393671760823,-0.6947297599964068,-0.7052771707737966,-0.5020393671760823,50,7.5721154110683,4.576082429892875,350,4,350,0.0002,10,0.05,16.38231372833252,31.2265625,0.464600145816803,0.25114062428474426,0,0,0,0,0,0,1,2,16.38231325149536,31.2265625,50,1.9882623734019165,1.9834724271809683,2.0016947646993213,7,0.008330747362921245,False,completed,15.125940799713135,31.2265625,0.05,0.01,0.29763564467430115,0.00013253012048192772,0.6914893617021277,130,,,,,,,,,,,,,,,,,,,,,,,,,,,,,,,,,,,,,,,,,,,
llama3_8b_lora_l40_protocol_v3_phase1_r16_seed42__1776438275,llama3_8b_lora_l40_protocol_v3_phase1_r16_seed42,lora,train_and_eval,protocol_v3,logging_v2,meta-llama/Meta-Llama-3-8B,False,False,42,16,32,350,8,1024,7.96124154702041,7.266511787024003,7.266511787024003,1085.6701,0.322,completed,outputs/experiments/protocol_v3/llama3_8b_lora_l40_protocol_v3_phase1_r16_seed42/reports/comparison_row.json,outputs/experiments/protocol_v3/llama3_8b_lora_l40_protocol_v3_phase1_r16_seed42/reports/metrics_history.jsonl,140,0.7446808510638298,train_log,2026-04-17T15:23:35.256343+00:00,1.9885,16.196958541870117,16.46484375,8.277392581842097,5.078121797068957,7.5721154110683,4.576082429892875,350,-0.6947297599964068,-0.7052771707737966,-0.5020393671760823,-0.6947297599964068,-0.7052771707737966,-0.5020393671760823,50,7.5721154110683,4.576082429892875,350,4,350,0.0002,10,0.05,16.38231372833252,31.2265625,0.464600145816803,0.25114062428474426,0,0,0,0,0,0,1,2,16.38231325149536,31.2265625,50,1.9882623734019165,1.9834724271809683,2.0016947646993213,7,0.008330747362921245,False,completed,15.125940799713135,31.2265625,0.05,0.01,0.3239673674106598,0.00012650602409638556,0.7446808510638298,140,,,,,,,,,,,,,,,,,,,,,,,,,,,,,,,,,,,,,,,,,,,
llama3_8b_lora_l40_protocol_v3_phase1_r16_seed42__1776438275,llama3_8b_lora_l40_protocol_v3_phase1_r16_seed42,lora,train_and_eval,protocol_v3,logging_v2,meta-llama/Meta-Llama-3-8B,False,False,42,16,32,350,8,1024,7.96124154702041,7.266511787024003,7.266511787024003,1085.6701,0.322,completed,outputs/experiments/protocol_v3/llama3_8b_lora_l40_protocol_v3_phase1_r16_seed42/reports/comparison_row.json,outputs/experiments/protocol_v3/llama3_8b_lora_l40_protocol_v3_phase1_r16_seed42/reports/metrics_history.jsonl,150,0.7978723404255319,train_log,2026-04-17T15:23:35.256346+00:00,1.9467,16.196958541870117,16.46484375,8.277392581842097,5.078121797068957,7.5721154110683,4.576082429892875,350,-0.6947297599964068,-0.7052771707737966,-0.5020393671760823,-0.6947297599964068,-0.7052771707737966,-0.5020393671760823,50,7.5721154110683,4.576082429892875,350,4,350,0.0002,10,0.05,16.38231372833252,31.2265625,0.464600145816803,0.25114062428474426,0,0,0,0,0,0,1,2,16.38231325149536,31.2265625,50,1.9882623734019165,1.9834724271809683,2.0016947646993213,7,0.008330747362921245,False,completed,15.125940799713135,31.2265625,0.05,0.01,0.3404083251953125,0.0001204819277108434,0.7978723404255319,150,,,,,,,,,,,,,,,,,,,,,,,,,,,,,,,,,,,,,,,,,,,
llama3_8b_lora_l40_protocol_v3_phase1_r16_seed42__1776438275,llama3_8b_lora_l40_protocol_v3_phase1_r16_seed42,lora,train_and_eval,protocol_v3,logging_v2,meta-llama/Meta-Llama-3-8B,False,False,42,16,32,350,8,1024,7.96124154702041,7.266511787024003,7.266511787024003,1085.6701,0.322,completed,outputs/experiments/protocol_v3/llama3_8b_lora_l40_protocol_v3_phase1_r16_seed42/reports/comparison_row.json,outputs/experiments/protocol_v3/llama3_8b_lora_l40_protocol_v3_phase1_r16_seed42/reports/metrics_history.jsonl,150,0.7978723404255319,eval,2026-04-17T15:23:35.256350+00:00,,16.196958541870117,16.46484375,8.277392581842097,5.078121797068957,7.5721154110683,4.576082429892875,350,-0.6947297599964068,-0.7052771707737966,-0.5020393671760823,-0.6947297599964068,-0.7052771707737966,-0.5020393671760823,50,7.5721154110683,4.576082429892875,350,4,350,0.0002,10,0.05,16.38231372833252,31.2265625,0.464600145816803,0.25114062428474426,0,0,0,0,0,0,1,2,16.38231325149536,31.2265625,50,1.9882623734019165,1.9834724271809683,2.0016947646993213,7,0.008330747362921245,False,completed,15.125940799713135,31.2265625,0.05,0.01,,,0.7978723404255319,150,1.9917041063308716,27.3457,9.325,9.325,,,,,,,,,,,,,,,,,,,,,,,,,,,,,,,,,,,,,,,
llama3_8b_lora_l40_protocol_v3_phase1_r16_seed42__1776438275,llama3_8b_lora_l40_protocol_v3_phase1_r16_seed42,lora,train_and_eval,protocol_v3,logging_v2,meta-llama/Meta-Llama-3-8B,False,False,42,16,32,350,8,1024,7.96124154702041,7.266511787024003,7.266511787024003,1085.6701,0.322,completed,outputs/experiments/protocol_v3/llama3_8b_lora_l40_protocol_v3_phase1_r16_seed42/reports/comparison_row.json,outputs/experiments/protocol_v3/llama3_8b_lora_l40_protocol_v3_phase1_r16_seed42/reports/metrics_history.jsonl,150,0.7978723404255319,eval,2026-04-17T15:23:35.256354+00:00,,16.196958541870117,16.46484375,8.277392581842097,5.078121797068957,7.5721154110683,4.576082429892875,350,-0.6947297599964068,-0.7052771707737966,-0.5020393671760823,-0.6947297599964068,-0.7052771707737966,-0.5020393671760823,50,7.5721154110683,4.576082429892875,350,4,350,0.0002,10,0.05,16.38231372833252,31.2265625,0.464600145816803,0.25114062428474426,0,0,0,0,0,0,1,2,16.38231325149536,31.2265625,50,1.9882623734019165,1.9834724271809683,2.0016947646993213,7,0.008330747362921245,False,completed,15.125940799713135,31.2265625,0.05,0.01,,,0.7978723404255319,150,,,,,2.0319530963897705,25.1072,9.32,9.32,,,,,,,,,,,,,,,,,,,,,,,,,,,,,,,,,,,
llama3_8b_lora_l40_protocol_v3_phase1_r16_seed42__1776438275,llama3_8b_lora_l40_protocol_v3_phase1_r16_seed42,lora,train_and_eval,protocol_v3,logging_v2,meta-llama/Meta-Llama-3-8B,False,False,42,16,32,350,8,1024,7.96124154702041,7.266511787024003,7.266511787024003,1085.6701,0.322,completed,outputs/experiments/protocol_v3/llama3_8b_lora_l40_protocol_v3_phase1_r16_seed42/reports/comparison_row.json,outputs/experiments/protocol_v3/llama3_8b_lora_l40_protocol_v3_phase1_r16_seed42/reports/metrics_history.jsonl,150,0.7978723404255319,eval,2026-04-17T15:23:35.256358+00:00,,16.196958541870117,16.46484375,8.277392581842097,5.078121797068957,7.5721154110683,4.576082429892875,350,-0.6947297599964068,-0.7052771707737966,-0.5020393671760823,-0.6947297599964068,-0.7052771707737966,-0.5020393671760823,50,7.5721154110683,4.576082429892875,350,4,350,0.0002,10,0.05,16.38231372833252,31.2265625,0.464600145816803,0.25114062428474426,0,0,0,0,0,0,1,2,16.38231325149536,31.2265625,50,1.9882623734019165,1.9834724271809683,2.0016947646993213,7,0.008330747362921245,False,completed,15.125940799713135,31.2265625,0.05,0.01,,,0.7978723404255319,150,,,,,,,,,1.538643479347229,2.2509,9.33,9.33,,,,,,,,,,,,,,,,,,,,,,,,,,,,,,,
llama3_8b_lora_l40_protocol_v3_phase1_r16_seed42__1776438275,llama3_8b_lora_l40_protocol_v3_phase1_r16_seed42,lora,train_and_eval,protocol_v3,logging_v2,meta-llama/Meta-Llama-3-8B,False,False,42,16,32,350,8,1024,7.96124154702041,7.266511787024003,7.266511787024003,1085.6701,0.322,completed,outputs/experiments/protocol_v3/llama3_8b_lora_l40_protocol_v3_phase1_r16_seed42/reports/comparison_row.json,outputs/experiments/protocol_v3/llama3_8b_lora_l40_protocol_v3_phase1_r16_seed42/reports/metrics_history.jsonl,150,0.7978723404255319,eval,2026-04-17T15:23:35.256365+00:00,,16.196958541870117,16.46484375,8.277392581842097,5.078121797068957,7.5721154110683,4.576082429892875,350,-0.6947297599964068,-0.7052771707737966,-0.5020393671760823,-0.6947297599964068,-0.7052771707737966,-0.5020393671760823,50,7.5721154110683,4.576082429892875,350,4,350,0.0002,10,0.05,16.38231372833252,31.2265625,0.464600145816803,0.25114062428474426,0,0,0,0,0,0,1,2,16.38231325149536,31.2265625,50,1.9882623734019165,1.9834724271809683,2.0016947646993213,7,0.008330747362921245,False,completed,15.125940799713135,31.2265625,0.05,0.01,,,0.7978723404255319,150,1.9917041063308716,27.3457,9.325,9.325,2.0319530963897705,25.1072,9.32,9.32,1.538643479347229,2.2509,9.33,9.33,7.328010837819877,16.38231372833252,31.2265625,16.38231372833252,31.2265625,16.38231372833252,31.2265625,7.628971935109544,16.38231372833252,31.2265625,16.38231372833252,31.2265625,16.38231372833252,31.2265625,4.658266947777735,16.38231325149536,31.2265625,16.38231325149536,31.2265625,16.38231325149536,31.2265625,1.9827574566239492,1.9832170405425131,1.9892760309274309,0.004143320813253192,50,,,,,
llama3_8b_lora_l40_protocol_v3_phase1_r16_seed42__1776438275,llama3_8b_lora_l40_protocol_v3_phase1_r16_seed42,lora,train_and_eval,protocol_v3,logging_v2,meta-llama/Meta-Llama-3-8B,False,False,42,16,32,350,8,1024,7.96124154702041,7.266511787024003,7.266511787024003,1085.6701,0.322,completed,outputs/experiments/protocol_v3/llama3_8b_lora_l40_protocol_v3_phase1_r16_seed42/reports/comparison_row.json,outputs/experiments/protocol_v3/llama3_8b_lora_l40_protocol_v3_phase1_r16_seed42/reports/metrics_history.jsonl,160,0.851063829787234,train_log,2026-04-17T15:23:35.256373+00:00,1.9178,16.196958541870117,16.46484375,8.277392581842097,5.078121797068957,7.5721154110683,4.576082429892875,350,-0.6947297599964068,-0.7052771707737966,-0.5020393671760823,-0.6947297599964068,-0.7052771707737966,-0.5020393671760823,50,7.5721154110683,4.576082429892875,350,4,350,0.0002,10,0.05,16.38231372833252,31.2265625,0.464600145816803,0.25114062428474426,0,0,0,0,0,0,1,2,16.38231325149536,31.2265625,50,1.9882623734019165,1.9834724271809683,2.0016947646993213,7,0.008330747362921245,False,completed,15.125940799713135,31.2265625,0.05,0.01,0.33038529753685,0.0001144578313253012,0.851063829787234,160,,,,,,,,,,,,,,,,,,,,,,,,,,,,,,,,,,,,,,,,,,,
llama3_8b_lora_l40_protocol_v3_phase1_r16_seed42__1776438275,llama3_8b_lora_l40_protocol_v3_phase1_r16_seed42,lora,train_and_eval,protocol_v3,logging_v2,meta-llama/Meta-Llama-3-8B,False,False,42,16,32,350,8,1024,7.96124154702041,7.266511787024003,7.266511787024003,1085.6701,0.322,completed,outputs/experiments/protocol_v3/llama3_8b_lora_l40_protocol_v3_phase1_r16_seed42/reports/comparison_row.json,outputs/experiments/protocol_v3/llama3_8b_lora_l40_protocol_v3_phase1_r16_seed42/reports/metrics_history.jsonl,170,0.9042553191489362,train_log,2026-04-17T15:23:35.256377+00:00,1.941,16.196958541870117,16.46484375,8.277392581842097,5.078121797068957,7.5721154110683,4.576082429892875,350,-0.6947297599964068,-0.7052771707737966,-0.5020393671760823,-0.6947297599964068,-0.7052771707737966,-0.5020393671760823,50,7.5721154110683,4.576082429892875,350,4,350,0.0002,10,0.05,16.38231372833252,31.2265625,0.464600145816803,0.25114062428474426,0,0,0,0,0,0,1,2,16.38231325149536,31.2265625,50,1.9882623734019165,1.9834724271809683,2.0016947646993213,7,0.008330747362921245,False,completed,15.125940799713135,31.2265625,0.05,0.01,0.3400707542896271,0.00010843373493975903,0.9042553191489362,170,,,,,,,,,,,,,,,,,,,,,,,,,,,,,,,,,,,,,,,,,,,
llama3_8b_lora_l40_protocol_v3_phase1_r16_seed42__1776438275,llama3_8b_lora_l40_protocol_v3_phase1_r16_seed42,lora,train_and_eval,protocol_v3,logging_v2,meta-llama/Meta-Llama-3-8B,False,False,42,16,32,350,8,1024,7.96124154702041,7.266511787024003,7.266511787024003,1085.6701,0.322,completed,outputs/experiments/protocol_v3/llama3_8b_lora_l40_protocol_v3_phase1_r16_seed42/reports/comparison_row.json,outputs/experiments/protocol_v3/llama3_8b_lora_l40_protocol_v3_phase1_r16_seed42/reports/metrics_history.jsonl,180,0.9574468085106383,train_log,2026-04-17T15:23:35.256380+00:00,1.9689,16.196958541870117,16.46484375,8.277392581842097,5.078121797068957,7.5721154110683,4.576082429892875,350,-0.6947297599964068,-0.7052771707737966,-0.5020393671760823,-0.6947297599964068,-0.7052771707737966,-0.5020393671760823,50,7.5721154110683,4.576082429892875,350,4,350,0.0002,10,0.05,16.38231372833252,31.2265625,0.464600145816803,0.25114062428474426,0,0,0,0,0,0,1,2,16.38231325149536,31.2265625,50,1.9882623734019165,1.9834724271809683,2.0016947646993213,7,0.008330747362921245,False,completed,15.125940799713135,31.2265625,0.05,0.01,0.3138144314289093,0.00010240963855421688,0.9574468085106383,180,,,,,,,,,,,,,,,,,,,,,,,,,,,,,,,,,,,,,,,,,,,
llama3_8b_lora_l40_protocol_v3_phase1_r16_seed42__1776438275,llama3_8b_lora_l40_protocol_v3_phase1_r16_seed42,lora,train_and_eval,protocol_v3,logging_v2,meta-llama/Meta-Llama-3-8B,False,False,42,16,32,350,8,1024,7.96124154702041,7.266511787024003,7.266511787024003,1085.6701,0.322,completed,outputs/experiments/protocol_v3/llama3_8b_lora_l40_protocol_v3_phase1_r16_seed42/reports/comparison_row.json,outputs/experiments/protocol_v3/llama3_8b_lora_l40_protocol_v3_phase1_r16_seed42/reports/metrics_history.jsonl,190,1.0106382978723405,train_log,2026-04-17T15:23:35.256384+00:00,1.932,16.196958541870117,16.46484375,8.277392581842097,5.078121797068957,7.5721154110683,4.576082429892875,350,-0.6947297599964068,-0.7052771707737966,-0.5020393671760823,-0.6947297599964068,-0.7052771707737966,-0.5020393671760823,50,7.5721154110683,4.576082429892875,350,4,350,0.0002,10,0.05,16.38231372833252,31.2265625,0.464600145816803,0.25114062428474426,0,0,0,0,0,0,1,2,16.38231325149536,31.2265625,50,1.9882623734019165,1.9834724271809683,2.0016947646993213,7,0.008330747362921245,False,completed,15.125940799713135,31.2265625,0.05,0.01,0.37362781167030334,9.638554216867471e-05,1.0106382978723405,190,,,,,,,,,,,,,,,,,,,,,,,,,,,,,,,,,,,,,,,,,,,
llama3_8b_lora_l40_protocol_v3_phase1_r16_seed42__1776438275,llama3_8b_lora_l40_protocol_v3_phase1_r16_seed42,lora,train_and_eval,protocol_v3,logging_v2,meta-llama/Meta-Llama-3-8B,False,False,42,16,32,350,8,1024,7.96124154702041,7.266511787024003,7.266511787024003,1085.6701,0.322,completed,outputs/experiments/protocol_v3/llama3_8b_lora_l40_protocol_v3_phase1_r16_seed42/reports/comparison_row.json,outputs/experiments/protocol_v3/llama3_8b_lora_l40_protocol_v3_phase1_r16_seed42/reports/metrics_history.jsonl,200,1.0638297872340425,train_log,2026-04-17T15:23:35.256388+00:00,1.8951,16.196958541870117,16.46484375,8.277392581842097,5.078121797068957,7.5721154110683,4.576082429892875,350,-0.6947297599964068,-0.7052771707737966,-0.5020393671760823,-0.6947297599964068,-0.7052771707737966,-0.5020393671760823,50,7.5721154110683,4.576082429892875,350,4,350,0.0002,10,0.05,16.38231372833252,31.2265625,0.464600145816803,0.25114062428474426,0,0,0,0,0,0,1,2,16.38231325149536,31.2265625,50,1.9882623734019165,1.9834724271809683,2.0016947646993213,7,0.008330747362921245,False,completed,15.125940799713135,31.2265625,0.05,0.01,0.3098674416542053,9.036144578313253e-05,1.0638297872340425,200,,,,,,,,,,,,,,,,,,,,,,,,,,,,,,,,,,,,,,,,,,,
llama3_8b_lora_l40_protocol_v3_phase1_r16_seed42__1776438275,llama3_8b_lora_l40_protocol_v3_phase1_r16_seed42,lora,train_and_eval,protocol_v3,logging_v2,meta-llama/Meta-Llama-3-8B,False,False,42,16,32,350,8,1024,7.96124154702041,7.266511787024003,7.266511787024003,1085.6701,0.322,completed,outputs/experiments/protocol_v3/llama3_8b_lora_l40_protocol_v3_phase1_r16_seed42/reports/comparison_row.json,outputs/experiments/protocol_v3/llama3_8b_lora_l40_protocol_v3_phase1_r16_seed42/reports/metrics_history.jsonl,200,1.0638297872340425,eval,2026-04-17T15:23:35.256392+00:00,,16.196958541870117,16.46484375,8.277392581842097,5.078121797068957,7.5721154110683,4.576082429892875,350,-0.6947297599964068,-0.7052771707737966,-0.5020393671760823,-0.6947297599964068,-0.7052771707737966,-0.5020393671760823,50,7.5721154110683,4.576082429892875,350,4,350,0.0002,10,0.05,16.38231372833252,31.2265625,0.464600145816803,0.25114062428474426,0,0,0,0,0,0,1,2,16.38231325149536,31.2265625,50,1.9882623734019165,1.9834724271809683,2.0016947646993213,7,0.008330747362921245,False,completed,15.125940799713135,31.2265625,0.05,0.01,,,1.0638297872340425,200,1.9884922504425049,27.3426,9.326,9.326,,,,,,,,,,,,,,,,,,,,,,,,,,,,,,,,,,,,,,,
llama3_8b_lora_l40_protocol_v3_phase1_r16_seed42__1776438275,llama3_8b_lora_l40_protocol_v3_phase1_r16_seed42,lora,train_and_eval,protocol_v3,logging_v2,meta-llama/Meta-Llama-3-8B,False,False,42,16,32,350,8,1024,7.96124154702041,7.266511787024003,7.266511787024003,1085.6701,0.322,completed,outputs/experiments/protocol_v3/llama3_8b_lora_l40_protocol_v3_phase1_r16_seed42/reports/comparison_row.json,outputs/experiments/protocol_v3/llama3_8b_lora_l40_protocol_v3_phase1_r16_seed42/reports/metrics_history.jsonl,200,1.0638297872340425,eval,2026-04-17T15:23:35.256396+00:00,,16.196958541870117,16.46484375,8.277392581842097,5.078121797068957,7.5721154110683,4.576082429892875,350,-0.6947297599964068,-0.7052771707737966,-0.5020393671760823,-0.6947297599964068,-0.7052771707737966,-0.5020393671760823,50,7.5721154110683,4.576082429892875,350,4,350,0.0002,10,0.05,16.38231372833252,31.2265625,0.464600145816803,0.25114062428474426,0,0,0,0,0,0,1,2,16.38231325149536,31.2265625,50,1.9882623734019165,1.9834724271809683,2.0016947646993213,7,0.008330747362921245,False,completed,15.125940799713135,31.2265625,0.05,0.01,,,1.0638297872340425,200,,,,,2.0294041633605957,25.1137,9.318,9.318,,,,,,,,,,,,,,,,,,,,,,,,,,,,,,,,,,,
llama3_8b_lora_l40_protocol_v3_phase1_r16_seed42__1776438275,llama3_8b_lora_l40_protocol_v3_phase1_r16_seed42,lora,train_and_eval,protocol_v3,logging_v2,meta-llama/Meta-Llama-3-8B,False,False,42,16,32,350,8,1024,7.96124154702041,7.266511787024003,7.266511787024003,1085.6701,0.322,completed,outputs/experiments/protocol_v3/llama3_8b_lora_l40_protocol_v3_phase1_r16_seed42/reports/comparison_row.json,outputs/experiments/protocol_v3/llama3_8b_lora_l40_protocol_v3_phase1_r16_seed42/reports/metrics_history.jsonl,200,1.0638297872340425,eval,2026-04-17T15:23:35.256400+00:00,,16.196958541870117,16.46484375,8.277392581842097,5.078121797068957,7.5721154110683,4.576082429892875,350,-0.6947297599964068,-0.7052771707737966,-0.5020393671760823,-0.6947297599964068,-0.7052771707737966,-0.5020393671760823,50,7.5721154110683,4.576082429892875,350,4,350,0.0002,10,0.05,16.38231372833252,31.2265625,0.464600145816803,0.25114062428474426,0,0,0,0,0,0,1,2,16.38231325149536,31.2265625,50,1.9882623734019165,1.9834724271809683,2.0016947646993213,7,0.008330747362921245,False,completed,15.125940799713135,31.2265625,0.05,0.01,,,1.0638297872340425,200,,,,,,,,,1.528358817100525,2.2525,9.323,9.323,,,,,,,,,,,,,,,,,,,,,,,,,,,,,,,
llama3_8b_lora_l40_protocol_v3_phase1_r16_seed42__1776438275,llama3_8b_lora_l40_protocol_v3_phase1_r16_seed42,lora,train_and_eval,protocol_v3,logging_v2,meta-llama/Meta-Llama-3-8B,False,False,42,16,32,350,8,1024,7.96124154702041,7.266511787024003,7.266511787024003,1085.6701,0.322,completed,outputs/experiments/protocol_v3/llama3_8b_lora_l40_protocol_v3_phase1_r16_seed42/reports/comparison_row.json,outputs/experiments/protocol_v3/llama3_8b_lora_l40_protocol_v3_phase1_r16_seed42/reports/metrics_history.jsonl,200,1.0638297872340425,eval,2026-04-17T15:23:35.256408+00:00,,16.196958541870117,16.46484375,8.277392581842097,5.078121797068957,7.5721154110683,4.576082429892875,350,-0.6947297599964068,-0.7052771707737966,-0.5020393671760823,-0.6947297599964068,-0.7052771707737966,-0.5020393671760823,50,7.5721154110683,4.576082429892875,350,4,350,0.0002,10,0.05,16.38231372833252,31.2265625,0.464600145816803,0.25114062428474426,0,0,0,0,0,0,1,2,16.38231325149536,31.2265625,50,1.9882623734019165,1.9834724271809683,2.0016947646993213,7,0.008330747362921245,False,completed,15.125940799713135,31.2265625,0.05,0.01,,,1.0638297872340425,200,1.9884922504425049,27.3426,9.326,9.326,2.0294041633605957,25.1137,9.318,9.318,1.528358817100525,2.2525,9.323,9.323,7.304512080572458,16.38231372833252,31.2265625,16.38231372833252,31.2265625,16.38231372833252,31.2265625,7.609550958464847,16.38231372833252,31.2265625,16.38231372833252,31.2265625,16.38231372833252,31.2265625,4.610603765557705,16.38231325149536,31.2265625,16.38231325149536,31.2265625,16.38231325149536,31.2265625,1.9805835434235632,1.9806994530372322,1.9848926814156584,0.002943321898462793,50,,,,,
llama3_8b_lora_l40_protocol_v3_phase1_r16_seed42__1776438275,llama3_8b_lora_l40_protocol_v3_phase1_r16_seed42,lora,train_and_eval,protocol_v3,logging_v2,meta-llama/Meta-Llama-3-8B,False,False,42,16,32,350,8,1024,7.96124154702041,7.266511787024003,7.266511787024003,1085.6701,0.322,completed,outputs/experiments/protocol_v3/llama3_8b_lora_l40_protocol_v3_phase1_r16_seed42/reports/comparison_row.json,outputs/experiments/protocol_v3/llama3_8b_lora_l40_protocol_v3_phase1_r16_seed42/reports/metrics_history.jsonl,210,1.1170212765957448,train_log,2026-04-17T15:23:35.256415+00:00,1.8296,16.196958541870117,16.46484375,8.277392581842097,5.078121797068957,7.5721154110683,4.576082429892875,350,-0.6947297599964068,-0.7052771707737966,-0.5020393671760823,-0.6947297599964068,-0.7052771707737966,-0.5020393671760823,50,7.5721154110683,4.576082429892875,350,4,350,0.0002,10,0.05,16.38231372833252,31.2265625,0.464600145816803,0.25114062428474426,0,0,0,0,0,0,1,2,16.38231325149536,31.2265625,50,1.9882623734019165,1.9834724271809683,2.0016947646993213,7,0.008330747362921245,False,completed,15.125940799713135,31.2265625,0.05,0.01,0.424031525850296,8.433734939759037e-05,1.1170212765957448,210,,,,,,,,,,,,,,,,,,,,,,,,,,,,,,,,,,,,,,,,,,,
llama3_8b_lora_l40_protocol_v3_phase1_r16_seed42__1776438275,llama3_8b_lora_l40_protocol_v3_phase1_r16_seed42,lora,train_and_eval,protocol_v3,logging_v2,meta-llama/Meta-Llama-3-8B,False,False,42,16,32,350,8,1024,7.96124154702041,7.266511787024003,7.266511787024003,1085.6701,0.322,completed,outputs/experiments/protocol_v3/llama3_8b_lora_l40_protocol_v3_phase1_r16_seed42/reports/comparison_row.json,outputs/experiments/protocol_v3/llama3_8b_lora_l40_protocol_v3_phase1_r16_seed42/reports/metrics_history.jsonl,220,1.1702127659574468,train_log,2026-04-17T15:23:35.256419+00:00,1.9566,16.196958541870117,16.46484375,8.277392581842097,5.078121797068957,7.5721154110683,4.576082429892875,350,-0.6947297599964068,-0.7052771707737966,-0.5020393671760823,-0.6947297599964068,-0.7052771707737966,-0.5020393671760823,50,7.5721154110683,4.576082429892875,350,4,350,0.0002,10,0.05,16.38231372833252,31.2265625,0.464600145816803,0.25114062428474426,0,0,0,0,0,0,1,2,16.38231325149536,31.2265625,50,1.9882623734019165,1.9834724271809683,2.0016947646993213,7,0.008330747362921245,False,completed,15.125940799713135,31.2265625,0.05,0.01,0.34660667181015015,7.83132530120482e-05,1.1702127659574468,220,,,,,,,,,,,,,,,,,,,,,,,,,,,,,,,,,,,,,,,,,,,
llama3_8b_lora_l40_protocol_v3_phase1_r16_seed42__1776438275,llama3_8b_lora_l40_protocol_v3_phase1_r16_seed42,lora,train_and_eval,protocol_v3,logging_v2,meta-llama/Meta-Llama-3-8B,False,False,42,16,32,350,8,1024,7.96124154702041,7.266511787024003,7.266511787024003,1085.6701,0.322,completed,outputs/experiments/protocol_v3/llama3_8b_lora_l40_protocol_v3_phase1_r16_seed42/reports/comparison_row.json,outputs/experiments/protocol_v3/llama3_8b_lora_l40_protocol_v3_phase1_r16_seed42/reports/metrics_history.jsonl,230,1.2234042553191489,train_log,2026-04-17T15:23:35.256423+00:00,1.8437,16.196958541870117,16.46484375,8.277392581842097,5.078121797068957,7.5721154110683,4.576082429892875,350,-0.6947297599964068,-0.7052771707737966,-0.5020393671760823,-0.6947297599964068,-0.7052771707737966,-0.5020393671760823,50,7.5721154110683,4.576082429892875,350,4,350,0.0002,10,0.05,16.38231372833252,31.2265625,0.464600145816803,0.25114062428474426,0,0,0,0,0,0,1,2,16.38231325149536,31.2265625,50,1.9882623734019165,1.9834724271809683,2.0016947646993213,7,0.008330747362921245,False,completed,15.125940799713135,31.2265625,0.05,0.01,0.3953756093978882,7.228915662650602e-05,1.2234042553191489,230,,,,,,,,,,,,,,,,,,,,,,,,,,,,,,,,,,,,,,,,,,,
llama3_8b_lora_l40_protocol_v3_phase1_r16_seed42__1776438275,llama3_8b_lora_l40_protocol_v3_phase1_r16_seed42,lora,train_and_eval,protocol_v3,logging_v2,meta-llama/Meta-Llama-3-8B,False,False,42,16,32,350,8,1024,7.96124154702041,7.266511787024003,7.266511787024003,1085.6701,0.322,completed,outputs/experiments/protocol_v3/llama3_8b_lora_l40_protocol_v3_phase1_r16_seed42/reports/comparison_row.json,outputs/experiments/protocol_v3/llama3_8b_lora_l40_protocol_v3_phase1_r16_seed42/reports/metrics_history.jsonl,240,1.2765957446808511,train_log,2026-04-17T15:23:35.256427+00:00,1.8924,16.196958541870117,16.46484375,8.277392581842097,5.078121797068957,7.5721154110683,4.576082429892875,350,-0.6947297599964068,-0.7052771707737966,-0.5020393671760823,-0.6947297599964068,-0.7052771707737966,-0.5020393671760823,50,7.5721154110683,4.576082429892875,350,4,350,0.0002,10,0.05,16.38231372833252,31.2265625,0.464600145816803,0.25114062428474426,0,0,0,0,0,0,1,2,16.38231325149536,31.2265625,50,1.9882623734019165,1.9834724271809683,2.0016947646993213,7,0.008330747362921245,False,completed,15.125940799713135,31.2265625,0.05,0.01,0.3661237359046936,6.626506024096386e-05,1.2765957446808511,240,,,,,,,,,,,,,,,,,,,,,,,,,,,,,,,,,,,,,,,,,,,
llama3_8b_lora_l40_protocol_v3_phase1_r16_seed42__1776438275,llama3_8b_lora_l40_protocol_v3_phase1_r16_seed42,lora,train_and_eval,protocol_v3,logging_v2,meta-llama/Meta-Llama-3-8B,False,False,42,16,32,350,8,1024,7.96124154702041,7.266511787024003,7.266511787024003,1085.6701,0.322,completed,outputs/experiments/protocol_v3/llama3_8b_lora_l40_protocol_v3_phase1_r16_seed42/reports/comparison_row.json,outputs/experiments/protocol_v3/llama3_8b_lora_l40_protocol_v3_phase1_r16_seed42/reports/metrics_history.jsonl,250,1.3297872340425532,train_log,2026-04-17T15:23:35.256430+00:00,1.8719,16.196958541870117,16.46484375,8.277392581842097,5.078121797068957,7.5721154110683,4.576082429892875,350,-0.6947297599964068,-0.7052771707737966,-0.5020393671760823,-0.6947297599964068,-0.7052771707737966,-0.5020393671760823,50,7.5721154110683,4.576082429892875,350,4,350,0.0002,10,0.05,16.38231372833252,31.2265625,0.464600145816803,0.25114062428474426,0,0,0,0,0,0,1,2,16.38231325149536,31.2265625,50,1.9882623734019165,1.9834724271809683,2.0016947646993213,7,0.008330747362921245,False,completed,15.125940799713135,31.2265625,0.05,0.01,0.38059186935424805,6.02409638554217e-05,1.3297872340425532,250,,,,,,,,,,,,,,,,,,,,,,,,,,,,,,,,,,,,,,,,,,,
llama3_8b_lora_l40_protocol_v3_phase1_r16_seed42__1776438275,llama3_8b_lora_l40_protocol_v3_phase1_r16_seed42,lora,train_and_eval,protocol_v3,logging_v2,meta-llama/Meta-Llama-3-8B,False,False,42,16,32,350,8,1024,7.96124154702041,7.266511787024003,7.266511787024003,1085.6701,0.322,completed,outputs/experiments/protocol_v3/llama3_8b_lora_l40_protocol_v3_phase1_r16_seed42/reports/comparison_row.json,outputs/experiments/protocol_v3/llama3_8b_lora_l40_protocol_v3_phase1_r16_seed42/reports/metrics_history.jsonl,250,1.3297872340425532,eval,2026-04-17T15:23:35.256434+00:00,,16.196958541870117,16.46484375,8.277392581842097,5.078121797068957,7.5721154110683,4.576082429892875,350,-0.6947297599964068,-0.7052771707737966,-0.5020393671760823,-0.6947297599964068,-0.7052771707737966,-0.5020393671760823,50,7.5721154110683,4.576082429892875,350,4,350,0.0002,10,0.05,16.38231372833252,31.2265625,0.464600145816803,0.25114062428474426,0,0,0,0,0,0,1,2,16.38231325149536,31.2265625,50,1.9882623734019165,1.9834724271809683,2.0016947646993213,7,0.008330747362921245,False,completed,15.125940799713135,31.2265625,0.05,0.01,,,1.3297872340425532,250,1.9862045049667358,27.6505,9.222,9.222,,,,,,,,,,,,,,,,,,,,,,,,,,,,,,,,,,,,,,,
llama3_8b_lora_l40_protocol_v3_phase1_r16_seed42__1776438275,llama3_8b_lora_l40_protocol_v3_phase1_r16_seed42,lora,train_and_eval,protocol_v3,logging_v2,meta-llama/Meta-Llama-3-8B,False,False,42,16,32,350,8,1024,7.96124154702041,7.266511787024003,7.266511787024003,1085.6701,0.322,completed,outputs/experiments/protocol_v3/llama3_8b_lora_l40_protocol_v3_phase1_r16_seed42/reports/comparison_row.json,outputs/experiments/protocol_v3/llama3_8b_lora_l40_protocol_v3_phase1_r16_seed42/reports/metrics_history.jsonl,250,1.3297872340425532,eval,2026-04-17T15:23:35.256438+00:00,,16.196958541870117,16.46484375,8.277392581842097,5.078121797068957,7.5721154110683,4.576082429892875,350,-0.6947297599964068,-0.7052771707737966,-0.5020393671760823,-0.6947297599964068,-0.7052771707737966,-0.5020393671760823,50,7.5721154110683,4.576082429892875,350,4,350,0.0002,10,0.05,16.38231372833252,31.2265625,0.464600145816803,0.25114062428474426,0,0,0,0,0,0,1,2,16.38231325149536,31.2265625,50,1.9882623734019165,1.9834724271809683,2.0016947646993213,7,0.008330747362921245,False,completed,15.125940799713135,31.2265625,0.05,0.01,,,1.3297872340425532,250,,,,,2.0271732807159424,25.3742,9.222,9.222,,,,,,,,,,,,,,,,,,,,,,,,,,,,,,,,,,,
llama3_8b_lora_l40_protocol_v3_phase1_r16_seed42__1776438275,llama3_8b_lora_l40_protocol_v3_phase1_r16_seed42,lora,train_and_eval,protocol_v3,logging_v2,meta-llama/Meta-Llama-3-8B,False,False,42,16,32,350,8,1024,7.96124154702041,7.266511787024003,7.266511787024003,1085.6701,0.322,completed,outputs/experiments/protocol_v3/llama3_8b_lora_l40_protocol_v3_phase1_r16_seed42/reports/comparison_row.json,outputs/experiments/protocol_v3/llama3_8b_lora_l40_protocol_v3_phase1_r16_seed42/reports/metrics_history.jsonl,250,1.3297872340425532,eval,2026-04-17T15:23:35.256442+00:00,,16.196958541870117,16.46484375,8.277392581842097,5.078121797068957,7.5721154110683,4.576082429892875,350,-0.6947297599964068,-0.7052771707737966,-0.5020393671760823,-0.6947297599964068,-0.7052771707737966,-0.5020393671760823,50,7.5721154110683,4.576082429892875,350,4,350,0.0002,10,0.05,16.38231372833252,31.2265625,0.464600145816803,0.25114062428474426,0,0,0,0,0,0,1,2,16.38231325149536,31.2265625,50,1.9882623734019165,1.9834724271809683,2.0016947646993213,7,0.008330747362921245,False,completed,15.125940799713135,31.2265625,0.05,0.01,,,1.3297872340425532,250,,,,,,,,,1.5260851383209229,2.2818,9.203,9.203,,,,,,,,,,,,,,,,,,,,,,,,,,,,,,,
llama3_8b_lora_l40_protocol_v3_phase1_r16_seed42__1776438275,llama3_8b_lora_l40_protocol_v3_phase1_r16_seed42,lora,train_and_eval,protocol_v3,logging_v2,meta-llama/Meta-Llama-3-8B,False,False,42,16,32,350,8,1024,7.96124154702041,7.266511787024003,7.266511787024003,1085.6701,0.322,completed,outputs/experiments/protocol_v3/llama3_8b_lora_l40_protocol_v3_phase1_r16_seed42/reports/comparison_row.json,outputs/experiments/protocol_v3/llama3_8b_lora_l40_protocol_v3_phase1_r16_seed42/reports/metrics_history.jsonl,250,1.3297872340425532,eval,2026-04-17T15:23:35.256449+00:00,,16.196958541870117,16.46484375,8.277392581842097,5.078121797068957,7.5721154110683,4.576082429892875,350,-0.6947297599964068,-0.7052771707737966,-0.5020393671760823,-0.6947297599964068,-0.7052771707737966,-0.5020393671760823,50,7.5721154110683,4.576082429892875,350,4,350,0.0002,10,0.05,16.38231372833252,31.2265625,0.464600145816803,0.25114062428474426,0,0,0,0,0,0,1,2,16.38231325149536,31.2265625,50,1.9882623734019165,1.9834724271809683,2.0016947646993213,7,0.008330747362921245,False,completed,15.125940799713135,31.2265625,0.05,0.01,,,1.3297872340425532,250,1.9862045049667358,27.6505,9.222,9.222,2.0271732807159424,25.3742,9.222,9.222,1.5260851383209229,2.2818,9.203,9.203,7.28782031664122,16.38231372833252,31.2265625,16.38231372833252,31.2265625,16.38231372833252,31.2265625,7.592593864973513,16.38231372833252,31.2265625,16.38231372833252,31.2265625,16.38231372833252,31.2265625,4.600132642111365,16.38231325149536,31.2265625,16.38231325149536,31.2265625,16.38231325149536,31.2265625,1.9966050259536132,1.996226669405587,2.0022797959973104,0.0035370148552444874,50,,,,,
llama3_8b_lora_l40_protocol_v3_phase1_r16_seed42__1776438275,llama3_8b_lora_l40_protocol_v3_phase1_r16_seed42,lora,train_and_eval,protocol_v3,logging_v2,meta-llama/Meta-Llama-3-8B,False,False,42,16,32,350,8,1024,7.96124154702041,7.266511787024003,7.266511787024003,1085.6701,0.322,completed,outputs/experiments/protocol_v3/llama3_8b_lora_l40_protocol_v3_phase1_r16_seed42/reports/comparison_row.json,outputs/experiments/protocol_v3/llama3_8b_lora_l40_protocol_v3_phase1_r16_seed42/reports/metrics_history.jsonl,260,1.3829787234042552,train_log,2026-04-17T15:23:35.256455+00:00,1.858,16.196958541870117,16.46484375,8.277392581842097,5.078121797068957,7.5721154110683,4.576082429892875,350,-0.6947297599964068,-0.7052771707737966,-0.5020393671760823,-0.6947297599964068,-0.7052771707737966,-0.5020393671760823,50,7.5721154110683,4.576082429892875,350,4,350,0.0002,10,0.05,16.38231372833252,31.2265625,0.464600145816803,0.25114062428474426,0,0,0,0,0,0,1,2,16.38231325149536,31.2265625,50,1.9882623734019165,1.9834724271809683,2.0016947646993213,7,0.008330747362921245,False,completed,15.125940799713135,31.2265625,0.05,0.01,0.3664376735687256,5.4216867469879516e-05,1.3829787234042552,260,,,,,,,,,,,,,,,,,,,,,,,,,,,,,,,,,,,,,,,,,,,
llama3_8b_lora_l40_protocol_v3_phase1_r16_seed42__1776438275,llama3_8b_lora_l40_protocol_v3_phase1_r16_seed42,lora,train_and_eval,protocol_v3,logging_v2,meta-llama/Meta-Llama-3-8B,False,False,42,16,32,350,8,1024,7.96124154702041,7.266511787024003,7.266511787024003,1085.6701,0.322,completed,outputs/experiments/protocol_v3/llama3_8b_lora_l40_protocol_v3_phase1_r16_seed42/reports/comparison_row.json,outputs/experiments/protocol_v3/llama3_8b_lora_l40_protocol_v3_phase1_r16_seed42/reports/metrics_history.jsonl,270,1.4361702127659575,train_log,2026-04-17T15:23:35.256460+00:00,1.8653,16.196958541870117,16.46484375,8.277392581842097,5.078121797068957,7.5721154110683,4.576082429892875,350,-0.6947297599964068,-0.7052771707737966,-0.5020393671760823,-0.6947297599964068,-0.7052771707737966,-0.5020393671760823,50,7.5721154110683,4.576082429892875,350,4,350,0.0002,10,0.05,16.38231372833252,31.2265625,0.464600145816803,0.25114062428474426,0,0,0,0,0,0,1,2,16.38231325149536,31.2265625,50,1.9882623734019165,1.9834724271809683,2.0016947646993213,7,0.008330747362921245,False,completed,15.125940799713135,31.2265625,0.05,0.01,0.41378501057624817,4.8192771084337354e-05,1.4361702127659575,270,,,,,,,,,,,,,,,,,,,,,,,,,,,,,,,,,,,,,,,,,,,
llama3_8b_lora_l40_protocol_v3_phase1_r16_seed42__1776438275,llama3_8b_lora_l40_protocol_v3_phase1_r16_seed42,lora,train_and_eval,protocol_v3,logging_v2,meta-llama/Meta-Llama-3-8B,False,False,42,16,32,350,8,1024,7.96124154702041,7.266511787024003,7.266511787024003,1085.6701,0.322,completed,outputs/experiments/protocol_v3/llama3_8b_lora_l40_protocol_v3_phase1_r16_seed42/reports/comparison_row.json,outputs/experiments/protocol_v3/llama3_8b_lora_l40_protocol_v3_phase1_r16_seed42/reports/metrics_history.jsonl,280,1.4893617021276595,train_log,2026-04-17T15:23:35.256464+00:00,1.8168,16.196958541870117,16.46484375,8.277392581842097,5.078121797068957,7.5721154110683,4.576082429892875,350,-0.6947297599964068,-0.7052771707737966,-0.5020393671760823,-0.6947297599964068,-0.7052771707737966,-0.5020393671760823,50,7.5721154110683,4.576082429892875,350,4,350,0.0002,10,0.05,16.38231372833252,31.2265625,0.464600145816803,0.25114062428474426,0,0,0,0,0,0,1,2,16.38231325149536,31.2265625,50,1.9882623734019165,1.9834724271809683,2.0016947646993213,7,0.008330747362921245,False,completed,15.125940799713135,31.2265625,0.05,0.01,0.464600145816803,4.2168674698795186e-05,1.4893617021276595,280,,,,,,,,,,,,,,,,,,,,,,,,,,,,,,,,,,,,,,,,,,,
llama3_8b_lora_l40_protocol_v3_phase1_r16_seed42__1776438275,llama3_8b_lora_l40_protocol_v3_phase1_r16_seed42,lora,train_and_eval,protocol_v3,logging_v2,meta-llama/Meta-Llama-3-8B,False,False,42,16,32,350,8,1024,7.96124154702041,7.266511787024003,7.266511787024003,1085.6701,0.322,completed,outputs/experiments/protocol_v3/llama3_8b_lora_l40_protocol_v3_phase1_r16_seed42/reports/comparison_row.json,outputs/experiments/protocol_v3/llama3_8b_lora_l40_protocol_v3_phase1_r16_seed42/reports/metrics_history.jsonl,290,1.5425531914893615,train_log,2026-04-17T15:23:35.256467+00:00,1.8374,16.196958541870117,16.46484375,8.277392581842097,5.078121797068957,7.5721154110683,4.576082429892875,350,-0.6947297599964068,-0.7052771707737966,-0.5020393671760823,-0.6947297599964068,-0.7052771707737966,-0.5020393671760823,50,7.5721154110683,4.576082429892875,350,4,350,0.0002,10,0.05,16.38231372833252,31.2265625,0.464600145816803,0.25114062428474426,0,0,0,0,0,0,1,2,16.38231325149536,31.2265625,50,1.9882623734019165,1.9834724271809683,2.0016947646993213,7,0.008330747362921245,False,completed,15.125940799713135,31.2265625,0.05,0.01,0.4099602699279785,3.614457831325301e-05,1.5425531914893615,290,,,,,,,,,,,,,,,,,,,,,,,,,,,,,,,,,,,,,,,,,,,
llama3_8b_lora_l40_protocol_v3_phase1_r16_seed42__1776438275,llama3_8b_lora_l40_protocol_v3_phase1_r16_seed42,lora,train_and_eval,protocol_v3,logging_v2,meta-llama/Meta-Llama-3-8B,False,False,42,16,32,350,8,1024,7.96124154702041,7.266511787024003,7.266511787024003,1085.6701,0.322,completed,outputs/experiments/protocol_v3/llama3_8b_lora_l40_protocol_v3_phase1_r16_seed42/reports/comparison_row.json,outputs/experiments/protocol_v3/llama3_8b_lora_l40_protocol_v3_phase1_r16_seed42/reports/metrics_history.jsonl,300,1.5957446808510638,train_log,2026-04-17T15:23:35.256471+00:00,1.858,16.196958541870117,16.46484375,8.277392581842097,5.078121797068957,7.5721154110683,4.576082429892875,350,-0.6947297599964068,-0.7052771707737966,-0.5020393671760823,-0.6947297599964068,-0.7052771707737966,-0.5020393671760823,50,7.5721154110683,4.576082429892875,350,4,350,0.0002,10,0.05,16.38231372833252,31.2265625,0.464600145816803,0.25114062428474426,0,0,0,0,0,0,1,2,16.38231325149536,31.2265625,50,1.9882623734019165,1.9834724271809683,2.0016947646993213,7,0.008330747362921245,False,completed,15.125940799713135,31.2265625,0.05,0.01,0.39008381962776184,3.012048192771085e-05,1.5957446808510638,300,,,,,,,,,,,,,,,,,,,,,,,,,,,,,,,,,,,,,,,,,,,
llama3_8b_lora_l40_protocol_v3_phase1_r16_seed42__1776438275,llama3_8b_lora_l40_protocol_v3_phase1_r16_seed42,lora,train_and_eval,protocol_v3,logging_v2,meta-llama/Meta-Llama-3-8B,False,False,42,16,32,350,8,1024,7.96124154702041,7.266511787024003,7.266511787024003,1085.6701,0.322,completed,outputs/experiments/protocol_v3/llama3_8b_lora_l40_protocol_v3_phase1_r16_seed42/reports/comparison_row.json,outputs/experiments/protocol_v3/llama3_8b_lora_l40_protocol_v3_phase1_r16_seed42/reports/metrics_history.jsonl,300,1.5957446808510638,eval,2026-04-17T15:23:35.256475+00:00,,16.196958541870117,16.46484375,8.277392581842097,5.078121797068957,7.5721154110683,4.576082429892875,350,-0.6947297599964068,-0.7052771707737966,-0.5020393671760823,-0.6947297599964068,-0.7052771707737966,-0.5020393671760823,50,7.5721154110683,4.576082429892875,350,4,350,0.0002,10,0.05,16.38231372833252,31.2265625,0.464600145816803,0.25114062428474426,0,0,0,0,0,0,1,2,16.38231325149536,31.2265625,50,1.9882623734019165,1.9834724271809683,2.0016947646993213,7,0.008330747362921245,False,completed,15.125940799713135,31.2265625,0.05,0.01,,,1.5957446808510638,300,1.984761118888855,27.345,9.325,9.325,,,,,,,,,,,,,,,,,,,,,,,,,,,,,,,,,,,,,,,
llama3_8b_lora_l40_protocol_v3_phase1_r16_seed42__1776438275,llama3_8b_lora_l40_protocol_v3_phase1_r16_seed42,lora,train_and_eval,protocol_v3,logging_v2,meta-llama/Meta-Llama-3-8B,False,False,42,16,32,350,8,1024,7.96124154702041,7.266511787024003,7.266511787024003,1085.6701,0.322,completed,outputs/experiments/protocol_v3/llama3_8b_lora_l40_protocol_v3_phase1_r16_seed42/reports/comparison_row.json,outputs/experiments/protocol_v3/llama3_8b_lora_l40_protocol_v3_phase1_r16_seed42/reports/metrics_history.jsonl,300,1.5957446808510638,eval,2026-04-17T15:23:35.256480+00:00,,16.196958541870117,16.46484375,8.277392581842097,5.078121797068957,7.5721154110683,4.576082429892875,350,-0.6947297599964068,-0.7052771707737966,-0.5020393671760823,-0.6947297599964068,-0.7052771707737966,-0.5020393671760823,50,7.5721154110683,4.576082429892875,350,4,350,0.0002,10,0.05,16.38231372833252,31.2265625,0.464600145816803,0.25114062428474426,0,0,0,0,0,0,1,2,16.38231325149536,31.2265625,50,1.9882623734019165,1.9834724271809683,2.0016947646993213,7,0.008330747362921245,False,completed,15.125940799713135,31.2265625,0.05,0.01,,,1.5957446808510638,300,,,,,2.0258848667144775,25.1162,9.317,9.317,,,,,,,,,,,,,,,,,,,,,,,,,,,,,,,,,,,
llama3_8b_lora_l40_protocol_v3_phase1_r16_seed42__1776438275,llama3_8b_lora_l40_protocol_v3_phase1_r16_seed42,lora,train_and_eval,protocol_v3,logging_v2,meta-llama/Meta-Llama-3-8B,False,False,42,16,32,350,8,1024,7.96124154702041,7.266511787024003,7.266511787024003,1085.6701,0.322,completed,outputs/experiments/protocol_v3/llama3_8b_lora_l40_protocol_v3_phase1_r16_seed42/reports/comparison_row.json,outputs/experiments/protocol_v3/llama3_8b_lora_l40_protocol_v3_phase1_r16_seed42/reports/metrics_history.jsonl,300,1.5957446808510638,eval,2026-04-17T15:23:35.256484+00:00,,16.196958541870117,16.46484375,8.277392581842097,5.078121797068957,7.5721154110683,4.576082429892875,350,-0.6947297599964068,-0.7052771707737966,-0.5020393671760823,-0.6947297599964068,-0.7052771707737966,-0.5020393671760823,50,7.5721154110683,4.576082429892875,350,4,350,0.0002,10,0.05,16.38231372833252,31.2265625,0.464600145816803,0.25114062428474426,0,0,0,0,0,0,1,2,16.38231325149536,31.2265625,50,1.9882623734019165,1.9834724271809683,2.0016947646993213,7,0.008330747362921245,False,completed,15.125940799713135,31.2265625,0.05,0.01,,,1.5957446808510638,300,,,,,,,,,1.5235763788223267,2.2561,9.308,9.308,,,,,,,,,,,,,,,,,,,,,,,,,,,,,,,
llama3_8b_lora_l40_protocol_v3_phase1_r16_seed42__1776438275,llama3_8b_lora_l40_protocol_v3_phase1_r16_seed42,lora,train_and_eval,protocol_v3,logging_v2,meta-llama/Meta-Llama-3-8B,False,False,42,16,32,350,8,1024,7.96124154702041,7.266511787024003,7.266511787024003,1085.6701,0.322,completed,outputs/experiments/protocol_v3/llama3_8b_lora_l40_protocol_v3_phase1_r16_seed42/reports/comparison_row.json,outputs/experiments/protocol_v3/llama3_8b_lora_l40_protocol_v3_phase1_r16_seed42/reports/metrics_history.jsonl,300,1.5957446808510638,eval,2026-04-17T15:23:35.256491+00:00,,16.196958541870117,16.46484375,8.277392581842097,5.078121797068957,7.5721154110683,4.576082429892875,350,-0.6947297599964068,-0.7052771707737966,-0.5020393671760823,-0.6947297599964068,-0.7052771707737966,-0.5020393671760823,50,7.5721154110683,4.576082429892875,350,4,350,0.0002,10,0.05,16.38231372833252,31.2265625,0.464600145816803,0.25114062428474426,0,0,0,0,0,0,1,2,16.38231325149536,31.2265625,50,1.9882623734019165,1.9834724271809683,2.0016947646993213,7,0.008330747362921245,False,completed,15.125940799713135,31.2265625,0.05,0.01,,,1.5957446808510638,300,1.984761118888855,27.345,9.325,9.325,2.0258848667144775,25.1162,9.317,9.317,1.5235763788223267,2.2561,9.308,9.308,7.277308766195816,16.38231372833252,31.2265625,16.38231372833252,31.2265625,16.38231372833252,31.2265625,7.5828177599181315,16.38231372833252,31.2265625,16.38231372833252,31.2265625,16.38231372833252,31.2265625,4.588606479880506,16.38231325149536,31.2265625,16.38231325149536,31.2265625,16.38231325149536,31.2265625,1.980671395282261,1.980643367045559,1.9846815266413613,0.0027558380885830953,50,,,,,
llama3_8b_lora_l40_protocol_v3_phase1_r16_seed42__1776438275,llama3_8b_lora_l40_protocol_v3_phase1_r16_seed42,lora,train_and_eval,protocol_v3,logging_v2,meta-llama/Meta-Llama-3-8B,False,False,42,16,32,350,8,1024,7.96124154702041,7.266511787024003,7.266511787024003,1085.6701,0.322,completed,outputs/experiments/protocol_v3/llama3_8b_lora_l40_protocol_v3_phase1_r16_seed42/reports/comparison_row.json,outputs/experiments/protocol_v3/llama3_8b_lora_l40_protocol_v3_phase1_r16_seed42/reports/metrics_history.jsonl,310,1.648936170212766,train_log,2026-04-17T15:23:35.256499+00:00,1.8253,16.196958541870117,16.46484375,8.277392581842097,5.078121797068957,7.5721154110683,4.576082429892875,350,-0.6947297599964068,-0.7052771707737966,-0.5020393671760823,-0.6947297599964068,-0.7052771707737966,-0.5020393671760823,50,7.5721154110683,4.576082429892875,350,4,350,0.0002,10,0.05,16.38231372833252,31.2265625,0.464600145816803,0.25114062428474426,0,0,0,0,0,0,1,2,16.38231325149536,31.2265625,50,1.9882623734019165,1.9834724271809683,2.0016947646993213,7,0.008330747362921245,False,completed,15.125940799713135,31.2265625,0.05,0.01,0.4298739433288574,2.4096385542168677e-05,1.648936170212766,310,,,,,,,,,,,,,,,,,,,,,,,,,,,,,,,,,,,,,,,,,,,
llama3_8b_lora_l40_protocol_v3_phase1_r16_seed42__1776438275,llama3_8b_lora_l40_protocol_v3_phase1_r16_seed42,lora,train_and_eval,protocol_v3,logging_v2,meta-llama/Meta-Llama-3-8B,False,False,42,16,32,350,8,1024,7.96124154702041,7.266511787024003,7.266511787024003,1085.6701,0.322,completed,outputs/experiments/protocol_v3/llama3_8b_lora_l40_protocol_v3_phase1_r16_seed42/reports/comparison_row.json,outputs/experiments/protocol_v3/llama3_8b_lora_l40_protocol_v3_phase1_r16_seed42/reports/metrics_history.jsonl,320,1.702127659574468,train_log,2026-04-17T15:23:35.256503+00:00,1.8585,16.196958541870117,16.46484375,8.277392581842097,5.078121797068957,7.5721154110683,4.576082429892875,350,-0.6947297599964068,-0.7052771707737966,-0.5020393671760823,-0.6947297599964068,-0.7052771707737966,-0.5020393671760823,50,7.5721154110683,4.576082429892875,350,4,350,0.0002,10,0.05,16.38231372833252,31.2265625,0.464600145816803,0.25114062428474426,0,0,0,0,0,0,1,2,16.38231325149536,31.2265625,50,1.9882623734019165,1.9834724271809683,2.0016947646993213,7,0.008330747362921245,False,completed,15.125940799713135,31.2265625,0.05,0.01,0.38119837641716003,1.8072289156626505e-05,1.702127659574468,320,,,,,,,,,,,,,,,,,,,,,,,,,,,,,,,,,,,,,,,,,,,
llama3_8b_lora_l40_protocol_v3_phase1_r16_seed42__1776438275,llama3_8b_lora_l40_protocol_v3_phase1_r16_seed42,lora,train_and_eval,protocol_v3,logging_v2,meta-llama/Meta-Llama-3-8B,False,False,42,16,32,350,8,1024,7.96124154702041,7.266511787024003,7.266511787024003,1085.6701,0.322,completed,outputs/experiments/protocol_v3/llama3_8b_lora_l40_protocol_v3_phase1_r16_seed42/reports/comparison_row.json,outputs/experiments/protocol_v3/llama3_8b_lora_l40_protocol_v3_phase1_r16_seed42/reports/metrics_history.jsonl,330,1.7553191489361701,train_log,2026-04-17T15:23:35.256507+00:00,1.8167,16.196958541870117,16.46484375,8.277392581842097,5.078121797068957,7.5721154110683,4.576082429892875,350,-0.6947297599964068,-0.7052771707737966,-0.5020393671760823,-0.6947297599964068,-0.7052771707737966,-0.5020393671760823,50,7.5721154110683,4.576082429892875,350,4,350,0.0002,10,0.05,16.38231372833252,31.2265625,0.464600145816803,0.25114062428474426,0,0,0,0,0,0,1,2,16.38231325149536,31.2265625,50,1.9882623734019165,1.9834724271809683,2.0016947646993213,7,0.008330747362921245,False,completed,15.125940799713135,31.2265625,0.05,0.01,0.4041512608528137,1.2048192771084338e-05,1.7553191489361701,330,,,,,,,,,,,,,,,,,,,,,,,,,,,,,,,,,,,,,,,,,,,
llama3_8b_lora_l40_protocol_v3_phase1_r16_seed42__1776438275,llama3_8b_lora_l40_protocol_v3_phase1_r16_seed42,lora,train_and_eval,protocol_v3,logging_v2,meta-llama/Meta-Llama-3-8B,False,False,42,16,32,350,8,1024,7.96124154702041,7.266511787024003,7.266511787024003,1085.6701,0.322,completed,outputs/experiments/protocol_v3/llama3_8b_lora_l40_protocol_v3_phase1_r16_seed42/reports/comparison_row.json,outputs/experiments/protocol_v3/llama3_8b_lora_l40_protocol_v3_phase1_r16_seed42/reports/metrics_history.jsonl,340,1.8085106382978724,train_log,2026-04-17T15:23:35.256510+00:00,1.9561,16.196958541870117,16.46484375,8.277392581842097,5.078121797068957,7.5721154110683,4.576082429892875,350,-0.6947297599964068,-0.7052771707737966,-0.5020393671760823,-0.6947297599964068,-0.7052771707737966,-0.5020393671760823,50,7.5721154110683,4.576082429892875,350,4,350,0.0002,10,0.05,16.38231372833252,31.2265625,0.464600145816803,0.25114062428474426,0,0,0,0,0,0,1,2,16.38231325149536,31.2265625,50,1.9882623734019165,1.9834724271809683,2.0016947646993213,7,0.008330747362921245,False,completed,15.125940799713135,31.2265625,0.05,0.01,0.44388461112976074,6.024096385542169e-06,1.8085106382978724,340,,,,,,,,,,,,,,,,,,,,,,,,,,,,,,,,,,,,,,,,,,,
llama3_8b_lora_l40_protocol_v3_phase1_r16_seed42__1776438275,llama3_8b_lora_l40_protocol_v3_phase1_r16_seed42,lora,train_and_eval,protocol_v3,logging_v2,meta-llama/Meta-Llama-3-8B,False,False,42,16,32,350,8,1024,7.96124154702041,7.266511787024003,7.266511787024003,1085.6701,0.322,completed,outputs/experiments/protocol_v3/llama3_8b_lora_l40_protocol_v3_phase1_r16_seed42/reports/comparison_row.json,outputs/experiments/protocol_v3/llama3_8b_lora_l40_protocol_v3_phase1_r16_seed42/reports/metrics_history.jsonl,350,1.8617021276595744,train_log,2026-04-17T15:23:35.256514+00:00,1.8721,16.196958541870117,16.46484375,8.277392581842097,5.078121797068957,7.5721154110683,4.576082429892875,350,-0.6947297599964068,-0.7052771707737966,-0.5020393671760823,-0.6947297599964068,-0.7052771707737966,-0.5020393671760823,50,7.5721154110683,4.576082429892875,350,4,350,0.0002,10,0.05,16.38231372833252,31.2265625,0.464600145816803,0.25114062428474426,0,0,0,0,0,0,1,2,16.38231325149536,31.2265625,50,1.9882623734019165,1.9834724271809683,2.0016947646993213,7,0.008330747362921245,False,completed,15.125940799713135,31.2265625,0.05,0.01,0.39368897676467896,0.0,1.8617021276595744,350,,,,,,,,,,,,,,,,,,,,,,,,,,,,,,,,,,,,,,,,,,,
llama3_8b_lora_l40_protocol_v3_phase1_r16_seed42__1776438275,llama3_8b_lora_l40_protocol_v3_phase1_r16_seed42,lora,train_and_eval,protocol_v3,logging_v2,meta-llama/Meta-Llama-3-8B,False,False,42,16,32,350,8,1024,7.96124154702041,7.266511787024003,7.266511787024003,1085.6701,0.322,completed,outputs/experiments/protocol_v3/llama3_8b_lora_l40_protocol_v3_phase1_r16_seed42/reports/comparison_row.json,outputs/experiments/protocol_v3/llama3_8b_lora_l40_protocol_v3_phase1_r16_seed42/reports/metrics_history.jsonl,350,1.8617021276595744,eval,2026-04-17T15:23:35.256517+00:00,,16.196958541870117,16.46484375,8.277392581842097,5.078121797068957,7.5721154110683,4.576082429892875,350,-0.6947297599964068,-0.7052771707737966,-0.5020393671760823,-0.6947297599964068,-0.7052771707737966,-0.5020393671760823,50,7.5721154110683,4.576082429892875,350,4,350,0.0002,10,0.05,16.38231372833252,31.2265625,0.464600145816803,0.25114062428474426,0,0,0,0,0,0,1,2,16.38231325149536,31.2265625,50,1.9882623734019165,1.9834724271809683,2.0016947646993213,7,0.008330747362921245,False,completed,15.125940799713135,31.2265625,0.05,0.01,,,1.8617021276595744,350,1.9832763671875,27.4043,9.305,9.305,,,,,,,,,,,,,,,,,,,,,,,,,,,,,,,,,,,,,,,
llama3_8b_lora_l40_protocol_v3_phase1_r16_seed42__1776438275,llama3_8b_lora_l40_protocol_v3_phase1_r16_seed42,lora,train_and_eval,protocol_v3,logging_v2,meta-llama/Meta-Llama-3-8B,False,False,42,16,32,350,8,1024,7.96124154702041,7.266511787024003,7.266511787024003,1085.6701,0.322,completed,outputs/experiments/protocol_v3/llama3_8b_lora_l40_protocol_v3_phase1_r16_seed42/reports/comparison_row.json,outputs/experiments/protocol_v3/llama3_8b_lora_l40_protocol_v3_phase1_r16_seed42/reports/metrics_history.jsonl,350,1.8617021276595744,eval,2026-04-17T15:23:35.256521+00:00,,16.196958541870117,16.46484375,8.277392581842097,5.078121797068957,7.5721154110683,4.576082429892875,350,-0.6947297599964068,-0.7052771707737966,-0.5020393671760823,-0.6947297599964068,-0.7052771707737966,-0.5020393671760823,50,7.5721154110683,4.576082429892875,350,4,350,0.0002,10,0.05,16.38231372833252,31.2265625,0.464600145816803,0.25114062428474426,0,0,0,0,0,0,1,2,16.38231325149536,31.2265625,50,1.9882623734019165,1.9834724271809683,2.0016947646993213,7,0.008330747362921245,False,completed,15.125940799713135,31.2265625,0.05,0.01,,,1.8617021276595744,350,,,,,2.02447247505188,25.1027,9.322,9.322,,,,,,,,,,,,,,,,,,,,,,,,,,,,,,,,,,,
llama3_8b_lora_l40_protocol_v3_phase1_r16_seed42__1776438275,llama3_8b_lora_l40_protocol_v3_phase1_r16_seed42,lora,train_and_eval,protocol_v3,logging_v2,meta-llama/Meta-Llama-3-8B,False,False,42,16,32,350,8,1024,7.96124154702041,7.266511787024003,7.266511787024003,1085.6701,0.322,completed,outputs/experiments/protocol_v3/llama3_8b_lora_l40_protocol_v3_phase1_r16_seed42/reports/comparison_row.json,outputs/experiments/protocol_v3/llama3_8b_lora_l40_protocol_v3_phase1_r16_seed42/reports/metrics_history.jsonl,350,1.8617021276595744,eval,2026-04-17T15:23:35.256525+00:00,,16.196958541870117,16.46484375,8.277392581842097,5.078121797068957,7.5721154110683,4.576082429892875,350,-0.6947297599964068,-0.7052771707737966,-0.5020393671760823,-0.6947297599964068,-0.7052771707737966,-0.5020393671760823,50,7.5721154110683,4.576082429892875,350,4,350,0.0002,10,0.05,16.38231372833252,31.2265625,0.464600145816803,0.25114062428474426,0,0,0,0,0,0,1,2,16.38231325149536,31.2265625,50,1.9882623734019165,1.9834724271809683,2.0016947646993213,7,0.008330747362921245,False,completed,15.125940799713135,31.2265625,0.05,0.01,,,1.8617021276595744,350,,,,,,,,,1.520843267440796,2.2522,9.324,9.324,,,,,,,,,,,,,,,,,,,,,,,,,,,,,,,
llama3_8b_lora_l40_protocol_v3_phase1_r16_seed42__1776438275,llama3_8b_lora_l40_protocol_v3_phase1_r16_seed42,lora,train_and_eval,protocol_v3,logging_v2,meta-llama/Meta-Llama-3-8B,False,False,42,16,32,350,8,1024,7.96124154702041,7.266511787024003,7.266511787024003,1085.6701,0.322,completed,outputs/experiments/protocol_v3/llama3_8b_lora_l40_protocol_v3_phase1_r16_seed42/reports/comparison_row.json,outputs/experiments/protocol_v3/llama3_8b_lora_l40_protocol_v3_phase1_r16_seed42/reports/metrics_history.jsonl,350,1.8617021276595744,eval,2026-04-17T15:23:35.256532+00:00,,16.196958541870117,16.46484375,8.277392581842097,5.078121797068957,7.5721154110683,4.576082429892875,350,-0.6947297599964068,-0.7052771707737966,-0.5020393671760823,-0.6947297599964068,-0.7052771707737966,-0.5020393671760823,50,7.5721154110683,4.576082429892875,350,4,350,0.0002,10,0.05,16.38231372833252,31.2265625,0.464600145816803,0.25114062428474426,0,0,0,0,0,0,1,2,16.38231325149536,31.2265625,50,1.9882623734019165,1.9834724271809683,2.0016947646993213,7,0.008330747362921245,False,completed,15.125940799713135,31.2265625,0.05,0.01,,,1.8617021276595744,350,1.9832763671875,27.4043,9.305,9.305,2.02447247505188,25.1027,9.322,9.322,1.520843267440796,2.2522,9.324,9.324,7.266511787024003,16.38231372833252,31.2265625,16.38231372833252,31.2265625,16.38231372833252,31.2265625,7.5721154110683,16.38231372833252,31.2265625,16.38231372833252,31.2265625,16.38231372833252,31.2265625,4.576082429892875,16.38231325149536,31.2265625,16.38231325149536,31.2265625,16.38231325149536,31.2265625,1.9834724271809683,1.9839701638557017,1.987871019379236,0.0031210971602822616,50,,,,,
llama3_8b_lora_l40_protocol_v3_phase1_r16_seed42__1776438275,llama3_8b_lora_l40_protocol_v3_phase1_r16_seed42,lora,train_and_eval,protocol_v3,logging_v2,meta-llama/Meta-Llama-3-8B,False,False,42,16,32,350,8,1024,7.96124154702041,7.266511787024003,7.266511787024003,1085.6701,0.322,completed,outputs/experiments/protocol_v3/llama3_8b_lora_l40_protocol_v3_phase1_r16_seed42/reports/comparison_row.json,outputs/experiments/protocol_v3/llama3_8b_lora_l40_protocol_v3_phase1_r16_seed42/reports/metrics_history.jsonl,350,1.8617021276595744,system,2026-04-17T15:23:35.256545+00:00,,16.196958541870117,16.46484375,8.277392581842097,5.078121797068957,7.5721154110683,4.576082429892875,350,-0.6947297599964068,-0.7052771707737966,-0.5020393671760823,-0.6947297599964068,-0.7052771707737966,-0.5020393671760823,50,7.5721154110683,4.576082429892875,350,4,350,0.0002,10,0.05,16.38231372833252,31.2265625,0.464600145816803,0.25114062428474426,0,0,0,0,0,0,1,2,16.38231325149536,31.2265625,50,1.9882623734019165,1.9834724271809683,2.0016947646993213,7,0.008330747362921245,False,completed,15.125940799713135,31.2265625,0.05,0.01,,,1.8617021276595744,350,,,,,,,,,,,,,,,,,,,,,,,,,,,,,,,,,,,,,,,1085.6701,2.579,0.322,1.29343225331712e+17,1.9164168984549386
llama3_8b_lora_l40_protocol_v3_phase1_r16_seed43__1776439424,llama3_8b_lora_l40_protocol_v3_phase1_r16_seed43,lora,train_and_eval,protocol_v3,logging_v2,meta-llama/Meta-Llama-3-8B,False,False,43,16,32,350,8,1024,7.96124154702041,7.269486182795859,7.269486182795859,1088.8724,0.321,completed,outputs/experiments/protocol_v3/llama3_8b_lora_l40_protocol_v3_phase1_r16_seed43/reports/comparison_row.json,outputs/experiments/protocol_v3/llama3_8b_lora_l40_protocol_v3_phase1_r16_seed43/reports/metrics_history.jsonl,10,0.05319148936170213,train_log,2026-04-17T15:42:46.230163+00:00,2.0434,16.196958541870117,16.46484375,8.277392581842097,5.078121797068957,7.574599956794987,4.577143027205859,350,-0.6917553642245506,-0.7027926250471097,-0.5009787698630976,-0.6917553642245506,-0.7027926250471097,-0.5009787698630976,50,7.574599956794987,4.577143027205859,350,4,350,0.0002,10,0.05,16.38231372833252,31.2265625,0.4979918599128723,0.2517249584197998,0,0,0,0,0,0,1,2,16.38231325149536,31.2265625,50,1.9925140482466668,1.9940632459614427,2.0004559218487703,7,0.006803515387641176,False,completed,15.125940799713135,31.2265625,0.05,0.01,0.2517249584197998,0.00011111111111111112,0.05319148936170213,10,,,,,,,,,,,,,,,,,,,,,,,,,,,,,,,,,,,,,,,,,,,
llama3_8b_lora_l40_protocol_v3_phase1_r16_seed43__1776439424,llama3_8b_lora_l40_protocol_v3_phase1_r16_seed43,lora,train_and_eval,protocol_v3,logging_v2,meta-llama/Meta-Llama-3-8B,False,False,43,16,32,350,8,1024,7.96124154702041,7.269486182795859,7.269486182795859,1088.8724,0.321,completed,outputs/experiments/protocol_v3/llama3_8b_lora_l40_protocol_v3_phase1_r16_seed43/reports/comparison_row.json,outputs/experiments/protocol_v3/llama3_8b_lora_l40_protocol_v3_phase1_r16_seed43/reports/metrics_history.jsonl,20,0.10638297872340426,train_log,2026-04-17T15:42:46.230185+00:00,2.067,16.196958541870117,16.46484375,8.277392581842097,5.078121797068957,7.574599956794987,4.577143027205859,350,-0.6917553642245506,-0.7027926250471097,-0.5009787698630976,-0.6917553642245506,-0.7027926250471097,-0.5009787698630976,50,7.574599956794987,4.577143027205859,350,4,350,0.0002,10,0.05,16.38231372833252,31.2265625,0.4979918599128723,0.2517249584197998,0,0,0,0,0,0,1,2,16.38231325149536,31.2265625,50,1.9925140482466668,1.9940632459614427,2.0004559218487703,7,0.006803515387641176,False,completed,15.125940799713135,31.2265625,0.05,0.01,0.34829598665237427,0.00019879518072289158,0.10638297872340426,20,,,,,,,,,,,,,,,,,,,,,,,,,,,,,,,,,,,,,,,,,,,
llama3_8b_lora_l40_protocol_v3_phase1_r16_seed43__1776439424,llama3_8b_lora_l40_protocol_v3_phase1_r16_seed43,lora,train_and_eval,protocol_v3,logging_v2,meta-llama/Meta-Llama-3-8B,False,False,43,16,32,350,8,1024,7.96124154702041,7.269486182795859,7.269486182795859,1088.8724,0.321,completed,outputs/experiments/protocol_v3/llama3_8b_lora_l40_protocol_v3_phase1_r16_seed43/reports/comparison_row.json,outputs/experiments/protocol_v3/llama3_8b_lora_l40_protocol_v3_phase1_r16_seed43/reports/metrics_history.jsonl,30,0.1595744680851064,train_log,2026-04-17T15:42:46.230191+00:00,1.9782,16.196958541870117,16.46484375,8.277392581842097,5.078121797068957,7.574599956794987,4.577143027205859,350,-0.6917553642245506,-0.7027926250471097,-0.5009787698630976,-0.6917553642245506,-0.7027926250471097,-0.5009787698630976,50,7.574599956794987,4.577143027205859,350,4,350,0.0002,10,0.05,16.38231372833252,31.2265625,0.4979918599128723,0.2517249584197998,0,0,0,0,0,0,1,2,16.38231325149536,31.2265625,50,1.9925140482466668,1.9940632459614427,2.0004559218487703,7,0.006803515387641176,False,completed,15.125940799713135,31.2265625,0.05,0.01,0.3340480327606201,0.00019277108433734942,0.1595744680851064,30,,,,,,,,,,,,,,,,,,,,,,,,,,,,,,,,,,,,,,,,,,,
llama3_8b_lora_l40_protocol_v3_phase1_r16_seed43__1776439424,llama3_8b_lora_l40_protocol_v3_phase1_r16_seed43,lora,train_and_eval,protocol_v3,logging_v2,meta-llama/Meta-Llama-3-8B,False,False,43,16,32,350,8,1024,7.96124154702041,7.269486182795859,7.269486182795859,1088.8724,0.321,completed,outputs/experiments/protocol_v3/llama3_8b_lora_l40_protocol_v3_phase1_r16_seed43/reports/comparison_row.json,outputs/experiments/protocol_v3/llama3_8b_lora_l40_protocol_v3_phase1_r16_seed43/reports/metrics_history.jsonl,40,0.2127659574468085,train_log,2026-04-17T15:42:46.230196+00:00,1.9433,16.196958541870117,16.46484375,8.277392581842097,5.078121797068957,7.574599956794987,4.577143027205859,350,-0.6917553642245506,-0.7027926250471097,-0.5009787698630976,-0.6917553642245506,-0.7027926250471097,-0.5009787698630976,50,7.574599956794987,4.577143027205859,350,4,350,0.0002,10,0.05,16.38231372833252,31.2265625,0.4979918599128723,0.2517249584197998,0,0,0,0,0,0,1,2,16.38231325149536,31.2265625,50,1.9925140482466668,1.9940632459614427,2.0004559218487703,7,0.006803515387641176,False,completed,15.125940799713135,31.2265625,0.05,0.01,0.3286168873310089,0.00018674698795180723,0.2127659574468085,40,,,,,,,,,,,,,,,,,,,,,,,,,,,,,,,,,,,,,,,,,,,
llama3_8b_lora_l40_protocol_v3_phase1_r16_seed43__1776439424,llama3_8b_lora_l40_protocol_v3_phase1_r16_seed43,lora,train_and_eval,protocol_v3,logging_v2,meta-llama/Meta-Llama-3-8B,False,False,43,16,32,350,8,1024,7.96124154702041,7.269486182795859,7.269486182795859,1088.8724,0.321,completed,outputs/experiments/protocol_v3/llama3_8b_lora_l40_protocol_v3_phase1_r16_seed43/reports/comparison_row.json,outputs/experiments/protocol_v3/llama3_8b_lora_l40_protocol_v3_phase1_r16_seed43/reports/metrics_history.jsonl,50,0.26595744680851063,train_log,2026-04-17T15:42:46.230200+00:00,1.9475,16.196958541870117,16.46484375,8.277392581842097,5.078121797068957,7.574599956794987,4.577143027205859,350,-0.6917553642245506,-0.7027926250471097,-0.5009787698630976,-0.6917553642245506,-0.7027926250471097,-0.5009787698630976,50,7.574599956794987,4.577143027205859,350,4,350,0.0002,10,0.05,16.38231372833252,31.2265625,0.4979918599128723,0.2517249584197998,0,0,0,0,0,0,1,2,16.38231325149536,31.2265625,50,1.9925140482466668,1.9940632459614427,2.0004559218487703,7,0.006803515387641176,False,completed,15.125940799713135,31.2265625,0.05,0.01,0.3245866596698761,0.00018072289156626507,0.26595744680851063,50,,,,,,,,,,,,,,,,,,,,,,,,,,,,,,,,,,,,,,,,,,,
llama3_8b_lora_l40_protocol_v3_phase1_r16_seed43__1776439424,llama3_8b_lora_l40_protocol_v3_phase1_r16_seed43,lora,train_and_eval,protocol_v3,logging_v2,meta-llama/Meta-Llama-3-8B,False,False,43,16,32,350,8,1024,7.96124154702041,7.269486182795859,7.269486182795859,1088.8724,0.321,completed,outputs/experiments/protocol_v3/llama3_8b_lora_l40_protocol_v3_phase1_r16_seed43/reports/comparison_row.json,outputs/experiments/protocol_v3/llama3_8b_lora_l40_protocol_v3_phase1_r16_seed43/reports/metrics_history.jsonl,50,0.26595744680851063,eval,2026-04-17T15:42:46.230206+00:00,,16.196958541870117,16.46484375,8.277392581842097,5.078121797068957,7.574599956794987,4.577143027205859,350,-0.6917553642245506,-0.7027926250471097,-0.5009787698630976,-0.6917553642245506,-0.7027926250471097,-0.5009787698630976,50,7.574599956794987,4.577143027205859,350,4,350,0.0002,10,0.05,16.38231372833252,31.2265625,0.4979918599128723,0.2517249584197998,0,0,0,0,0,0,1,2,16.38231325149536,31.2265625,50,1.9925140482466668,1.9940632459614427,2.0004559218487703,7,0.006803515387641176,False,completed,15.125940799713135,31.2265625,0.05,0.01,,,0.26595744680851063,50,2.013378143310547,27.6568,9.22,9.22,,,,,,,,,,,,,,,,,,,,,,,,,,,,,,,,,,,,,,,
llama3_8b_lora_l40_protocol_v3_phase1_r16_seed43__1776439424,llama3_8b_lora_l40_protocol_v3_phase1_r16_seed43,lora,train_and_eval,protocol_v3,logging_v2,meta-llama/Meta-Llama-3-8B,False,False,43,16,32,350,8,1024,7.96124154702041,7.269486182795859,7.269486182795859,1088.8724,0.321,completed,outputs/experiments/protocol_v3/llama3_8b_lora_l40_protocol_v3_phase1_r16_seed43/reports/comparison_row.json,outputs/experiments/protocol_v3/llama3_8b_lora_l40_protocol_v3_phase1_r16_seed43/reports/metrics_history.jsonl,50,0.26595744680851063,eval,2026-04-17T15:42:46.230213+00:00,,16.196958541870117,16.46484375,8.277392581842097,5.078121797068957,7.574599956794987,4.577143027205859,350,-0.6917553642245506,-0.7027926250471097,-0.5009787698630976,-0.6917553642245506,-0.7027926250471097,-0.5009787698630976,50,7.574599956794987,4.577143027205859,350,4,350,0.0002,10,0.05,16.38231372833252,31.2265625,0.4979918599128723,0.2517249584197998,0,0,0,0,0,0,1,2,16.38231325149536,31.2265625,50,1.9925140482466668,1.9940632459614427,2.0004559218487703,7,0.006803515387641176,False,completed,15.125940799713135,31.2265625,0.05,0.01,,,0.26595744680851063,50,,,,,2.0522232055664062,25.4066,9.21,9.21,,,,,,,,,,,,,,,,,,,,,,,,,,,,,,,,,,,
llama3_8b_lora_l40_protocol_v3_phase1_r16_seed43__1776439424,llama3_8b_lora_l40_protocol_v3_phase1_r16_seed43,lora,train_and_eval,protocol_v3,logging_v2,meta-llama/Meta-Llama-3-8B,False,False,43,16,32,350,8,1024,7.96124154702041,7.269486182795859,7.269486182795859,1088.8724,0.321,completed,outputs/experiments/protocol_v3/llama3_8b_lora_l40_protocol_v3_phase1_r16_seed43/reports/comparison_row.json,outputs/experiments/protocol_v3/llama3_8b_lora_l40_protocol_v3_phase1_r16_seed43/reports/metrics_history.jsonl,50,0.26595744680851063,eval,2026-04-17T15:42:46.230220+00:00,,16.196958541870117,16.46484375,8.277392581842097,5.078121797068957,7.574599956794987,4.577143027205859,350,-0.6917553642245506,-0.7027926250471097,-0.5009787698630976,-0.6917553642245506,-0.7027926250471097,-0.5009787698630976,50,7.574599956794987,4.577143027205859,350,4,350,0.0002,10,0.05,16.38231372833252,31.2265625,0.4979918599128723,0.2517249584197998,0,0,0,0,0,0,1,2,16.38231325149536,31.2265625,50,1.9925140482466668,1.9940632459614427,2.0004559218487703,7,0.006803515387641176,False,completed,15.125940799713135,31.2265625,0.05,0.01,,,0.26595744680851063,50,,,,,,,,,1.5721601247787476,2.2809,9.207,9.207,,,,,,,,,,,,,,,,,,,,,,,,,,,,,,,
llama3_8b_lora_l40_protocol_v3_phase1_r16_seed43__1776439424,llama3_8b_lora_l40_protocol_v3_phase1_r16_seed43,lora,train_and_eval,protocol_v3,logging_v2,meta-llama/Meta-Llama-3-8B,False,False,43,16,32,350,8,1024,7.96124154702041,7.269486182795859,7.269486182795859,1088.8724,0.321,completed,outputs/experiments/protocol_v3/llama3_8b_lora_l40_protocol_v3_phase1_r16_seed43/reports/comparison_row.json,outputs/experiments/protocol_v3/llama3_8b_lora_l40_protocol_v3_phase1_r16_seed43/reports/metrics_history.jsonl,50,0.26595744680851063,eval,2026-04-17T15:42:46.230231+00:00,,16.196958541870117,16.46484375,8.277392581842097,5.078121797068957,7.574599956794987,4.577143027205859,350,-0.6917553642245506,-0.7027926250471097,-0.5009787698630976,-0.6917553642245506,-0.7027926250471097,-0.5009787698630976,50,7.574599956794987,4.577143027205859,350,4,350,0.0002,10,0.05,16.38231372833252,31.2265625,0.4979918599128723,0.2517249584197998,0,0,0,0,0,0,1,2,16.38231325149536,31.2265625,50,1.9925140482466668,1.9940632459614427,2.0004559218487703,7,0.006803515387641176,False,completed,15.125940799713135,31.2265625,0.05,0.01,,,0.26595744680851063,50,2.013378143310547,27.6568,9.22,9.22,2.0522232055664062,25.4066,9.21,9.21,1.5721601247787476,2.2809,9.207,9.207,7.488572136021297,16.38231372833252,31.2265625,16.38231372833252,31.2265625,16.38231372833252,31.2265625,7.785189958500772,16.38231372833252,31.2265625,16.38231372833252,31.2265625,16.38231372833252,31.2265625,4.8170423759648004,16.38231325149536,31.2265625,16.38231325149536,31.2265625,16.38231325149536,31.2265625,1.9959594594221561,1.9949809974059463,2.0016462316154504,0.008010135230058122,50,,,,,
llama3_8b_lora_l40_protocol_v3_phase1_r16_seed43__1776439424,llama3_8b_lora_l40_protocol_v3_phase1_r16_seed43,lora,train_and_eval,protocol_v3,logging_v2,meta-llama/Meta-Llama-3-8B,False,False,43,16,32,350,8,1024,7.96124154702041,7.269486182795859,7.269486182795859,1088.8724,0.321,completed,outputs/experiments/protocol_v3/llama3_8b_lora_l40_protocol_v3_phase1_r16_seed43/reports/comparison_row.json,outputs/experiments/protocol_v3/llama3_8b_lora_l40_protocol_v3_phase1_r16_seed43/reports/metrics_history.jsonl,60,0.3191489361702128,train_log,2026-04-17T15:42:46.230243+00:00,1.8604,16.196958541870117,16.46484375,8.277392581842097,5.078121797068957,7.574599956794987,4.577143027205859,350,-0.6917553642245506,-0.7027926250471097,-0.5009787698630976,-0.6917553642245506,-0.7027926250471097,-0.5009787698630976,50,7.574599956794987,4.577143027205859,350,4,350,0.0002,10,0.05,16.38231372833252,31.2265625,0.4979918599128723,0.2517249584197998,0,0,0,0,0,0,1,2,16.38231325149536,31.2265625,50,1.9925140482466668,1.9940632459614427,2.0004559218487703,7,0.006803515387641176,False,completed,15.125940799713135,31.2265625,0.05,0.01,0.3639359772205353,0.0001746987951807229,0.3191489361702128,60,,,,,,,,,,,,,,,,,,,,,,,,,,,,,,,,,,,,,,,,,,,
llama3_8b_lora_l40_protocol_v3_phase1_r16_seed43__1776439424,llama3_8b_lora_l40_protocol_v3_phase1_r16_seed43,lora,train_and_eval,protocol_v3,logging_v2,meta-llama/Meta-Llama-3-8B,False,False,43,16,32,350,8,1024,7.96124154702041,7.269486182795859,7.269486182795859,1088.8724,0.321,completed,outputs/experiments/protocol_v3/llama3_8b_lora_l40_protocol_v3_phase1_r16_seed43/reports/comparison_row.json,outputs/experiments/protocol_v3/llama3_8b_lora_l40_protocol_v3_phase1_r16_seed43/reports/metrics_history.jsonl,70,0.3723404255319149,train_log,2026-04-17T15:42:46.230247+00:00,1.9096,16.196958541870117,16.46484375,8.277392581842097,5.078121797068957,7.574599956794987,4.577143027205859,350,-0.6917553642245506,-0.7027926250471097,-0.5009787698630976,-0.6917553642245506,-0.7027926250471097,-0.5009787698630976,50,7.574599956794987,4.577143027205859,350,4,350,0.0002,10,0.05,16.38231372833252,31.2265625,0.4979918599128723,0.2517249584197998,0,0,0,0,0,0,1,2,16.38231325149536,31.2265625,50,1.9925140482466668,1.9940632459614427,2.0004559218487703,7,0.006803515387641176,False,completed,15.125940799713135,31.2265625,0.05,0.01,0.42103397846221924,0.00016867469879518074,0.3723404255319149,70,,,,,,,,,,,,,,,,,,,,,,,,,,,,,,,,,,,,,,,,,,,
llama3_8b_lora_l40_protocol_v3_phase1_r16_seed43__1776439424,llama3_8b_lora_l40_protocol_v3_phase1_r16_seed43,lora,train_and_eval,protocol_v3,logging_v2,meta-llama/Meta-Llama-3-8B,False,False,43,16,32,350,8,1024,7.96124154702041,7.269486182795859,7.269486182795859,1088.8724,0.321,completed,outputs/experiments/protocol_v3/llama3_8b_lora_l40_protocol_v3_phase1_r16_seed43/reports/comparison_row.json,outputs/experiments/protocol_v3/llama3_8b_lora_l40_protocol_v3_phase1_r16_seed43/reports/metrics_history.jsonl,80,0.425531914893617,train_log,2026-04-17T15:42:46.230252+00:00,1.9725,16.196958541870117,16.46484375,8.277392581842097,5.078121797068957,7.574599956794987,4.577143027205859,350,-0.6917553642245506,-0.7027926250471097,-0.5009787698630976,-0.6917553642245506,-0.7027926250471097,-0.5009787698630976,50,7.574599956794987,4.577143027205859,350,4,350,0.0002,10,0.05,16.38231372833252,31.2265625,0.4979918599128723,0.2517249584197998,0,0,0,0,0,0,1,2,16.38231325149536,31.2265625,50,1.9925140482466668,1.9940632459614427,2.0004559218487703,7,0.006803515387641176,False,completed,15.125940799713135,31.2265625,0.05,0.01,0.298984169960022,0.00016265060240963855,0.425531914893617,80,,,,,,,,,,,,,,,,,,,,,,,,,,,,,,,,,,,,,,,,,,,
llama3_8b_lora_l40_protocol_v3_phase1_r16_seed43__1776439424,llama3_8b_lora_l40_protocol_v3_phase1_r16_seed43,lora,train_and_eval,protocol_v3,logging_v2,meta-llama/Meta-Llama-3-8B,False,False,43,16,32,350,8,1024,7.96124154702041,7.269486182795859,7.269486182795859,1088.8724,0.321,completed,outputs/experiments/protocol_v3/llama3_8b_lora_l40_protocol_v3_phase1_r16_seed43/reports/comparison_row.json,outputs/experiments/protocol_v3/llama3_8b_lora_l40_protocol_v3_phase1_r16_seed43/reports/metrics_history.jsonl,90,0.4787234042553192,train_log,2026-04-17T15:42:46.230258+00:00,1.9405,16.196958541870117,16.46484375,8.277392581842097,5.078121797068957,7.574599956794987,4.577143027205859,350,-0.6917553642245506,-0.7027926250471097,-0.5009787698630976,-0.6917553642245506,-0.7027926250471097,-0.5009787698630976,50,7.574599956794987,4.577143027205859,350,4,350,0.0002,10,0.05,16.38231372833252,31.2265625,0.4979918599128723,0.2517249584197998,0,0,0,0,0,0,1,2,16.38231325149536,31.2265625,50,1.9925140482466668,1.9940632459614427,2.0004559218487703,7,0.006803515387641176,False,completed,15.125940799713135,31.2265625,0.05,0.01,0.29439544677734375,0.0001566265060240964,0.4787234042553192,90,,,,,,,,,,,,,,,,,,,,,,,,,,,,,,,,,,,,,,,,,,,
llama3_8b_lora_l40_protocol_v3_phase1_r16_seed43__1776439424,llama3_8b_lora_l40_protocol_v3_phase1_r16_seed43,lora,train_and_eval,protocol_v3,logging_v2,meta-llama/Meta-Llama-3-8B,False,False,43,16,32,350,8,1024,7.96124154702041,7.269486182795859,7.269486182795859,1088.8724,0.321,completed,outputs/experiments/protocol_v3/llama3_8b_lora_l40_protocol_v3_phase1_r16_seed43/reports/comparison_row.json,outputs/experiments/protocol_v3/llama3_8b_lora_l40_protocol_v3_phase1_r16_seed43/reports/metrics_history.jsonl,100,0.5319148936170213,train_log,2026-04-17T15:42:46.230263+00:00,1.9593,16.196958541870117,16.46484375,8.277392581842097,5.078121797068957,7.574599956794987,4.577143027205859,350,-0.6917553642245506,-0.7027926250471097,-0.5009787698630976,-0.6917553642245506,-0.7027926250471097,-0.5009787698630976,50,7.574599956794987,4.577143027205859,350,4,350,0.0002,10,0.05,16.38231372833252,31.2265625,0.4979918599128723,0.2517249584197998,0,0,0,0,0,0,1,2,16.38231325149536,31.2265625,50,1.9925140482466668,1.9940632459614427,2.0004559218487703,7,0.006803515387641176,False,completed,15.125940799713135,31.2265625,0.05,0.01,0.3069652020931244,0.00015060240963855423,0.5319148936170213,100,,,,,,,,,,,,,,,,,,,,,,,,,,,,,,,,,,,,,,,,,,,
llama3_8b_lora_l40_protocol_v3_phase1_r16_seed43__1776439424,llama3_8b_lora_l40_protocol_v3_phase1_r16_seed43,lora,train_and_eval,protocol_v3,logging_v2,meta-llama/Meta-Llama-3-8B,False,False,43,16,32,350,8,1024,7.96124154702041,7.269486182795859,7.269486182795859,1088.8724,0.321,completed,outputs/experiments/protocol_v3/llama3_8b_lora_l40_protocol_v3_phase1_r16_seed43/reports/comparison_row.json,outputs/experiments/protocol_v3/llama3_8b_lora_l40_protocol_v3_phase1_r16_seed43/reports/metrics_history.jsonl,100,0.5319148936170213,eval,2026-04-17T15:42:46.230267+00:00,,16.196958541870117,16.46484375,8.277392581842097,5.078121797068957,7.574599956794987,4.577143027205859,350,-0.6917553642245506,-0.7027926250471097,-0.5009787698630976,-0.6917553642245506,-0.7027926250471097,-0.5009787698630976,50,7.574599956794987,4.577143027205859,350,4,350,0.0002,10,0.05,16.38231372833252,31.2265625,0.4979918599128723,0.2517249584197998,0,0,0,0,0,0,1,2,16.38231325149536,31.2265625,50,1.9925140482466668,1.9940632459614427,2.0004559218487703,7,0.006803515387641176,False,completed,15.125940799713135,31.2265625,0.05,0.01,,,0.5319148936170213,100,1.9997211694717407,27.8687,9.15,9.15,,,,,,,,,,,,,,,,,,,,,,,,,,,,,,,,,,,,,,,
llama3_8b_lora_l40_protocol_v3_phase1_r16_seed43__1776439424,llama3_8b_lora_l40_protocol_v3_phase1_r16_seed43,lora,train_and_eval,protocol_v3,logging_v2,meta-llama/Meta-Llama-3-8B,False,False,43,16,32,350,8,1024,7.96124154702041,7.269486182795859,7.269486182795859,1088.8724,0.321,completed,outputs/experiments/protocol_v3/llama3_8b_lora_l40_protocol_v3_phase1_r16_seed43/reports/comparison_row.json,outputs/experiments/protocol_v3/llama3_8b_lora_l40_protocol_v3_phase1_r16_seed43/reports/metrics_history.jsonl,100,0.5319148936170213,eval,2026-04-17T15:42:46.230271+00:00,,16.196958541870117,16.46484375,8.277392581842097,5.078121797068957,7.574599956794987,4.577143027205859,350,-0.6917553642245506,-0.7027926250471097,-0.5009787698630976,-0.6917553642245506,-0.7027926250471097,-0.5009787698630976,50,7.574599956794987,4.577143027205859,350,4,350,0.0002,10,0.05,16.38231372833252,31.2265625,0.4979918599128723,0.2517249584197998,0,0,0,0,0,0,1,2,16.38231325149536,31.2265625,50,1.9925140482466668,1.9940632459614427,2.0004559218487703,7,0.006803515387641176,False,completed,15.125940799713135,31.2265625,0.05,0.01,,,0.5319148936170213,100,,,,,2.0397584438323975,25.5731,9.15,9.15,,,,,,,,,,,,,,,,,,,,,,,,,,,,,,,,,,,
llama3_8b_lora_l40_protocol_v3_phase1_r16_seed43__1776439424,llama3_8b_lora_l40_protocol_v3_phase1_r16_seed43,lora,train_and_eval,protocol_v3,logging_v2,meta-llama/Meta-Llama-3-8B,False,False,43,16,32,350,8,1024,7.96124154702041,7.269486182795859,7.269486182795859,1088.8724,0.321,completed,outputs/experiments/protocol_v3/llama3_8b_lora_l40_protocol_v3_phase1_r16_seed43/reports/comparison_row.json,outputs/experiments/protocol_v3/llama3_8b_lora_l40_protocol_v3_phase1_r16_seed43/reports/metrics_history.jsonl,100,0.5319148936170213,eval,2026-04-17T15:42:46.230276+00:00,,16.196958541870117,16.46484375,8.277392581842097,5.078121797068957,7.574599956794987,4.577143027205859,350,-0.6917553642245506,-0.7027926250471097,-0.5009787698630976,-0.6917553642245506,-0.7027926250471097,-0.5009787698630976,50,7.574599956794987,4.577143027205859,350,4,350,0.0002,10,0.05,16.38231372833252,31.2265625,0.4979918599128723,0.2517249584197998,0,0,0,0,0,0,1,2,16.38231325149536,31.2265625,50,1.9925140482466668,1.9940632459614427,2.0004559218487703,7,0.006803515387641176,False,completed,15.125940799713135,31.2265625,0.05,0.01,,,0.5319148936170213,100,,,,,,,,,1.5473418235778809,2.2985,9.136,9.136,,,,,,,,,,,,,,,,,,,,,,,,,,,,,,,
llama3_8b_lora_l40_protocol_v3_phase1_r16_seed43__1776439424,llama3_8b_lora_l40_protocol_v3_phase1_r16_seed43,lora,train_and_eval,protocol_v3,logging_v2,meta-llama/Meta-Llama-3-8B,False,False,43,16,32,350,8,1024,7.96124154702041,7.269486182795859,7.269486182795859,1088.8724,0.321,completed,outputs/experiments/protocol_v3/llama3_8b_lora_l40_protocol_v3_phase1_r16_seed43/reports/comparison_row.json,outputs/experiments/protocol_v3/llama3_8b_lora_l40_protocol_v3_phase1_r16_seed43/reports/metrics_history.jsonl,100,0.5319148936170213,eval,2026-04-17T15:42:46.230284+00:00,,16.196958541870117,16.46484375,8.277392581842097,5.078121797068957,7.574599956794987,4.577143027205859,350,-0.6917553642245506,-0.7027926250471097,-0.5009787698630976,-0.6917553642245506,-0.7027926250471097,-0.5009787698630976,50,7.574599956794987,4.577143027205859,350,4,350,0.0002,10,0.05,16.38231372833252,31.2265625,0.4979918599128723,0.2517249584197998,0,0,0,0,0,0,1,2,16.38231325149536,31.2265625,50,1.9925140482466668,1.9940632459614427,2.0004559218487703,7,0.006803515387641176,False,completed,15.125940799713135,31.2265625,0.05,0.01,,,0.5319148936170213,100,1.9997211694717407,27.8687,9.15,9.15,2.0397584438323975,25.5731,9.15,9.15,1.5473418235778809,2.2985,9.136,9.136,7.3869960917250435,16.38231372833252,31.2265625,16.38231372833252,31.2265625,16.38231372833252,31.2265625,7.68875170914747,16.38231372833252,31.2265625,16.38231372833252,31.2265625,16.38231372833252,31.2265625,4.698962894291896,16.38231325149536,31.2265625,16.38231325149536,31.2265625,16.38231325149536,31.2265625,2.0007661127345635,2.000475652515888,2.0072034504264593,0.003314701038127462,50,,,,,
llama3_8b_lora_l40_protocol_v3_phase1_r16_seed43__1776439424,llama3_8b_lora_l40_protocol_v3_phase1_r16_seed43,lora,train_and_eval,protocol_v3,logging_v2,meta-llama/Meta-Llama-3-8B,False,False,43,16,32,350,8,1024,7.96124154702041,7.269486182795859,7.269486182795859,1088.8724,0.321,completed,outputs/experiments/protocol_v3/llama3_8b_lora_l40_protocol_v3_phase1_r16_seed43/reports/comparison_row.json,outputs/experiments/protocol_v3/llama3_8b_lora_l40_protocol_v3_phase1_r16_seed43/reports/metrics_history.jsonl,110,0.5851063829787234,train_log,2026-04-17T15:42:46.230292+00:00,2.003,16.196958541870117,16.46484375,8.277392581842097,5.078121797068957,7.574599956794987,4.577143027205859,350,-0.6917553642245506,-0.7027926250471097,-0.5009787698630976,-0.6917553642245506,-0.7027926250471097,-0.5009787698630976,50,7.574599956794987,4.577143027205859,350,4,350,0.0002,10,0.05,16.38231372833252,31.2265625,0.4979918599128723,0.2517249584197998,0,0,0,0,0,0,1,2,16.38231325149536,31.2265625,50,1.9925140482466668,1.9940632459614427,2.0004559218487703,7,0.006803515387641176,False,completed,15.125940799713135,31.2265625,0.05,0.01,0.3250805139541626,0.00014457831325301204,0.5851063829787234,110,,,,,,,,,,,,,,,,,,,,,,,,,,,,,,,,,,,,,,,,,,,
llama3_8b_lora_l40_protocol_v3_phase1_r16_seed43__1776439424,llama3_8b_lora_l40_protocol_v3_phase1_r16_seed43,lora,train_and_eval,protocol_v3,logging_v2,meta-llama/Meta-Llama-3-8B,False,False,43,16,32,350,8,1024,7.96124154702041,7.269486182795859,7.269486182795859,1088.8724,0.321,completed,outputs/experiments/protocol_v3/llama3_8b_lora_l40_protocol_v3_phase1_r16_seed43/reports/comparison_row.json,outputs/experiments/protocol_v3/llama3_8b_lora_l40_protocol_v3_phase1_r16_seed43/reports/metrics_history.jsonl,120,0.6382978723404256,train_log,2026-04-17T15:42:46.230296+00:00,1.9434,16.196958541870117,16.46484375,8.277392581842097,5.078121797068957,7.574599956794987,4.577143027205859,350,-0.6917553642245506,-0.7027926250471097,-0.5009787698630976,-0.6917553642245506,-0.7027926250471097,-0.5009787698630976,50,7.574599956794987,4.577143027205859,350,4,350,0.0002,10,0.05,16.38231372833252,31.2265625,0.4979918599128723,0.2517249584197998,0,0,0,0,0,0,1,2,16.38231325149536,31.2265625,50,1.9925140482466668,1.9940632459614427,2.0004559218487703,7,0.006803515387641176,False,completed,15.125940799713135,31.2265625,0.05,0.01,0.33991122245788574,0.00013855421686746988,0.6382978723404256,120,,,,,,,,,,,,,,,,,,,,,,,,,,,,,,,,,,,,,,,,,,,
llama3_8b_lora_l40_protocol_v3_phase1_r16_seed43__1776439424,llama3_8b_lora_l40_protocol_v3_phase1_r16_seed43,lora,train_and_eval,protocol_v3,logging_v2,meta-llama/Meta-Llama-3-8B,False,False,43,16,32,350,8,1024,7.96124154702041,7.269486182795859,7.269486182795859,1088.8724,0.321,completed,outputs/experiments/protocol_v3/llama3_8b_lora_l40_protocol_v3_phase1_r16_seed43/reports/comparison_row.json,outputs/experiments/protocol_v3/llama3_8b_lora_l40_protocol_v3_phase1_r16_seed43/reports/metrics_history.jsonl,130,0.6914893617021277,train_log,2026-04-17T15:42:46.230300+00:00,1.9583,16.196958541870117,16.46484375,8.277392581842097,5.078121797068957,7.574599956794987,4.577143027205859,350,-0.6917553642245506,-0.7027926250471097,-0.5009787698630976,-0.6917553642245506,-0.7027926250471097,-0.5009787698630976,50,7.574599956794987,4.577143027205859,350,4,350,0.0002,10,0.05,16.38231372833252,31.2265625,0.4979918599128723,0.2517249584197998,0,0,0,0,0,0,1,2,16.38231325149536,31.2265625,50,1.9925140482466668,1.9940632459614427,2.0004559218487703,7,0.006803515387641176,False,completed,15.125940799713135,31.2265625,0.05,0.01,0.30987176299095154,0.00013253012048192772,0.6914893617021277,130,,,,,,,,,,,,,,,,,,,,,,,,,,,,,,,,,,,,,,,,,,,
llama3_8b_lora_l40_protocol_v3_phase1_r16_seed43__1776439424,llama3_8b_lora_l40_protocol_v3_phase1_r16_seed43,lora,train_and_eval,protocol_v3,logging_v2,meta-llama/Meta-Llama-3-8B,False,False,43,16,32,350,8,1024,7.96124154702041,7.269486182795859,7.269486182795859,1088.8724,0.321,completed,outputs/experiments/protocol_v3/llama3_8b_lora_l40_protocol_v3_phase1_r16_seed43/reports/comparison_row.json,outputs/experiments/protocol_v3/llama3_8b_lora_l40_protocol_v3_phase1_r16_seed43/reports/metrics_history.jsonl,140,0.7446808510638298,train_log,2026-04-17T15:42:46.230304+00:00,1.9883,16.196958541870117,16.46484375,8.277392581842097,5.078121797068957,7.574599956794987,4.577143027205859,350,-0.6917553642245506,-0.7027926250471097,-0.5009787698630976,-0.6917553642245506,-0.7027926250471097,-0.5009787698630976,50,7.574599956794987,4.577143027205859,350,4,350,0.0002,10,0.05,16.38231372833252,31.2265625,0.4979918599128723,0.2517249584197998,0,0,0,0,0,0,1,2,16.38231325149536,31.2265625,50,1.9925140482466668,1.9940632459614427,2.0004559218487703,7,0.006803515387641176,False,completed,15.125940799713135,31.2265625,0.05,0.01,0.3308490216732025,0.00012650602409638556,0.7446808510638298,140,,,,,,,,,,,,,,,,,,,,,,,,,,,,,,,,,,,,,,,,,,,
llama3_8b_lora_l40_protocol_v3_phase1_r16_seed43__1776439424,llama3_8b_lora_l40_protocol_v3_phase1_r16_seed43,lora,train_and_eval,protocol_v3,logging_v2,meta-llama/Meta-Llama-3-8B,False,False,43,16,32,350,8,1024,7.96124154702041,7.269486182795859,7.269486182795859,1088.8724,0.321,completed,outputs/experiments/protocol_v3/llama3_8b_lora_l40_protocol_v3_phase1_r16_seed43/reports/comparison_row.json,outputs/experiments/protocol_v3/llama3_8b_lora_l40_protocol_v3_phase1_r16_seed43/reports/metrics_history.jsonl,150,0.7978723404255319,train_log,2026-04-17T15:42:46.230308+00:00,1.9476,16.196958541870117,16.46484375,8.277392581842097,5.078121797068957,7.574599956794987,4.577143027205859,350,-0.6917553642245506,-0.7027926250471097,-0.5009787698630976,-0.6917553642245506,-0.7027926250471097,-0.5009787698630976,50,7.574599956794987,4.577143027205859,350,4,350,0.0002,10,0.05,16.38231372833252,31.2265625,0.4979918599128723,0.2517249584197998,0,0,0,0,0,0,1,2,16.38231325149536,31.2265625,50,1.9925140482466668,1.9940632459614427,2.0004559218487703,7,0.006803515387641176,False,completed,15.125940799713135,31.2265625,0.05,0.01,0.34484389424324036,0.0001204819277108434,0.7978723404255319,150,,,,,,,,,,,,,,,,,,,,,,,,,,,,,,,,,,,,,,,,,,,
llama3_8b_lora_l40_protocol_v3_phase1_r16_seed43__1776439424,llama3_8b_lora_l40_protocol_v3_phase1_r16_seed43,lora,train_and_eval,protocol_v3,logging_v2,meta-llama/Meta-Llama-3-8B,False,False,43,16,32,350,8,1024,7.96124154702041,7.269486182795859,7.269486182795859,1088.8724,0.321,completed,outputs/experiments/protocol_v3/llama3_8b_lora_l40_protocol_v3_phase1_r16_seed43/reports/comparison_row.json,outputs/experiments/protocol_v3/llama3_8b_lora_l40_protocol_v3_phase1_r16_seed43/reports/metrics_history.jsonl,150,0.7978723404255319,eval,2026-04-17T15:42:46.230312+00:00,,16.196958541870117,16.46484375,8.277392581842097,5.078121797068957,7.574599956794987,4.577143027205859,350,-0.6917553642245506,-0.7027926250471097,-0.5009787698630976,-0.6917553642245506,-0.7027926250471097,-0.5009787698630976,50,7.574599956794987,4.577143027205859,350,4,350,0.0002,10,0.05,16.38231372833252,31.2265625,0.4979918599128723,0.2517249584197998,0,0,0,0,0,0,1,2,16.38231325149536,31.2265625,50,1.9925140482466668,1.9940632459614427,2.0004559218487703,7,0.006803515387641176,False,completed,15.125940799713135,31.2265625,0.05,0.01,,,0.7978723404255319,150,1.9921197891235352,27.4431,9.292,9.292,,,,,,,,,,,,,,,,,,,,,,,,,,,,,,,,,,,,,,,
llama3_8b_lora_l40_protocol_v3_phase1_r16_seed43__1776439424,llama3_8b_lora_l40_protocol_v3_phase1_r16_seed43,lora,train_and_eval,protocol_v3,logging_v2,meta-llama/Meta-Llama-3-8B,False,False,43,16,32,350,8,1024,7.96124154702041,7.269486182795859,7.269486182795859,1088.8724,0.321,completed,outputs/experiments/protocol_v3/llama3_8b_lora_l40_protocol_v3_phase1_r16_seed43/reports/comparison_row.json,outputs/experiments/protocol_v3/llama3_8b_lora_l40_protocol_v3_phase1_r16_seed43/reports/metrics_history.jsonl,150,0.7978723404255319,eval,2026-04-17T15:42:46.230316+00:00,,16.196958541870117,16.46484375,8.277392581842097,5.078121797068957,7.574599956794987,4.577143027205859,350,-0.6917553642245506,-0.7027926250471097,-0.5009787698630976,-0.6917553642245506,-0.7027926250471097,-0.5009787698630976,50,7.574599956794987,4.577143027205859,350,4,350,0.0002,10,0.05,16.38231372833252,31.2265625,0.4979918599128723,0.2517249584197998,0,0,0,0,0,0,1,2,16.38231325149536,31.2265625,50,1.9925140482466668,1.9940632459614427,2.0004559218487703,7,0.006803515387641176,False,completed,15.125940799713135,31.2265625,0.05,0.01,,,0.7978723404255319,150,,,,,2.032346725463867,25.1751,9.295,9.295,,,,,,,,,,,,,,,,,,,,,,,,,,,,,,,,,,,
llama3_8b_lora_l40_protocol_v3_phase1_r16_seed43__1776439424,llama3_8b_lora_l40_protocol_v3_phase1_r16_seed43,lora,train_and_eval,protocol_v3,logging_v2,meta-llama/Meta-Llama-3-8B,False,False,43,16,32,350,8,1024,7.96124154702041,7.269486182795859,7.269486182795859,1088.8724,0.321,completed,outputs/experiments/protocol_v3/llama3_8b_lora_l40_protocol_v3_phase1_r16_seed43/reports/comparison_row.json,outputs/experiments/protocol_v3/llama3_8b_lora_l40_protocol_v3_phase1_r16_seed43/reports/metrics_history.jsonl,150,0.7978723404255319,eval,2026-04-17T15:42:46.230321+00:00,,16.196958541870117,16.46484375,8.277392581842097,5.078121797068957,7.574599956794987,4.577143027205859,350,-0.6917553642245506,-0.7027926250471097,-0.5009787698630976,-0.6917553642245506,-0.7027926250471097,-0.5009787698630976,50,7.574599956794987,4.577143027205859,350,4,350,0.0002,10,0.05,16.38231372833252,31.2265625,0.4979918599128723,0.2517249584197998,0,0,0,0,0,0,1,2,16.38231325149536,31.2265625,50,1.9925140482466668,1.9940632459614427,2.0004559218487703,7,0.006803515387641176,False,completed,15.125940799713135,31.2265625,0.05,0.01,,,0.7978723404255319,150,,,,,,,,,1.5380775928497314,2.2573,9.303,9.303,,,,,,,,,,,,,,,,,,,,,,,,,,,,,,,
llama3_8b_lora_l40_protocol_v3_phase1_r16_seed43__1776439424,llama3_8b_lora_l40_protocol_v3_phase1_r16_seed43,lora,train_and_eval,protocol_v3,logging_v2,meta-llama/Meta-Llama-3-8B,False,False,43,16,32,350,8,1024,7.96124154702041,7.269486182795859,7.269486182795859,1088.8724,0.321,completed,outputs/experiments/protocol_v3/llama3_8b_lora_l40_protocol_v3_phase1_r16_seed43/reports/comparison_row.json,outputs/experiments/protocol_v3/llama3_8b_lora_l40_protocol_v3_phase1_r16_seed43/reports/metrics_history.jsonl,150,0.7978723404255319,eval,2026-04-17T15:42:46.230328+00:00,,16.196958541870117,16.46484375,8.277392581842097,5.078121797068957,7.574599956794987,4.577143027205859,350,-0.6917553642245506,-0.7027926250471097,-0.5009787698630976,-0.6917553642245506,-0.7027926250471097,-0.5009787698630976,50,7.574599956794987,4.577143027205859,350,4,350,0.0002,10,0.05,16.38231372833252,31.2265625,0.4979918599128723,0.2517249584197998,0,0,0,0,0,0,1,2,16.38231325149536,31.2265625,50,1.9925140482466668,1.9940632459614427,2.0004559218487703,7,0.006803515387641176,False,completed,15.125940799713135,31.2265625,0.05,0.01,,,0.7978723404255319,150,1.9921197891235352,27.4431,9.292,9.292,2.032346725463867,25.1751,9.295,9.295,1.5380775928497314,2.2573,9.303,9.303,7.331057599028844,16.38231372833252,31.2265625,16.38231372833252,31.2265625,16.38231372833252,31.2265625,7.6319755113773615,16.38231372833252,31.2265625,16.38231372833252,31.2265625,16.38231372833252,31.2265625,4.655631643122233,16.38231325149536,31.2265625,16.38231325149536,31.2265625,16.38231325149536,31.2265625,1.9997321431152522,1.9845596988452598,2.0155386514845306,0.0750857986672473,50,,,,,
llama3_8b_lora_l40_protocol_v3_phase1_r16_seed43__1776439424,llama3_8b_lora_l40_protocol_v3_phase1_r16_seed43,lora,train_and_eval,protocol_v3,logging_v2,meta-llama/Meta-Llama-3-8B,False,False,43,16,32,350,8,1024,7.96124154702041,7.269486182795859,7.269486182795859,1088.8724,0.321,completed,outputs/experiments/protocol_v3/llama3_8b_lora_l40_protocol_v3_phase1_r16_seed43/reports/comparison_row.json,outputs/experiments/protocol_v3/llama3_8b_lora_l40_protocol_v3_phase1_r16_seed43/reports/metrics_history.jsonl,160,0.851063829787234,train_log,2026-04-17T15:42:46.230337+00:00,1.9178,16.196958541870117,16.46484375,8.277392581842097,5.078121797068957,7.574599956794987,4.577143027205859,350,-0.6917553642245506,-0.7027926250471097,-0.5009787698630976,-0.6917553642245506,-0.7027926250471097,-0.5009787698630976,50,7.574599956794987,4.577143027205859,350,4,350,0.0002,10,0.05,16.38231372833252,31.2265625,0.4979918599128723,0.2517249584197998,0,0,0,0,0,0,1,2,16.38231325149536,31.2265625,50,1.9925140482466668,1.9940632459614427,2.0004559218487703,7,0.006803515387641176,False,completed,15.125940799713135,31.2265625,0.05,0.01,0.33917945623397827,0.0001144578313253012,0.851063829787234,160,,,,,,,,,,,,,,,,,,,,,,,,,,,,,,,,,,,,,,,,,,,
llama3_8b_lora_l40_protocol_v3_phase1_r16_seed43__1776439424,llama3_8b_lora_l40_protocol_v3_phase1_r16_seed43,lora,train_and_eval,protocol_v3,logging_v2,meta-llama/Meta-Llama-3-8B,False,False,43,16,32,350,8,1024,7.96124154702041,7.269486182795859,7.269486182795859,1088.8724,0.321,completed,outputs/experiments/protocol_v3/llama3_8b_lora_l40_protocol_v3_phase1_r16_seed43/reports/comparison_row.json,outputs/experiments/protocol_v3/llama3_8b_lora_l40_protocol_v3_phase1_r16_seed43/reports/metrics_history.jsonl,170,0.9042553191489362,train_log,2026-04-17T15:42:46.230341+00:00,1.9408,16.196958541870117,16.46484375,8.277392581842097,5.078121797068957,7.574599956794987,4.577143027205859,350,-0.6917553642245506,-0.7027926250471097,-0.5009787698630976,-0.6917553642245506,-0.7027926250471097,-0.5009787698630976,50,7.574599956794987,4.577143027205859,350,4,350,0.0002,10,0.05,16.38231372833252,31.2265625,0.4979918599128723,0.2517249584197998,0,0,0,0,0,0,1,2,16.38231325149536,31.2265625,50,1.9925140482466668,1.9940632459614427,2.0004559218487703,7,0.006803515387641176,False,completed,15.125940799713135,31.2265625,0.05,0.01,0.35227683186531067,0.00010843373493975903,0.9042553191489362,170,,,,,,,,,,,,,,,,,,,,,,,,,,,,,,,,,,,,,,,,,,,
llama3_8b_lora_l40_protocol_v3_phase1_r16_seed43__1776439424,llama3_8b_lora_l40_protocol_v3_phase1_r16_seed43,lora,train_and_eval,protocol_v3,logging_v2,meta-llama/Meta-Llama-3-8B,False,False,43,16,32,350,8,1024,7.96124154702041,7.269486182795859,7.269486182795859,1088.8724,0.321,completed,outputs/experiments/protocol_v3/llama3_8b_lora_l40_protocol_v3_phase1_r16_seed43/reports/comparison_row.json,outputs/experiments/protocol_v3/llama3_8b_lora_l40_protocol_v3_phase1_r16_seed43/reports/metrics_history.jsonl,180,0.9574468085106383,train_log,2026-04-17T15:42:46.230345+00:00,1.9686,16.196958541870117,16.46484375,8.277392581842097,5.078121797068957,7.574599956794987,4.577143027205859,350,-0.6917553642245506,-0.7027926250471097,-0.5009787698630976,-0.6917553642245506,-0.7027926250471097,-0.5009787698630976,50,7.574599956794987,4.577143027205859,350,4,350,0.0002,10,0.05,16.38231372833252,31.2265625,0.4979918599128723,0.2517249584197998,0,0,0,0,0,0,1,2,16.38231325149536,31.2265625,50,1.9925140482466668,1.9940632459614427,2.0004559218487703,7,0.006803515387641176,False,completed,15.125940799713135,31.2265625,0.05,0.01,0.31648799777030945,0.00010240963855421688,0.9574468085106383,180,,,,,,,,,,,,,,,,,,,,,,,,,,,,,,,,,,,,,,,,,,,
llama3_8b_lora_l40_protocol_v3_phase1_r16_seed43__1776439424,llama3_8b_lora_l40_protocol_v3_phase1_r16_seed43,lora,train_and_eval,protocol_v3,logging_v2,meta-llama/Meta-Llama-3-8B,False,False,43,16,32,350,8,1024,7.96124154702041,7.269486182795859,7.269486182795859,1088.8724,0.321,completed,outputs/experiments/protocol_v3/llama3_8b_lora_l40_protocol_v3_phase1_r16_seed43/reports/comparison_row.json,outputs/experiments/protocol_v3/llama3_8b_lora_l40_protocol_v3_phase1_r16_seed43/reports/metrics_history.jsonl,190,1.0106382978723405,train_log,2026-04-17T15:42:46.230349+00:00,1.9315,16.196958541870117,16.46484375,8.277392581842097,5.078121797068957,7.574599956794987,4.577143027205859,350,-0.6917553642245506,-0.7027926250471097,-0.5009787698630976,-0.6917553642245506,-0.7027926250471097,-0.5009787698630976,50,7.574599956794987,4.577143027205859,350,4,350,0.0002,10,0.05,16.38231372833252,31.2265625,0.4979918599128723,0.2517249584197998,0,0,0,0,0,0,1,2,16.38231325149536,31.2265625,50,1.9925140482466668,1.9940632459614427,2.0004559218487703,7,0.006803515387641176,False,completed,15.125940799713135,31.2265625,0.05,0.01,0.37795382738113403,9.638554216867471e-05,1.0106382978723405,190,,,,,,,,,,,,,,,,,,,,,,,,,,,,,,,,,,,,,,,,,,,
llama3_8b_lora_l40_protocol_v3_phase1_r16_seed43__1776439424,llama3_8b_lora_l40_protocol_v3_phase1_r16_seed43,lora,train_and_eval,protocol_v3,logging_v2,meta-llama/Meta-Llama-3-8B,False,False,43,16,32,350,8,1024,7.96124154702041,7.269486182795859,7.269486182795859,1088.8724,0.321,completed,outputs/experiments/protocol_v3/llama3_8b_lora_l40_protocol_v3_phase1_r16_seed43/reports/comparison_row.json,outputs/experiments/protocol_v3/llama3_8b_lora_l40_protocol_v3_phase1_r16_seed43/reports/metrics_history.jsonl,200,1.0638297872340425,train_log,2026-04-17T15:42:46.230354+00:00,1.8945,16.196958541870117,16.46484375,8.277392581842097,5.078121797068957,7.574599956794987,4.577143027205859,350,-0.6917553642245506,-0.7027926250471097,-0.5009787698630976,-0.6917553642245506,-0.7027926250471097,-0.5009787698630976,50,7.574599956794987,4.577143027205859,350,4,350,0.0002,10,0.05,16.38231372833252,31.2265625,0.4979918599128723,0.2517249584197998,0,0,0,0,0,0,1,2,16.38231325149536,31.2265625,50,1.9925140482466668,1.9940632459614427,2.0004559218487703,7,0.006803515387641176,False,completed,15.125940799713135,31.2265625,0.05,0.01,0.32180657982826233,9.036144578313253e-05,1.0638297872340425,200,,,,,,,,,,,,,,,,,,,,,,,,,,,,,,,,,,,,,,,,,,,
llama3_8b_lora_l40_protocol_v3_phase1_r16_seed43__1776439424,llama3_8b_lora_l40_protocol_v3_phase1_r16_seed43,lora,train_and_eval,protocol_v3,logging_v2,meta-llama/Meta-Llama-3-8B,False,False,43,16,32,350,8,1024,7.96124154702041,7.269486182795859,7.269486182795859,1088.8724,0.321,completed,outputs/experiments/protocol_v3/llama3_8b_lora_l40_protocol_v3_phase1_r16_seed43/reports/comparison_row.json,outputs/experiments/protocol_v3/llama3_8b_lora_l40_protocol_v3_phase1_r16_seed43/reports/metrics_history.jsonl,200,1.0638297872340425,eval,2026-04-17T15:42:46.230358+00:00,,16.196958541870117,16.46484375,8.277392581842097,5.078121797068957,7.574599956794987,4.577143027205859,350,-0.6917553642245506,-0.7027926250471097,-0.5009787698630976,-0.6917553642245506,-0.7027926250471097,-0.5009787698630976,50,7.574599956794987,4.577143027205859,350,4,350,0.0002,10,0.05,16.38231372833252,31.2265625,0.4979918599128723,0.2517249584197998,0,0,0,0,0,0,1,2,16.38231325149536,31.2265625,50,1.9925140482466668,1.9940632459614427,2.0004559218487703,7,0.006803515387641176,False,completed,15.125940799713135,31.2265625,0.05,0.01,,,1.0638297872340425,200,1.988473892211914,27.3644,9.319,9.319,,,,,,,,,,,,,,,,,,,,,,,,,,,,,,,,,,,,,,,
llama3_8b_lora_l40_protocol_v3_phase1_r16_seed43__1776439424,llama3_8b_lora_l40_protocol_v3_phase1_r16_seed43,lora,train_and_eval,protocol_v3,logging_v2,meta-llama/Meta-Llama-3-8B,False,False,43,16,32,350,8,1024,7.96124154702041,7.269486182795859,7.269486182795859,1088.8724,0.321,completed,outputs/experiments/protocol_v3/llama3_8b_lora_l40_protocol_v3_phase1_r16_seed43/reports/comparison_row.json,outputs/experiments/protocol_v3/llama3_8b_lora_l40_protocol_v3_phase1_r16_seed43/reports/metrics_history.jsonl,200,1.0638297872340425,eval,2026-04-17T15:42:46.230362+00:00,,16.196958541870117,16.46484375,8.277392581842097,5.078121797068957,7.574599956794987,4.577143027205859,350,-0.6917553642245506,-0.7027926250471097,-0.5009787698630976,-0.6917553642245506,-0.7027926250471097,-0.5009787698630976,50,7.574599956794987,4.577143027205859,350,4,350,0.0002,10,0.05,16.38231372833252,31.2265625,0.4979918599128723,0.2517249584197998,0,0,0,0,0,0,1,2,16.38231325149536,31.2265625,50,1.9925140482466668,1.9940632459614427,2.0004559218487703,7,0.006803515387641176,False,completed,15.125940799713135,31.2265625,0.05,0.01,,,1.0638297872340425,200,,,,,2.0292975902557373,25.0829,9.329,9.329,,,,,,,,,,,,,,,,,,,,,,,,,,,,,,,,,,,
llama3_8b_lora_l40_protocol_v3_phase1_r16_seed43__1776439424,llama3_8b_lora_l40_protocol_v3_phase1_r16_seed43,lora,train_and_eval,protocol_v3,logging_v2,meta-llama/Meta-Llama-3-8B,False,False,43,16,32,350,8,1024,7.96124154702041,7.269486182795859,7.269486182795859,1088.8724,0.321,completed,outputs/experiments/protocol_v3/llama3_8b_lora_l40_protocol_v3_phase1_r16_seed43/reports/comparison_row.json,outputs/experiments/protocol_v3/llama3_8b_lora_l40_protocol_v3_phase1_r16_seed43/reports/metrics_history.jsonl,200,1.0638297872340425,eval,2026-04-17T15:42:46.230366+00:00,,16.196958541870117,16.46484375,8.277392581842097,5.078121797068957,7.574599956794987,4.577143027205859,350,-0.6917553642245506,-0.7027926250471097,-0.5009787698630976,-0.6917553642245506,-0.7027926250471097,-0.5009787698630976,50,7.574599956794987,4.577143027205859,350,4,350,0.0002,10,0.05,16.38231372833252,31.2265625,0.4979918599128723,0.2517249584197998,0,0,0,0,0,0,1,2,16.38231325149536,31.2265625,50,1.9925140482466668,1.9940632459614427,2.0004559218487703,7,0.006803515387641176,False,completed,15.125940799713135,31.2265625,0.05,0.01,,,1.0638297872340425,200,,,,,,,,,1.5287652015686035,2.2584,9.298,9.298,,,,,,,,,,,,,,,,,,,,,,,,,,,,,,,
llama3_8b_lora_l40_protocol_v3_phase1_r16_seed43__1776439424,llama3_8b_lora_l40_protocol_v3_phase1_r16_seed43,lora,train_and_eval,protocol_v3,logging_v2,meta-llama/Meta-Llama-3-8B,False,False,43,16,32,350,8,1024,7.96124154702041,7.269486182795859,7.269486182795859,1088.8724,0.321,completed,outputs/experiments/protocol_v3/llama3_8b_lora_l40_protocol_v3_phase1_r16_seed43/reports/comparison_row.json,outputs/experiments/protocol_v3/llama3_8b_lora_l40_protocol_v3_phase1_r16_seed43/reports/metrics_history.jsonl,200,1.0638297872340425,eval,2026-04-17T15:42:46.230375+00:00,,16.196958541870117,16.46484375,8.277392581842097,5.078121797068957,7.574599956794987,4.577143027205859,350,-0.6917553642245506,-0.7027926250471097,-0.5009787698630976,-0.6917553642245506,-0.7027926250471097,-0.5009787698630976,50,7.574599956794987,4.577143027205859,350,4,350,0.0002,10,0.05,16.38231372833252,31.2265625,0.4979918599128723,0.2517249584197998,0,0,0,0,0,0,1,2,16.38231325149536,31.2265625,50,1.9925140482466668,1.9940632459614427,2.0004559218487703,7,0.006803515387641176,False,completed,15.125940799713135,31.2265625,0.05,0.01,,,1.0638297872340425,200,1.988473892211914,27.3644,9.319,9.319,2.0292975902557373,25.0829,9.329,9.329,1.5287652015686035,2.2584,9.298,9.298,7.304377983886223,16.38231372833252,31.2265625,16.38231372833252,31.2265625,16.38231372833252,31.2265625,7.6087400282050694,16.38231372833252,31.2265625,16.38231372833252,31.2265625,16.38231372833252,31.2265625,4.61247782408484,16.38231325149536,31.2265625,16.38231325149536,31.2265625,16.38231325149536,31.2265625,1.9831596148665995,1.983628426445648,1.9872341261012478,0.0031460194709257527,50,,,,,
llama3_8b_lora_l40_protocol_v3_phase1_r16_seed43__1776439424,llama3_8b_lora_l40_protocol_v3_phase1_r16_seed43,lora,train_and_eval,protocol_v3,logging_v2,meta-llama/Meta-Llama-3-8B,False,False,43,16,32,350,8,1024,7.96124154702041,7.269486182795859,7.269486182795859,1088.8724,0.321,completed,outputs/experiments/protocol_v3/llama3_8b_lora_l40_protocol_v3_phase1_r16_seed43/reports/comparison_row.json,outputs/experiments/protocol_v3/llama3_8b_lora_l40_protocol_v3_phase1_r16_seed43/reports/metrics_history.jsonl,210,1.1170212765957448,train_log,2026-04-17T15:42:46.230383+00:00,1.8293,16.196958541870117,16.46484375,8.277392581842097,5.078121797068957,7.574599956794987,4.577143027205859,350,-0.6917553642245506,-0.7027926250471097,-0.5009787698630976,-0.6917553642245506,-0.7027926250471097,-0.5009787698630976,50,7.574599956794987,4.577143027205859,350,4,350,0.0002,10,0.05,16.38231372833252,31.2265625,0.4979918599128723,0.2517249584197998,0,0,0,0,0,0,1,2,16.38231325149536,31.2265625,50,1.9925140482466668,1.9940632459614427,2.0004559218487703,7,0.006803515387641176,False,completed,15.125940799713135,31.2265625,0.05,0.01,0.44191765785217285,8.433734939759037e-05,1.1170212765957448,210,,,,,,,,,,,,,,,,,,,,,,,,,,,,,,,,,,,,,,,,,,,
llama3_8b_lora_l40_protocol_v3_phase1_r16_seed43__1776439424,llama3_8b_lora_l40_protocol_v3_phase1_r16_seed43,lora,train_and_eval,protocol_v3,logging_v2,meta-llama/Meta-Llama-3-8B,False,False,43,16,32,350,8,1024,7.96124154702041,7.269486182795859,7.269486182795859,1088.8724,0.321,completed,outputs/experiments/protocol_v3/llama3_8b_lora_l40_protocol_v3_phase1_r16_seed43/reports/comparison_row.json,outputs/experiments/protocol_v3/llama3_8b_lora_l40_protocol_v3_phase1_r16_seed43/reports/metrics_history.jsonl,220,1.1702127659574468,train_log,2026-04-17T15:42:46.230387+00:00,1.9572,16.196958541870117,16.46484375,8.277392581842097,5.078121797068957,7.574599956794987,4.577143027205859,350,-0.6917553642245506,-0.7027926250471097,-0.5009787698630976,-0.6917553642245506,-0.7027926250471097,-0.5009787698630976,50,7.574599956794987,4.577143027205859,350,4,350,0.0002,10,0.05,16.38231372833252,31.2265625,0.4979918599128723,0.2517249584197998,0,0,0,0,0,0,1,2,16.38231325149536,31.2265625,50,1.9925140482466668,1.9940632459614427,2.0004559218487703,7,0.006803515387641176,False,completed,15.125940799713135,31.2265625,0.05,0.01,0.4979918599128723,7.83132530120482e-05,1.1702127659574468,220,,,,,,,,,,,,,,,,,,,,,,,,,,,,,,,,,,,,,,,,,,,
llama3_8b_lora_l40_protocol_v3_phase1_r16_seed43__1776439424,llama3_8b_lora_l40_protocol_v3_phase1_r16_seed43,lora,train_and_eval,protocol_v3,logging_v2,meta-llama/Meta-Llama-3-8B,False,False,43,16,32,350,8,1024,7.96124154702041,7.269486182795859,7.269486182795859,1088.8724,0.321,completed,outputs/experiments/protocol_v3/llama3_8b_lora_l40_protocol_v3_phase1_r16_seed43/reports/comparison_row.json,outputs/experiments/protocol_v3/llama3_8b_lora_l40_protocol_v3_phase1_r16_seed43/reports/metrics_history.jsonl,230,1.2234042553191489,train_log,2026-04-17T15:42:46.230391+00:00,1.844,16.196958541870117,16.46484375,8.277392581842097,5.078121797068957,7.574599956794987,4.577143027205859,350,-0.6917553642245506,-0.7027926250471097,-0.5009787698630976,-0.6917553642245506,-0.7027926250471097,-0.5009787698630976,50,7.574599956794987,4.577143027205859,350,4,350,0.0002,10,0.05,16.38231372833252,31.2265625,0.4979918599128723,0.2517249584197998,0,0,0,0,0,0,1,2,16.38231325149536,31.2265625,50,1.9925140482466668,1.9940632459614427,2.0004559218487703,7,0.006803515387641176,False,completed,15.125940799713135,31.2265625,0.05,0.01,0.35373932123184204,7.228915662650602e-05,1.2234042553191489,230,,,,,,,,,,,,,,,,,,,,,,,,,,,,,,,,,,,,,,,,,,,
llama3_8b_lora_l40_protocol_v3_phase1_r16_seed43__1776439424,llama3_8b_lora_l40_protocol_v3_phase1_r16_seed43,lora,train_and_eval,protocol_v3,logging_v2,meta-llama/Meta-Llama-3-8B,False,False,43,16,32,350,8,1024,7.96124154702041,7.269486182795859,7.269486182795859,1088.8724,0.321,completed,outputs/experiments/protocol_v3/llama3_8b_lora_l40_protocol_v3_phase1_r16_seed43/reports/comparison_row.json,outputs/experiments/protocol_v3/llama3_8b_lora_l40_protocol_v3_phase1_r16_seed43/reports/metrics_history.jsonl,240,1.2765957446808511,train_log,2026-04-17T15:42:46.230395+00:00,1.8927,16.196958541870117,16.46484375,8.277392581842097,5.078121797068957,7.574599956794987,4.577143027205859,350,-0.6917553642245506,-0.7027926250471097,-0.5009787698630976,-0.6917553642245506,-0.7027926250471097,-0.5009787698630976,50,7.574599956794987,4.577143027205859,350,4,350,0.0002,10,0.05,16.38231372833252,31.2265625,0.4979918599128723,0.2517249584197998,0,0,0,0,0,0,1,2,16.38231325149536,31.2265625,50,1.9925140482466668,1.9940632459614427,2.0004559218487703,7,0.006803515387641176,False,completed,15.125940799713135,31.2265625,0.05,0.01,0.3826989233493805,6.626506024096386e-05,1.2765957446808511,240,,,,,,,,,,,,,,,,,,,,,,,,,,,,,,,,,,,,,,,,,,,
llama3_8b_lora_l40_protocol_v3_phase1_r16_seed43__1776439424,llama3_8b_lora_l40_protocol_v3_phase1_r16_seed43,lora,train_and_eval,protocol_v3,logging_v2,meta-llama/Meta-Llama-3-8B,False,False,43,16,32,350,8,1024,7.96124154702041,7.269486182795859,7.269486182795859,1088.8724,0.321,completed,outputs/experiments/protocol_v3/llama3_8b_lora_l40_protocol_v3_phase1_r16_seed43/reports/comparison_row.json,outputs/experiments/protocol_v3/llama3_8b_lora_l40_protocol_v3_phase1_r16_seed43/reports/metrics_history.jsonl,250,1.3297872340425532,train_log,2026-04-17T15:42:46.230398+00:00,1.8718,16.196958541870117,16.46484375,8.277392581842097,5.078121797068957,7.574599956794987,4.577143027205859,350,-0.6917553642245506,-0.7027926250471097,-0.5009787698630976,-0.6917553642245506,-0.7027926250471097,-0.5009787698630976,50,7.574599956794987,4.577143027205859,350,4,350,0.0002,10,0.05,16.38231372833252,31.2265625,0.4979918599128723,0.2517249584197998,0,0,0,0,0,0,1,2,16.38231325149536,31.2265625,50,1.9925140482466668,1.9940632459614427,2.0004559218487703,7,0.006803515387641176,False,completed,15.125940799713135,31.2265625,0.05,0.01,0.3898366689682007,6.02409638554217e-05,1.3297872340425532,250,,,,,,,,,,,,,,,,,,,,,,,,,,,,,,,,,,,,,,,,,,,
llama3_8b_lora_l40_protocol_v3_phase1_r16_seed43__1776439424,llama3_8b_lora_l40_protocol_v3_phase1_r16_seed43,lora,train_and_eval,protocol_v3,logging_v2,meta-llama/Meta-Llama-3-8B,False,False,43,16,32,350,8,1024,7.96124154702041,7.269486182795859,7.269486182795859,1088.8724,0.321,completed,outputs/experiments/protocol_v3/llama3_8b_lora_l40_protocol_v3_phase1_r16_seed43/reports/comparison_row.json,outputs/experiments/protocol_v3/llama3_8b_lora_l40_protocol_v3_phase1_r16_seed43/reports/metrics_history.jsonl,250,1.3297872340425532,eval,2026-04-17T15:42:46.230403+00:00,,16.196958541870117,16.46484375,8.277392581842097,5.078121797068957,7.574599956794987,4.577143027205859,350,-0.6917553642245506,-0.7027926250471097,-0.5009787698630976,-0.6917553642245506,-0.7027926250471097,-0.5009787698630976,50,7.574599956794987,4.577143027205859,350,4,350,0.0002,10,0.05,16.38231372833252,31.2265625,0.4979918599128723,0.2517249584197998,0,0,0,0,0,0,1,2,16.38231325149536,31.2265625,50,1.9925140482466668,1.9940632459614427,2.0004559218487703,7,0.006803515387641176,False,completed,15.125940799713135,31.2265625,0.05,0.01,,,1.3297872340425532,250,1.9866299629211426,27.6371,9.227,9.227,,,,,,,,,,,,,,,,,,,,,,,,,,,,,,,,,,,,,,,
llama3_8b_lora_l40_protocol_v3_phase1_r16_seed43__1776439424,llama3_8b_lora_l40_protocol_v3_phase1_r16_seed43,lora,train_and_eval,protocol_v3,logging_v2,meta-llama/Meta-Llama-3-8B,False,False,43,16,32,350,8,1024,7.96124154702041,7.269486182795859,7.269486182795859,1088.8724,0.321,completed,outputs/experiments/protocol_v3/llama3_8b_lora_l40_protocol_v3_phase1_r16_seed43/reports/comparison_row.json,outputs/experiments/protocol_v3/llama3_8b_lora_l40_protocol_v3_phase1_r16_seed43/reports/metrics_history.jsonl,250,1.3297872340425532,eval,2026-04-17T15:42:46.230407+00:00,,16.196958541870117,16.46484375,8.277392581842097,5.078121797068957,7.574599956794987,4.577143027205859,350,-0.6917553642245506,-0.7027926250471097,-0.5009787698630976,-0.6917553642245506,-0.7027926250471097,-0.5009787698630976,50,7.574599956794987,4.577143027205859,350,4,350,0.0002,10,0.05,16.38231372833252,31.2265625,0.4979918599128723,0.2517249584197998,0,0,0,0,0,0,1,2,16.38231325149536,31.2265625,50,1.9925140482466668,1.9940632459614427,2.0004559218487703,7,0.006803515387641176,False,completed,15.125940799713135,31.2265625,0.05,0.01,,,1.3297872340425532,250,,,,,2.027557134628296,25.3731,9.222,9.222,,,,,,,,,,,,,,,,,,,,,,,,,,,,,,,,,,,
llama3_8b_lora_l40_protocol_v3_phase1_r16_seed43__1776439424,llama3_8b_lora_l40_protocol_v3_phase1_r16_seed43,lora,train_and_eval,protocol_v3,logging_v2,meta-llama/Meta-Llama-3-8B,False,False,43,16,32,350,8,1024,7.96124154702041,7.269486182795859,7.269486182795859,1088.8724,0.321,completed,outputs/experiments/protocol_v3/llama3_8b_lora_l40_protocol_v3_phase1_r16_seed43/reports/comparison_row.json,outputs/experiments/protocol_v3/llama3_8b_lora_l40_protocol_v3_phase1_r16_seed43/reports/metrics_history.jsonl,250,1.3297872340425532,eval,2026-04-17T15:42:46.230411+00:00,,16.196958541870117,16.46484375,8.277392581842097,5.078121797068957,7.574599956794987,4.577143027205859,350,-0.6917553642245506,-0.7027926250471097,-0.5009787698630976,-0.6917553642245506,-0.7027926250471097,-0.5009787698630976,50,7.574599956794987,4.577143027205859,350,4,350,0.0002,10,0.05,16.38231372833252,31.2265625,0.4979918599128723,0.2517249584197998,0,0,0,0,0,0,1,2,16.38231325149536,31.2265625,50,1.9925140482466668,1.9940632459614427,2.0004559218487703,7,0.006803515387641176,False,completed,15.125940799713135,31.2265625,0.05,0.01,,,1.3297872340425532,250,,,,,,,,,1.5262562036514282,2.2754,9.229,9.229,,,,,,,,,,,,,,,,,,,,,,,,,,,,,,,
llama3_8b_lora_l40_protocol_v3_phase1_r16_seed43__1776439424,llama3_8b_lora_l40_protocol_v3_phase1_r16_seed43,lora,train_and_eval,protocol_v3,logging_v2,meta-llama/Meta-Llama-3-8B,False,False,43,16,32,350,8,1024,7.96124154702041,7.269486182795859,7.269486182795859,1088.8724,0.321,completed,outputs/experiments/protocol_v3/llama3_8b_lora_l40_protocol_v3_phase1_r16_seed43/reports/comparison_row.json,outputs/experiments/protocol_v3/llama3_8b_lora_l40_protocol_v3_phase1_r16_seed43/reports/metrics_history.jsonl,250,1.3297872340425532,eval,2026-04-17T15:42:46.230419+00:00,,16.196958541870117,16.46484375,8.277392581842097,5.078121797068957,7.574599956794987,4.577143027205859,350,-0.6917553642245506,-0.7027926250471097,-0.5009787698630976,-0.6917553642245506,-0.7027926250471097,-0.5009787698630976,50,7.574599956794987,4.577143027205859,350,4,350,0.0002,10,0.05,16.38231372833252,31.2265625,0.4979918599128723,0.2517249584197998,0,0,0,0,0,0,1,2,16.38231325149536,31.2265625,50,1.9925140482466668,1.9940632459614427,2.0004559218487703,7,0.006803515387641176,False,completed,15.125940799713135,31.2265625,0.05,0.01,,,1.3297872340425532,250,1.9866299629211426,27.6371,9.227,9.227,2.027557134628296,25.3731,9.222,9.222,1.5262562036514282,2.2754,9.229,9.229,7.290921637459245,16.38231372833252,31.2265625,16.38231372833252,31.2265625,16.38231372833252,31.2265625,7.595508871265987,16.38231372833252,31.2265625,16.38231372833252,31.2265625,16.38231372833252,31.2265625,4.600919632633635,16.38231325149536,31.2265625,16.38231325149536,31.2265625,16.38231325149536,31.2265625,1.9940632459614427,1.9942266979487613,1.999554505001288,0.003480457235321063,50,,,,,
llama3_8b_lora_l40_protocol_v3_phase1_r16_seed43__1776439424,llama3_8b_lora_l40_protocol_v3_phase1_r16_seed43,lora,train_and_eval,protocol_v3,logging_v2,meta-llama/Meta-Llama-3-8B,False,False,43,16,32,350,8,1024,7.96124154702041,7.269486182795859,7.269486182795859,1088.8724,0.321,completed,outputs/experiments/protocol_v3/llama3_8b_lora_l40_protocol_v3_phase1_r16_seed43/reports/comparison_row.json,outputs/experiments/protocol_v3/llama3_8b_lora_l40_protocol_v3_phase1_r16_seed43/reports/metrics_history.jsonl,260,1.3829787234042552,train_log,2026-04-17T15:42:46.230427+00:00,1.8584,16.196958541870117,16.46484375,8.277392581842097,5.078121797068957,7.574599956794987,4.577143027205859,350,-0.6917553642245506,-0.7027926250471097,-0.5009787698630976,-0.6917553642245506,-0.7027926250471097,-0.5009787698630976,50,7.574599956794987,4.577143027205859,350,4,350,0.0002,10,0.05,16.38231372833252,31.2265625,0.4979918599128723,0.2517249584197998,0,0,0,0,0,0,1,2,16.38231325149536,31.2265625,50,1.9925140482466668,1.9940632459614427,2.0004559218487703,7,0.006803515387641176,False,completed,15.125940799713135,31.2265625,0.05,0.01,0.3690107464790344,5.4216867469879516e-05,1.3829787234042552,260,,,,,,,,,,,,,,,,,,,,,,,,,,,,,,,,,,,,,,,,,,,
llama3_8b_lora_l40_protocol_v3_phase1_r16_seed43__1776439424,llama3_8b_lora_l40_protocol_v3_phase1_r16_seed43,lora,train_and_eval,protocol_v3,logging_v2,meta-llama/Meta-Llama-3-8B,False,False,43,16,32,350,8,1024,7.96124154702041,7.269486182795859,7.269486182795859,1088.8724,0.321,completed,outputs/experiments/protocol_v3/llama3_8b_lora_l40_protocol_v3_phase1_r16_seed43/reports/comparison_row.json,outputs/experiments/protocol_v3/llama3_8b_lora_l40_protocol_v3_phase1_r16_seed43/reports/metrics_history.jsonl,270,1.4361702127659575,train_log,2026-04-17T15:42:46.230431+00:00,1.8655,16.196958541870117,16.46484375,8.277392581842097,5.078121797068957,7.574599956794987,4.577143027205859,350,-0.6917553642245506,-0.7027926250471097,-0.5009787698630976,-0.6917553642245506,-0.7027926250471097,-0.5009787698630976,50,7.574599956794987,4.577143027205859,350,4,350,0.0002,10,0.05,16.38231372833252,31.2265625,0.4979918599128723,0.2517249584197998,0,0,0,0,0,0,1,2,16.38231325149536,31.2265625,50,1.9925140482466668,1.9940632459614427,2.0004559218487703,7,0.006803515387641176,False,completed,15.125940799713135,31.2265625,0.05,0.01,0.42285361886024475,4.8192771084337354e-05,1.4361702127659575,270,,,,,,,,,,,,,,,,,,,,,,,,,,,,,,,,,,,,,,,,,,,
llama3_8b_lora_l40_protocol_v3_phase1_r16_seed43__1776439424,llama3_8b_lora_l40_protocol_v3_phase1_r16_seed43,lora,train_and_eval,protocol_v3,logging_v2,meta-llama/Meta-Llama-3-8B,False,False,43,16,32,350,8,1024,7.96124154702041,7.269486182795859,7.269486182795859,1088.8724,0.321,completed,outputs/experiments/protocol_v3/llama3_8b_lora_l40_protocol_v3_phase1_r16_seed43/reports/comparison_row.json,outputs/experiments/protocol_v3/llama3_8b_lora_l40_protocol_v3_phase1_r16_seed43/reports/metrics_history.jsonl,280,1.4893617021276595,train_log,2026-04-17T15:42:46.230435+00:00,1.8173,16.196958541870117,16.46484375,8.277392581842097,5.078121797068957,7.574599956794987,4.577143027205859,350,-0.6917553642245506,-0.7027926250471097,-0.5009787698630976,-0.6917553642245506,-0.7027926250471097,-0.5009787698630976,50,7.574599956794987,4.577143027205859,350,4,350,0.0002,10,0.05,16.38231372833252,31.2265625,0.4979918599128723,0.2517249584197998,0,0,0,0,0,0,1,2,16.38231325149536,31.2265625,50,1.9925140482466668,1.9940632459614427,2.0004559218487703,7,0.006803515387641176,False,completed,15.125940799713135,31.2265625,0.05,0.01,0.4495975971221924,4.2168674698795186e-05,1.4893617021276595,280,,,,,,,,,,,,,,,,,,,,,,,,,,,,,,,,,,,,,,,,,,,
llama3_8b_lora_l40_protocol_v3_phase1_r16_seed43__1776439424,llama3_8b_lora_l40_protocol_v3_phase1_r16_seed43,lora,train_and_eval,protocol_v3,logging_v2,meta-llama/Meta-Llama-3-8B,False,False,43,16,32,350,8,1024,7.96124154702041,7.269486182795859,7.269486182795859,1088.8724,0.321,completed,outputs/experiments/protocol_v3/llama3_8b_lora_l40_protocol_v3_phase1_r16_seed43/reports/comparison_row.json,outputs/experiments/protocol_v3/llama3_8b_lora_l40_protocol_v3_phase1_r16_seed43/reports/metrics_history.jsonl,290,1.5425531914893615,train_log,2026-04-17T15:42:46.230439+00:00,1.8371,16.196958541870117,16.46484375,8.277392581842097,5.078121797068957,7.574599956794987,4.577143027205859,350,-0.6917553642245506,-0.7027926250471097,-0.5009787698630976,-0.6917553642245506,-0.7027926250471097,-0.5009787698630976,50,7.574599956794987,4.577143027205859,350,4,350,0.0002,10,0.05,16.38231372833252,31.2265625,0.4979918599128723,0.2517249584197998,0,0,0,0,0,0,1,2,16.38231325149536,31.2265625,50,1.9925140482466668,1.9940632459614427,2.0004559218487703,7,0.006803515387641176,False,completed,15.125940799713135,31.2265625,0.05,0.01,0.40853533148765564,3.614457831325301e-05,1.5425531914893615,290,,,,,,,,,,,,,,,,,,,,,,,,,,,,,,,,,,,,,,,,,,,
llama3_8b_lora_l40_protocol_v3_phase1_r16_seed43__1776439424,llama3_8b_lora_l40_protocol_v3_phase1_r16_seed43,lora,train_and_eval,protocol_v3,logging_v2,meta-llama/Meta-Llama-3-8B,False,False,43,16,32,350,8,1024,7.96124154702041,7.269486182795859,7.269486182795859,1088.8724,0.321,completed,outputs/experiments/protocol_v3/llama3_8b_lora_l40_protocol_v3_phase1_r16_seed43/reports/comparison_row.json,outputs/experiments/protocol_v3/llama3_8b_lora_l40_protocol_v3_phase1_r16_seed43/reports/metrics_history.jsonl,300,1.5957446808510638,train_log,2026-04-17T15:42:46.230442+00:00,1.8584,16.196958541870117,16.46484375,8.277392581842097,5.078121797068957,7.574599956794987,4.577143027205859,350,-0.6917553642245506,-0.7027926250471097,-0.5009787698630976,-0.6917553642245506,-0.7027926250471097,-0.5009787698630976,50,7.574599956794987,4.577143027205859,350,4,350,0.0002,10,0.05,16.38231372833252,31.2265625,0.4979918599128723,0.2517249584197998,0,0,0,0,0,0,1,2,16.38231325149536,31.2265625,50,1.9925140482466668,1.9940632459614427,2.0004559218487703,7,0.006803515387641176,False,completed,15.125940799713135,31.2265625,0.05,0.01,0.3921803832054138,3.012048192771085e-05,1.5957446808510638,300,,,,,,,,,,,,,,,,,,,,,,,,,,,,,,,,,,,,,,,,,,,
llama3_8b_lora_l40_protocol_v3_phase1_r16_seed43__1776439424,llama3_8b_lora_l40_protocol_v3_phase1_r16_seed43,lora,train_and_eval,protocol_v3,logging_v2,meta-llama/Meta-Llama-3-8B,False,False,43,16,32,350,8,1024,7.96124154702041,7.269486182795859,7.269486182795859,1088.8724,0.321,completed,outputs/experiments/protocol_v3/llama3_8b_lora_l40_protocol_v3_phase1_r16_seed43/reports/comparison_row.json,outputs/experiments/protocol_v3/llama3_8b_lora_l40_protocol_v3_phase1_r16_seed43/reports/metrics_history.jsonl,300,1.5957446808510638,eval,2026-04-17T15:42:46.230447+00:00,,16.196958541870117,16.46484375,8.277392581842097,5.078121797068957,7.574599956794987,4.577143027205859,350,-0.6917553642245506,-0.7027926250471097,-0.5009787698630976,-0.6917553642245506,-0.7027926250471097,-0.5009787698630976,50,7.574599956794987,4.577143027205859,350,4,350,0.0002,10,0.05,16.38231372833252,31.2265625,0.4979918599128723,0.2517249584197998,0,0,0,0,0,0,1,2,16.38231325149536,31.2265625,50,1.9925140482466668,1.9940632459614427,2.0004559218487703,7,0.006803515387641176,False,completed,15.125940799713135,31.2265625,0.05,0.01,,,1.5957446808510638,300,1.9849283695220947,27.3748,9.315,9.315,,,,,,,,,,,,,,,,,,,,,,,,,,,,,,,,,,,,,,,
llama3_8b_lora_l40_protocol_v3_phase1_r16_seed43__1776439424,llama3_8b_lora_l40_protocol_v3_phase1_r16_seed43,lora,train_and_eval,protocol_v3,logging_v2,meta-llama/Meta-Llama-3-8B,False,False,43,16,32,350,8,1024,7.96124154702041,7.269486182795859,7.269486182795859,1088.8724,0.321,completed,outputs/experiments/protocol_v3/llama3_8b_lora_l40_protocol_v3_phase1_r16_seed43/reports/comparison_row.json,outputs/experiments/protocol_v3/llama3_8b_lora_l40_protocol_v3_phase1_r16_seed43/reports/metrics_history.jsonl,300,1.5957446808510638,eval,2026-04-17T15:42:46.230451+00:00,,16.196958541870117,16.46484375,8.277392581842097,5.078121797068957,7.574599956794987,4.577143027205859,350,-0.6917553642245506,-0.7027926250471097,-0.5009787698630976,-0.6917553642245506,-0.7027926250471097,-0.5009787698630976,50,7.574599956794987,4.577143027205859,350,4,350,0.0002,10,0.05,16.38231372833252,31.2265625,0.4979918599128723,0.2517249584197998,0,0,0,0,0,0,1,2,16.38231325149536,31.2265625,50,1.9925140482466668,1.9940632459614427,2.0004559218487703,7,0.006803515387641176,False,completed,15.125940799713135,31.2265625,0.05,0.01,,,1.5957446808510638,300,,,,,2.025913953781128,25.1446,9.306,9.306,,,,,,,,,,,,,,,,,,,,,,,,,,,,,,,,,,,
llama3_8b_lora_l40_protocol_v3_phase1_r16_seed43__1776439424,llama3_8b_lora_l40_protocol_v3_phase1_r16_seed43,lora,train_and_eval,protocol_v3,logging_v2,meta-llama/Meta-Llama-3-8B,False,False,43,16,32,350,8,1024,7.96124154702041,7.269486182795859,7.269486182795859,1088.8724,0.321,completed,outputs/experiments/protocol_v3/llama3_8b_lora_l40_protocol_v3_phase1_r16_seed43/reports/comparison_row.json,outputs/experiments/protocol_v3/llama3_8b_lora_l40_protocol_v3_phase1_r16_seed43/reports/metrics_history.jsonl,300,1.5957446808510638,eval,2026-04-17T15:42:46.230455+00:00,,16.196958541870117,16.46484375,8.277392581842097,5.078121797068957,7.574599956794987,4.577143027205859,350,-0.6917553642245506,-0.7027926250471097,-0.5009787698630976,-0.6917553642245506,-0.7027926250471097,-0.5009787698630976,50,7.574599956794987,4.577143027205859,350,4,350,0.0002,10,0.05,16.38231372833252,31.2265625,0.4979918599128723,0.2517249584197998,0,0,0,0,0,0,1,2,16.38231325149536,31.2265625,50,1.9925140482466668,1.9940632459614427,2.0004559218487703,7,0.006803515387641176,False,completed,15.125940799713135,31.2265625,0.05,0.01,,,1.5957446808510638,300,,,,,,,,,1.5241196155548096,2.2588,9.297,9.297,,,,,,,,,,,,,,,,,,,,,,,,,,,,,,,
llama3_8b_lora_l40_protocol_v3_phase1_r16_seed43__1776439424,llama3_8b_lora_l40_protocol_v3_phase1_r16_seed43,lora,train_and_eval,protocol_v3,logging_v2,meta-llama/Meta-Llama-3-8B,False,False,43,16,32,350,8,1024,7.96124154702041,7.269486182795859,7.269486182795859,1088.8724,0.321,completed,outputs/experiments/protocol_v3/llama3_8b_lora_l40_protocol_v3_phase1_r16_seed43/reports/comparison_row.json,outputs/experiments/protocol_v3/llama3_8b_lora_l40_protocol_v3_phase1_r16_seed43/reports/metrics_history.jsonl,300,1.5957446808510638,eval,2026-04-17T15:42:46.230462+00:00,,16.196958541870117,16.46484375,8.277392581842097,5.078121797068957,7.574599956794987,4.577143027205859,350,-0.6917553642245506,-0.7027926250471097,-0.5009787698630976,-0.6917553642245506,-0.7027926250471097,-0.5009787698630976,50,7.574599956794987,4.577143027205859,350,4,350,0.0002,10,0.05,16.38231372833252,31.2265625,0.4979918599128723,0.2517249584197998,0,0,0,0,0,0,1,2,16.38231325149536,31.2265625,50,1.9925140482466668,1.9940632459614427,2.0004559218487703,7,0.006803515387641176,False,completed,15.125940799713135,31.2265625,0.05,0.01,,,1.5957446808510638,300,1.9849283695220947,27.3748,9.315,9.315,2.025913953781128,25.1446,9.306,9.306,1.5241196155548096,2.2588,9.297,9.297,7.278526002484176,16.38231372833252,31.2265625,16.38231372833252,31.2265625,16.38231372833252,31.2265625,7.583038325051493,16.38231372833252,31.2265625,16.38231372833252,31.2265625,16.38231372833252,31.2265625,4.5910998566568955,16.38231325149536,31.2265625,16.38231325149536,31.2265625,16.38231325149536,31.2265625,1.9824688238231465,1.9822434454690665,1.9878847324987874,0.003108255902173299,50,,,,,
llama3_8b_lora_l40_protocol_v3_phase1_r16_seed43__1776439424,llama3_8b_lora_l40_protocol_v3_phase1_r16_seed43,lora,train_and_eval,protocol_v3,logging_v2,meta-llama/Meta-Llama-3-8B,False,False,43,16,32,350,8,1024,7.96124154702041,7.269486182795859,7.269486182795859,1088.8724,0.321,completed,outputs/experiments/protocol_v3/llama3_8b_lora_l40_protocol_v3_phase1_r16_seed43/reports/comparison_row.json,outputs/experiments/protocol_v3/llama3_8b_lora_l40_protocol_v3_phase1_r16_seed43/reports/metrics_history.jsonl,310,1.648936170212766,train_log,2026-04-17T15:42:46.230470+00:00,1.8253,16.196958541870117,16.46484375,8.277392581842097,5.078121797068957,7.574599956794987,4.577143027205859,350,-0.6917553642245506,-0.7027926250471097,-0.5009787698630976,-0.6917553642245506,-0.7027926250471097,-0.5009787698630976,50,7.574599956794987,4.577143027205859,350,4,350,0.0002,10,0.05,16.38231372833252,31.2265625,0.4979918599128723,0.2517249584197998,0,0,0,0,0,0,1,2,16.38231325149536,31.2265625,50,1.9925140482466668,1.9940632459614427,2.0004559218487703,7,0.006803515387641176,False,completed,15.125940799713135,31.2265625,0.05,0.01,0.41887444257736206,2.4096385542168677e-05,1.648936170212766,310,,,,,,,,,,,,,,,,,,,,,,,,,,,,,,,,,,,,,,,,,,,
llama3_8b_lora_l40_protocol_v3_phase1_r16_seed43__1776439424,llama3_8b_lora_l40_protocol_v3_phase1_r16_seed43,lora,train_and_eval,protocol_v3,logging_v2,meta-llama/Meta-Llama-3-8B,False,False,43,16,32,350,8,1024,7.96124154702041,7.269486182795859,7.269486182795859,1088.8724,0.321,completed,outputs/experiments/protocol_v3/llama3_8b_lora_l40_protocol_v3_phase1_r16_seed43/reports/comparison_row.json,outputs/experiments/protocol_v3/llama3_8b_lora_l40_protocol_v3_phase1_r16_seed43/reports/metrics_history.jsonl,320,1.702127659574468,train_log,2026-04-17T15:42:46.230474+00:00,1.8582,16.196958541870117,16.46484375,8.277392581842097,5.078121797068957,7.574599956794987,4.577143027205859,350,-0.6917553642245506,-0.7027926250471097,-0.5009787698630976,-0.6917553642245506,-0.7027926250471097,-0.5009787698630976,50,7.574599956794987,4.577143027205859,350,4,350,0.0002,10,0.05,16.38231372833252,31.2265625,0.4979918599128723,0.2517249584197998,0,0,0,0,0,0,1,2,16.38231325149536,31.2265625,50,1.9925140482466668,1.9940632459614427,2.0004559218487703,7,0.006803515387641176,False,completed,15.125940799713135,31.2265625,0.05,0.01,0.38672876358032227,1.8072289156626505e-05,1.702127659574468,320,,,,,,,,,,,,,,,,,,,,,,,,,,,,,,,,,,,,,,,,,,,
llama3_8b_lora_l40_protocol_v3_phase1_r16_seed43__1776439424,llama3_8b_lora_l40_protocol_v3_phase1_r16_seed43,lora,train_and_eval,protocol_v3,logging_v2,meta-llama/Meta-Llama-3-8B,False,False,43,16,32,350,8,1024,7.96124154702041,7.269486182795859,7.269486182795859,1088.8724,0.321,completed,outputs/experiments/protocol_v3/llama3_8b_lora_l40_protocol_v3_phase1_r16_seed43/reports/comparison_row.json,outputs/experiments/protocol_v3/llama3_8b_lora_l40_protocol_v3_phase1_r16_seed43/reports/metrics_history.jsonl,330,1.7553191489361701,train_log,2026-04-17T15:42:46.230478+00:00,1.8175,16.196958541870117,16.46484375,8.277392581842097,5.078121797068957,7.574599956794987,4.577143027205859,350,-0.6917553642245506,-0.7027926250471097,-0.5009787698630976,-0.6917553642245506,-0.7027926250471097,-0.5009787698630976,50,7.574599956794987,4.577143027205859,350,4,350,0.0002,10,0.05,16.38231372833252,31.2265625,0.4979918599128723,0.2517249584197998,0,0,0,0,0,0,1,2,16.38231325149536,31.2265625,50,1.9925140482466668,1.9940632459614427,2.0004559218487703,7,0.006803515387641176,False,completed,15.125940799713135,31.2265625,0.05,0.01,0.4096541404724121,1.2048192771084338e-05,1.7553191489361701,330,,,,,,,,,,,,,,,,,,,,,,,,,,,,,,,,,,,,,,,,,,,
llama3_8b_lora_l40_protocol_v3_phase1_r16_seed43__1776439424,llama3_8b_lora_l40_protocol_v3_phase1_r16_seed43,lora,train_and_eval,protocol_v3,logging_v2,meta-llama/Meta-Llama-3-8B,False,False,43,16,32,350,8,1024,7.96124154702041,7.269486182795859,7.269486182795859,1088.8724,0.321,completed,outputs/experiments/protocol_v3/llama3_8b_lora_l40_protocol_v3_phase1_r16_seed43/reports/comparison_row.json,outputs/experiments/protocol_v3/llama3_8b_lora_l40_protocol_v3_phase1_r16_seed43/reports/metrics_history.jsonl,340,1.8085106382978724,train_log,2026-04-17T15:42:46.230481+00:00,1.9562,16.196958541870117,16.46484375,8.277392581842097,5.078121797068957,7.574599956794987,4.577143027205859,350,-0.6917553642245506,-0.7027926250471097,-0.5009787698630976,-0.6917553642245506,-0.7027926250471097,-0.5009787698630976,50,7.574599956794987,4.577143027205859,350,4,350,0.0002,10,0.05,16.38231372833252,31.2265625,0.4979918599128723,0.2517249584197998,0,0,0,0,0,0,1,2,16.38231325149536,31.2265625,50,1.9925140482466668,1.9940632459614427,2.0004559218487703,7,0.006803515387641176,False,completed,15.125940799713135,31.2265625,0.05,0.01,0.42711934447288513,6.024096385542169e-06,1.8085106382978724,340,,,,,,,,,,,,,,,,,,,,,,,,,,,,,,,,,,,,,,,,,,,
llama3_8b_lora_l40_protocol_v3_phase1_r16_seed43__1776439424,llama3_8b_lora_l40_protocol_v3_phase1_r16_seed43,lora,train_and_eval,protocol_v3,logging_v2,meta-llama/Meta-Llama-3-8B,False,False,43,16,32,350,8,1024,7.96124154702041,7.269486182795859,7.269486182795859,1088.8724,0.321,completed,outputs/experiments/protocol_v3/llama3_8b_lora_l40_protocol_v3_phase1_r16_seed43/reports/comparison_row.json,outputs/experiments/protocol_v3/llama3_8b_lora_l40_protocol_v3_phase1_r16_seed43/reports/metrics_history.jsonl,350,1.8617021276595744,train_log,2026-04-17T15:42:46.230485+00:00,1.8716,16.196958541870117,16.46484375,8.277392581842097,5.078121797068957,7.574599956794987,4.577143027205859,350,-0.6917553642245506,-0.7027926250471097,-0.5009787698630976,-0.6917553642245506,-0.7027926250471097,-0.5009787698630976,50,7.574599956794987,4.577143027205859,350,4,350,0.0002,10,0.05,16.38231372833252,31.2265625,0.4979918599128723,0.2517249584197998,0,0,0,0,0,0,1,2,16.38231325149536,31.2265625,50,1.9925140482466668,1.9940632459614427,2.0004559218487703,7,0.006803515387641176,False,completed,15.125940799713135,31.2265625,0.05,0.01,0.398973673582077,0.0,1.8617021276595744,350,,,,,,,,,,,,,,,,,,,,,,,,,,,,,,,,,,,,,,,,,,,
llama3_8b_lora_l40_protocol_v3_phase1_r16_seed43__1776439424,llama3_8b_lora_l40_protocol_v3_phase1_r16_seed43,lora,train_and_eval,protocol_v3,logging_v2,meta-llama/Meta-Llama-3-8B,False,False,43,16,32,350,8,1024,7.96124154702041,7.269486182795859,7.269486182795859,1088.8724,0.321,completed,outputs/experiments/protocol_v3/llama3_8b_lora_l40_protocol_v3_phase1_r16_seed43/reports/comparison_row.json,outputs/experiments/protocol_v3/llama3_8b_lora_l40_protocol_v3_phase1_r16_seed43/reports/metrics_history.jsonl,350,1.8617021276595744,eval,2026-04-17T15:42:46.230489+00:00,,16.196958541870117,16.46484375,8.277392581842097,5.078121797068957,7.574599956794987,4.577143027205859,350,-0.6917553642245506,-0.7027926250471097,-0.5009787698630976,-0.6917553642245506,-0.7027926250471097,-0.5009787698630976,50,7.574599956794987,4.577143027205859,350,4,350,0.0002,10,0.05,16.38231372833252,31.2265625,0.4979918599128723,0.2517249584197998,0,0,0,0,0,0,1,2,16.38231325149536,31.2265625,50,1.9925140482466668,1.9940632459614427,2.0004559218487703,7,0.006803515387641176,False,completed,15.125940799713135,31.2265625,0.05,0.01,,,1.8617021276595744,350,1.9836856126785278,27.6859,9.21,9.21,,,,,,,,,,,,,,,,,,,,,,,,,,,,,,,,,,,,,,,
llama3_8b_lora_l40_protocol_v3_phase1_r16_seed43__1776439424,llama3_8b_lora_l40_protocol_v3_phase1_r16_seed43,lora,train_and_eval,protocol_v3,logging_v2,meta-llama/Meta-Llama-3-8B,False,False,43,16,32,350,8,1024,7.96124154702041,7.269486182795859,7.269486182795859,1088.8724,0.321,completed,outputs/experiments/protocol_v3/llama3_8b_lora_l40_protocol_v3_phase1_r16_seed43/reports/comparison_row.json,outputs/experiments/protocol_v3/llama3_8b_lora_l40_protocol_v3_phase1_r16_seed43/reports/metrics_history.jsonl,350,1.8617021276595744,eval,2026-04-17T15:42:46.230493+00:00,,16.196958541870117,16.46484375,8.277392581842097,5.078121797068957,7.574599956794987,4.577143027205859,350,-0.6917553642245506,-0.7027926250471097,-0.5009787698630976,-0.6917553642245506,-0.7027926250471097,-0.5009787698630976,50,7.574599956794987,4.577143027205859,350,4,350,0.0002,10,0.05,16.38231372833252,31.2265625,0.4979918599128723,0.2517249584197998,0,0,0,0,0,0,1,2,16.38231325149536,31.2265625,50,1.9925140482466668,1.9940632459614427,2.0004559218487703,7,0.006803515387641176,False,completed,15.125940799713135,31.2265625,0.05,0.01,,,1.8617021276595744,350,,,,,2.0248005390167236,25.4073,9.21,9.21,,,,,,,,,,,,,,,,,,,,,,,,,,,,,,,,,,,
llama3_8b_lora_l40_protocol_v3_phase1_r16_seed43__1776439424,llama3_8b_lora_l40_protocol_v3_phase1_r16_seed43,lora,train_and_eval,protocol_v3,logging_v2,meta-llama/Meta-Llama-3-8B,False,False,43,16,32,350,8,1024,7.96124154702041,7.269486182795859,7.269486182795859,1088.8724,0.321,completed,outputs/experiments/protocol_v3/llama3_8b_lora_l40_protocol_v3_phase1_r16_seed43/reports/comparison_row.json,outputs/experiments/protocol_v3/llama3_8b_lora_l40_protocol_v3_phase1_r16_seed43/reports/metrics_history.jsonl,350,1.8617021276595744,eval,2026-04-17T15:42:46.230499+00:00,,16.196958541870117,16.46484375,8.277392581842097,5.078121797068957,7.574599956794987,4.577143027205859,350,-0.6917553642245506,-0.7027926250471097,-0.5009787698630976,-0.6917553642245506,-0.7027926250471097,-0.5009787698630976,50,7.574599956794987,4.577143027205859,350,4,350,0.0002,10,0.05,16.38231372833252,31.2265625,0.4979918599128723,0.2517249584197998,0,0,0,0,0,0,1,2,16.38231325149536,31.2265625,50,1.9925140482466668,1.9940632459614427,2.0004559218487703,7,0.006803515387641176,False,completed,15.125940799713135,31.2265625,0.05,0.01,,,1.8617021276595744,350,,,,,,,,,1.5210750102996826,2.2807,9.208,9.208,,,,,,,,,,,,,,,,,,,,,,,,,,,,,,,
llama3_8b_lora_l40_protocol_v3_phase1_r16_seed43__1776439424,llama3_8b_lora_l40_protocol_v3_phase1_r16_seed43,lora,train_and_eval,protocol_v3,logging_v2,meta-llama/Meta-Llama-3-8B,False,False,43,16,32,350,8,1024,7.96124154702041,7.269486182795859,7.269486182795859,1088.8724,0.321,completed,outputs/experiments/protocol_v3/llama3_8b_lora_l40_protocol_v3_phase1_r16_seed43/reports/comparison_row.json,outputs/experiments/protocol_v3/llama3_8b_lora_l40_protocol_v3_phase1_r16_seed43/reports/metrics_history.jsonl,350,1.8617021276595744,eval,2026-04-17T15:42:46.230506+00:00,,16.196958541870117,16.46484375,8.277392581842097,5.078121797068957,7.574599956794987,4.577143027205859,350,-0.6917553642245506,-0.7027926250471097,-0.5009787698630976,-0.6917553642245506,-0.7027926250471097,-0.5009787698630976,50,7.574599956794987,4.577143027205859,350,4,350,0.0002,10,0.05,16.38231372833252,31.2265625,0.4979918599128723,0.2517249584197998,0,0,0,0,0,0,1,2,16.38231325149536,31.2265625,50,1.9925140482466668,1.9940632459614427,2.0004559218487703,7,0.006803515387641176,False,completed,15.125940799713135,31.2265625,0.05,0.01,,,1.8617021276595744,350,1.9836856126785278,27.6859,9.21,9.21,2.0248005390167236,25.4073,9.21,9.21,1.5210750102996826,2.2807,9.208,9.208,7.269486182795859,16.38231372833252,31.2265625,16.38231372833252,31.2265625,16.38231372833252,31.2265625,7.574599956794987,16.38231372833252,31.2265625,16.38231372833252,31.2265625,16.38231372833252,31.2265625,4.577143027205859,16.38231325149536,31.2265625,16.38231325149536,31.2265625,16.38231325149536,31.2265625,1.991448937803507,1.9912956638727337,1.995629138301592,0.002838792055849676,50,,,,,
llama3_8b_lora_l40_protocol_v3_phase1_r16_seed43__1776439424,llama3_8b_lora_l40_protocol_v3_phase1_r16_seed43,lora,train_and_eval,protocol_v3,logging_v2,meta-llama/Meta-Llama-3-8B,False,False,43,16,32,350,8,1024,7.96124154702041,7.269486182795859,7.269486182795859,1088.8724,0.321,completed,outputs/experiments/protocol_v3/llama3_8b_lora_l40_protocol_v3_phase1_r16_seed43/reports/comparison_row.json,outputs/experiments/protocol_v3/llama3_8b_lora_l40_protocol_v3_phase1_r16_seed43/reports/metrics_history.jsonl,350,1.8617021276595744,system,2026-04-17T15:42:46.230515+00:00,,16.196958541870117,16.46484375,8.277392581842097,5.078121797068957,7.574599956794987,4.577143027205859,350,-0.6917553642245506,-0.7027926250471097,-0.5009787698630976,-0.6917553642245506,-0.7027926250471097,-0.5009787698630976,50,7.574599956794987,4.577143027205859,350,4,350,0.0002,10,0.05,16.38231372833252,31.2265625,0.4979918599128723,0.2517249584197998,0,0,0,0,0,0,1,2,16.38231325149536,31.2265625,50,1.9925140482466668,1.9940632459614427,2.0004559218487703,7,0.006803515387641176,False,completed,15.125940799713135,31.2265625,0.05,0.01,,,1.8617021276595744,350,,,,,,,,,,,,,,,,,,,,,,,,,,,,,,,,,,,,,,,1088.8724,2.571,0.321,1.29343225331712e+17,1.9164565876552038
llama3_8b_lora_l40_protocol_v3_phase1_r16_seed44__1776440575,llama3_8b_lora_l40_protocol_v3_phase1_r16_seed44,lora,train_and_eval,protocol_v3,logging_v2,meta-llama/Meta-Llama-3-8B,False,False,44,16,32,350,8,1024,7.96124154702041,7.265148459928398,7.265148459928398,1091.6039,0.321,completed,outputs/experiments/protocol_v3/llama3_8b_lora_l40_protocol_v3_phase1_r16_seed44/reports/comparison_row.json,outputs/experiments/protocol_v3/llama3_8b_lora_l40_protocol_v3_phase1_r16_seed44/reports/metrics_history.jsonl,10,0.05319148936170213,train_log,2026-04-17T16:02:00.261252+00:00,2.0432,16.196958541870117,16.46484375,8.277392581842097,5.078121797068957,7.570855393482882,4.57523478348307,350,-0.6960930870920112,-0.7065371883592153,-0.5028870135858874,-0.6960930870920112,-0.7065371883592153,-0.5028870135858874,50,7.570855393482882,4.57523478348307,350,4,350,0.0002,10,0.05,16.38231372833252,31.2265625,0.4894864559173584,0.25194603204727173,0,0,0,0,0,0,1,2,16.38231325149536,31.2265625,50,1.9973592313798143,1.9954355959733947,2.0069343756376767,7,0.005758018993877997,False,completed,15.125940799713135,31.2265625,0.05,0.01,0.25194603204727173,0.00011111111111111112,0.05319148936170213,10,,,,,,,,,,,,,,,,,,,,,,,,,,,,,,,,,,,,,,,,,,,
llama3_8b_lora_l40_protocol_v3_phase1_r16_seed44__1776440575,llama3_8b_lora_l40_protocol_v3_phase1_r16_seed44,lora,train_and_eval,protocol_v3,logging_v2,meta-llama/Meta-Llama-3-8B,False,False,44,16,32,350,8,1024,7.96124154702041,7.265148459928398,7.265148459928398,1091.6039,0.321,completed,outputs/experiments/protocol_v3/llama3_8b_lora_l40_protocol_v3_phase1_r16_seed44/reports/comparison_row.json,outputs/experiments/protocol_v3/llama3_8b_lora_l40_protocol_v3_phase1_r16_seed44/reports/metrics_history.jsonl,20,0.10638297872340426,train_log,2026-04-17T16:02:00.261277+00:00,2.0669,16.196958541870117,16.46484375,8.277392581842097,5.078121797068957,7.570855393482882,4.57523478348307,350,-0.6960930870920112,-0.7065371883592153,-0.5028870135858874,-0.6960930870920112,-0.7065371883592153,-0.5028870135858874,50,7.570855393482882,4.57523478348307,350,4,350,0.0002,10,0.05,16.38231372833252,31.2265625,0.4894864559173584,0.25194603204727173,0,0,0,0,0,0,1,2,16.38231325149536,31.2265625,50,1.9973592313798143,1.9954355959733947,2.0069343756376767,7,0.005758018993877997,False,completed,15.125940799713135,31.2265625,0.05,0.01,0.34231099486351013,0.00019879518072289158,0.10638297872340426,20,,,,,,,,,,,,,,,,,,,,,,,,,,,,,,,,,,,,,,,,,,,
llama3_8b_lora_l40_protocol_v3_phase1_r16_seed44__1776440575,llama3_8b_lora_l40_protocol_v3_phase1_r16_seed44,lora,train_and_eval,protocol_v3,logging_v2,meta-llama/Meta-Llama-3-8B,False,False,44,16,32,350,8,1024,7.96124154702041,7.265148459928398,7.265148459928398,1091.6039,0.321,completed,outputs/experiments/protocol_v3/llama3_8b_lora_l40_protocol_v3_phase1_r16_seed44/reports/comparison_row.json,outputs/experiments/protocol_v3/llama3_8b_lora_l40_protocol_v3_phase1_r16_seed44/reports/metrics_history.jsonl,30,0.1595744680851064,train_log,2026-04-17T16:02:00.261283+00:00,1.9778,16.196958541870117,16.46484375,8.277392581842097,5.078121797068957,7.570855393482882,4.57523478348307,350,-0.6960930870920112,-0.7065371883592153,-0.5028870135858874,-0.6960930870920112,-0.7065371883592153,-0.5028870135858874,50,7.570855393482882,4.57523478348307,350,4,350,0.0002,10,0.05,16.38231372833252,31.2265625,0.4894864559173584,0.25194603204727173,0,0,0,0,0,0,1,2,16.38231325149536,31.2265625,50,1.9973592313798143,1.9954355959733947,2.0069343756376767,7,0.005758018993877997,False,completed,15.125940799713135,31.2265625,0.05,0.01,0.3322117030620575,0.00019277108433734942,0.1595744680851064,30,,,,,,,,,,,,,,,,,,,,,,,,,,,,,,,,,,,,,,,,,,,
llama3_8b_lora_l40_protocol_v3_phase1_r16_seed44__1776440575,llama3_8b_lora_l40_protocol_v3_phase1_r16_seed44,lora,train_and_eval,protocol_v3,logging_v2,meta-llama/Meta-Llama-3-8B,False,False,44,16,32,350,8,1024,7.96124154702041,7.265148459928398,7.265148459928398,1091.6039,0.321,completed,outputs/experiments/protocol_v3/llama3_8b_lora_l40_protocol_v3_phase1_r16_seed44/reports/comparison_row.json,outputs/experiments/protocol_v3/llama3_8b_lora_l40_protocol_v3_phase1_r16_seed44/reports/metrics_history.jsonl,40,0.2127659574468085,train_log,2026-04-17T16:02:00.261288+00:00,1.9429,16.196958541870117,16.46484375,8.277392581842097,5.078121797068957,7.570855393482882,4.57523478348307,350,-0.6960930870920112,-0.7065371883592153,-0.5028870135858874,-0.6960930870920112,-0.7065371883592153,-0.5028870135858874,50,7.570855393482882,4.57523478348307,350,4,350,0.0002,10,0.05,16.38231372833252,31.2265625,0.4894864559173584,0.25194603204727173,0,0,0,0,0,0,1,2,16.38231325149536,31.2265625,50,1.9973592313798143,1.9954355959733947,2.0069343756376767,7,0.005758018993877997,False,completed,15.125940799713135,31.2265625,0.05,0.01,0.3222530782222748,0.00018674698795180723,0.2127659574468085,40,,,,,,,,,,,,,,,,,,,,,,,,,,,,,,,,,,,,,,,,,,,
llama3_8b_lora_l40_protocol_v3_phase1_r16_seed44__1776440575,llama3_8b_lora_l40_protocol_v3_phase1_r16_seed44,lora,train_and_eval,protocol_v3,logging_v2,meta-llama/Meta-Llama-3-8B,False,False,44,16,32,350,8,1024,7.96124154702041,7.265148459928398,7.265148459928398,1091.6039,0.321,completed,outputs/experiments/protocol_v3/llama3_8b_lora_l40_protocol_v3_phase1_r16_seed44/reports/comparison_row.json,outputs/experiments/protocol_v3/llama3_8b_lora_l40_protocol_v3_phase1_r16_seed44/reports/metrics_history.jsonl,50,0.26595744680851063,train_log,2026-04-17T16:02:00.261293+00:00,1.9468,16.196958541870117,16.46484375,8.277392581842097,5.078121797068957,7.570855393482882,4.57523478348307,350,-0.6960930870920112,-0.7065371883592153,-0.5028870135858874,-0.6960930870920112,-0.7065371883592153,-0.5028870135858874,50,7.570855393482882,4.57523478348307,350,4,350,0.0002,10,0.05,16.38231372833252,31.2265625,0.4894864559173584,0.25194603204727173,0,0,0,0,0,0,1,2,16.38231325149536,31.2265625,50,1.9973592313798143,1.9954355959733947,2.0069343756376767,7,0.005758018993877997,False,completed,15.125940799713135,31.2265625,0.05,0.01,0.32502973079681396,0.00018072289156626507,0.26595744680851063,50,,,,,,,,,,,,,,,,,,,,,,,,,,,,,,,,,,,,,,,,,,,
llama3_8b_lora_l40_protocol_v3_phase1_r16_seed44__1776440575,llama3_8b_lora_l40_protocol_v3_phase1_r16_seed44,lora,train_and_eval,protocol_v3,logging_v2,meta-llama/Meta-Llama-3-8B,False,False,44,16,32,350,8,1024,7.96124154702041,7.265148459928398,7.265148459928398,1091.6039,0.321,completed,outputs/experiments/protocol_v3/llama3_8b_lora_l40_protocol_v3_phase1_r16_seed44/reports/comparison_row.json,outputs/experiments/protocol_v3/llama3_8b_lora_l40_protocol_v3_phase1_r16_seed44/reports/metrics_history.jsonl,50,0.26595744680851063,eval,2026-04-17T16:02:00.261299+00:00,,16.196958541870117,16.46484375,8.277392581842097,5.078121797068957,7.570855393482882,4.57523478348307,350,-0.6960930870920112,-0.7065371883592153,-0.5028870135858874,-0.6960930870920112,-0.7065371883592153,-0.5028870135858874,50,7.570855393482882,4.57523478348307,350,4,350,0.0002,10,0.05,16.38231372833252,31.2265625,0.4894864559173584,0.25194603204727173,0,0,0,0,0,0,1,2,16.38231325149536,31.2265625,50,1.9973592313798143,1.9954355959733947,2.0069343756376767,7,0.005758018993877997,False,completed,15.125940799713135,31.2265625,0.05,0.01,,,0.26595744680851063,50,2.0132501125335693,27.6233,9.231,9.231,,,,,,,,,,,,,,,,,,,,,,,,,,,,,,,,,,,,,,,
llama3_8b_lora_l40_protocol_v3_phase1_r16_seed44__1776440575,llama3_8b_lora_l40_protocol_v3_phase1_r16_seed44,lora,train_and_eval,protocol_v3,logging_v2,meta-llama/Meta-Llama-3-8B,False,False,44,16,32,350,8,1024,7.96124154702041,7.265148459928398,7.265148459928398,1091.6039,0.321,completed,outputs/experiments/protocol_v3/llama3_8b_lora_l40_protocol_v3_phase1_r16_seed44/reports/comparison_row.json,outputs/experiments/protocol_v3/llama3_8b_lora_l40_protocol_v3_phase1_r16_seed44/reports/metrics_history.jsonl,50,0.26595744680851063,eval,2026-04-17T16:02:00.261305+00:00,,16.196958541870117,16.46484375,8.277392581842097,5.078121797068957,7.570855393482882,4.57523478348307,350,-0.6960930870920112,-0.7065371883592153,-0.5028870135858874,-0.6960930870920112,-0.7065371883592153,-0.5028870135858874,50,7.570855393482882,4.57523478348307,350,4,350,0.0002,10,0.05,16.38231372833252,31.2265625,0.4894864559173584,0.25194603204727173,0,0,0,0,0,0,1,2,16.38231325149536,31.2265625,50,1.9973592313798143,1.9954355959733947,2.0069343756376767,7,0.005758018993877997,False,completed,15.125940799713135,31.2265625,0.05,0.01,,,0.26595744680851063,50,,,,,2.052190065383911,25.3653,9.225,9.225,,,,,,,,,,,,,,,,,,,,,,,,,,,,,,,,,,,
llama3_8b_lora_l40_protocol_v3_phase1_r16_seed44__1776440575,llama3_8b_lora_l40_protocol_v3_phase1_r16_seed44,lora,train_and_eval,protocol_v3,logging_v2,meta-llama/Meta-Llama-3-8B,False,False,44,16,32,350,8,1024,7.96124154702041,7.265148459928398,7.265148459928398,1091.6039,0.321,completed,outputs/experiments/protocol_v3/llama3_8b_lora_l40_protocol_v3_phase1_r16_seed44/reports/comparison_row.json,outputs/experiments/protocol_v3/llama3_8b_lora_l40_protocol_v3_phase1_r16_seed44/reports/metrics_history.jsonl,50,0.26595744680851063,eval,2026-04-17T16:02:00.261311+00:00,,16.196958541870117,16.46484375,8.277392581842097,5.078121797068957,7.570855393482882,4.57523478348307,350,-0.6960930870920112,-0.7065371883592153,-0.5028870135858874,-0.6960930870920112,-0.7065371883592153,-0.5028870135858874,50,7.570855393482882,4.57523478348307,350,4,350,0.0002,10,0.05,16.38231372833252,31.2265625,0.4894864559173584,0.25194603204727173,0,0,0,0,0,0,1,2,16.38231325149536,31.2265625,50,1.9973592313798143,1.9954355959733947,2.0069343756376767,7,0.005758018993877997,False,completed,15.125940799713135,31.2265625,0.05,0.01,,,0.26595744680851063,50,,,,,,,,,1.5715585947036743,2.2856,9.188,9.188,,,,,,,,,,,,,,,,,,,,,,,,,,,,,,,
llama3_8b_lora_l40_protocol_v3_phase1_r16_seed44__1776440575,llama3_8b_lora_l40_protocol_v3_phase1_r16_seed44,lora,train_and_eval,protocol_v3,logging_v2,meta-llama/Meta-Llama-3-8B,False,False,44,16,32,350,8,1024,7.96124154702041,7.265148459928398,7.265148459928398,1091.6039,0.321,completed,outputs/experiments/protocol_v3/llama3_8b_lora_l40_protocol_v3_phase1_r16_seed44/reports/comparison_row.json,outputs/experiments/protocol_v3/llama3_8b_lora_l40_protocol_v3_phase1_r16_seed44/reports/metrics_history.jsonl,50,0.26595744680851063,eval,2026-04-17T16:02:00.261323+00:00,,16.196958541870117,16.46484375,8.277392581842097,5.078121797068957,7.570855393482882,4.57523478348307,350,-0.6960930870920112,-0.7065371883592153,-0.5028870135858874,-0.6960930870920112,-0.7065371883592153,-0.5028870135858874,50,7.570855393482882,4.57523478348307,350,4,350,0.0002,10,0.05,16.38231372833252,31.2265625,0.4894864559173584,0.25194603204727173,0,0,0,0,0,0,1,2,16.38231325149536,31.2265625,50,1.9973592313798143,1.9954355959733947,2.0069343756376767,7,0.005758018993877997,False,completed,15.125940799713135,31.2265625,0.05,0.01,,,0.26595744680851063,50,2.0132501125335693,27.6233,9.231,9.231,2.052190065383911,25.3653,9.225,9.225,1.5715585947036743,2.2856,9.188,9.188,7.487613429685538,16.38231372833252,31.2265625,16.38231372833252,31.2265625,16.38231372833252,31.2265625,7.784931960159868,16.38231372833252,31.2265625,16.38231372833252,31.2265625,16.38231372833252,31.2265625,4.8141456514235665,16.38231325149536,31.2265625,16.38231325149536,31.2265625,16.38231325149536,31.2265625,1.9972849853429944,1.9964510364225134,2.0031936094746925,0.007780652574299846,50,,,,,
llama3_8b_lora_l40_protocol_v3_phase1_r16_seed44__1776440575,llama3_8b_lora_l40_protocol_v3_phase1_r16_seed44,lora,train_and_eval,protocol_v3,logging_v2,meta-llama/Meta-Llama-3-8B,False,False,44,16,32,350,8,1024,7.96124154702041,7.265148459928398,7.265148459928398,1091.6039,0.321,completed,outputs/experiments/protocol_v3/llama3_8b_lora_l40_protocol_v3_phase1_r16_seed44/reports/comparison_row.json,outputs/experiments/protocol_v3/llama3_8b_lora_l40_protocol_v3_phase1_r16_seed44/reports/metrics_history.jsonl,60,0.3191489361702128,train_log,2026-04-17T16:02:00.261335+00:00,1.8607,16.196958541870117,16.46484375,8.277392581842097,5.078121797068957,7.570855393482882,4.57523478348307,350,-0.6960930870920112,-0.7065371883592153,-0.5028870135858874,-0.6960930870920112,-0.7065371883592153,-0.5028870135858874,50,7.570855393482882,4.57523478348307,350,4,350,0.0002,10,0.05,16.38231372833252,31.2265625,0.4894864559173584,0.25194603204727173,0,0,0,0,0,0,1,2,16.38231325149536,31.2265625,50,1.9973592313798143,1.9954355959733947,2.0069343756376767,7,0.005758018993877997,False,completed,15.125940799713135,31.2265625,0.05,0.01,0.3306789994239807,0.0001746987951807229,0.3191489361702128,60,,,,,,,,,,,,,,,,,,,,,,,,,,,,,,,,,,,,,,,,,,,
llama3_8b_lora_l40_protocol_v3_phase1_r16_seed44__1776440575,llama3_8b_lora_l40_protocol_v3_phase1_r16_seed44,lora,train_and_eval,protocol_v3,logging_v2,meta-llama/Meta-Llama-3-8B,False,False,44,16,32,350,8,1024,7.96124154702041,7.265148459928398,7.265148459928398,1091.6039,0.321,completed,outputs/experiments/protocol_v3/llama3_8b_lora_l40_protocol_v3_phase1_r16_seed44/reports/comparison_row.json,outputs/experiments/protocol_v3/llama3_8b_lora_l40_protocol_v3_phase1_r16_seed44/reports/metrics_history.jsonl,70,0.3723404255319149,train_log,2026-04-17T16:02:00.261339+00:00,1.9094,16.196958541870117,16.46484375,8.277392581842097,5.078121797068957,7.570855393482882,4.57523478348307,350,-0.6960930870920112,-0.7065371883592153,-0.5028870135858874,-0.6960930870920112,-0.7065371883592153,-0.5028870135858874,50,7.570855393482882,4.57523478348307,350,4,350,0.0002,10,0.05,16.38231372833252,31.2265625,0.4894864559173584,0.25194603204727173,0,0,0,0,0,0,1,2,16.38231325149536,31.2265625,50,1.9973592313798143,1.9954355959733947,2.0069343756376767,7,0.005758018993877997,False,completed,15.125940799713135,31.2265625,0.05,0.01,0.3037708103656769,0.00016867469879518074,0.3723404255319149,70,,,,,,,,,,,,,,,,,,,,,,,,,,,,,,,,,,,,,,,,,,,
llama3_8b_lora_l40_protocol_v3_phase1_r16_seed44__1776440575,llama3_8b_lora_l40_protocol_v3_phase1_r16_seed44,lora,train_and_eval,protocol_v3,logging_v2,meta-llama/Meta-Llama-3-8B,False,False,44,16,32,350,8,1024,7.96124154702041,7.265148459928398,7.265148459928398,1091.6039,0.321,completed,outputs/experiments/protocol_v3/llama3_8b_lora_l40_protocol_v3_phase1_r16_seed44/reports/comparison_row.json,outputs/experiments/protocol_v3/llama3_8b_lora_l40_protocol_v3_phase1_r16_seed44/reports/metrics_history.jsonl,80,0.425531914893617,train_log,2026-04-17T16:02:00.261343+00:00,1.9725,16.196958541870117,16.46484375,8.277392581842097,5.078121797068957,7.570855393482882,4.57523478348307,350,-0.6960930870920112,-0.7065371883592153,-0.5028870135858874,-0.6960930870920112,-0.7065371883592153,-0.5028870135858874,50,7.570855393482882,4.57523478348307,350,4,350,0.0002,10,0.05,16.38231372833252,31.2265625,0.4894864559173584,0.25194603204727173,0,0,0,0,0,0,1,2,16.38231325149536,31.2265625,50,1.9973592313798143,1.9954355959733947,2.0069343756376767,7,0.005758018993877997,False,completed,15.125940799713135,31.2265625,0.05,0.01,0.33440589904785156,0.00016265060240963855,0.425531914893617,80,,,,,,,,,,,,,,,,,,,,,,,,,,,,,,,,,,,,,,,,,,,
llama3_8b_lora_l40_protocol_v3_phase1_r16_seed44__1776440575,llama3_8b_lora_l40_protocol_v3_phase1_r16_seed44,lora,train_and_eval,protocol_v3,logging_v2,meta-llama/Meta-Llama-3-8B,False,False,44,16,32,350,8,1024,7.96124154702041,7.265148459928398,7.265148459928398,1091.6039,0.321,completed,outputs/experiments/protocol_v3/llama3_8b_lora_l40_protocol_v3_phase1_r16_seed44/reports/comparison_row.json,outputs/experiments/protocol_v3/llama3_8b_lora_l40_protocol_v3_phase1_r16_seed44/reports/metrics_history.jsonl,90,0.4787234042553192,train_log,2026-04-17T16:02:00.261347+00:00,1.9399,16.196958541870117,16.46484375,8.277392581842097,5.078121797068957,7.570855393482882,4.57523478348307,350,-0.6960930870920112,-0.7065371883592153,-0.5028870135858874,-0.6960930870920112,-0.7065371883592153,-0.5028870135858874,50,7.570855393482882,4.57523478348307,350,4,350,0.0002,10,0.05,16.38231372833252,31.2265625,0.4894864559173584,0.25194603204727173,0,0,0,0,0,0,1,2,16.38231325149536,31.2265625,50,1.9973592313798143,1.9954355959733947,2.0069343756376767,7,0.005758018993877997,False,completed,15.125940799713135,31.2265625,0.05,0.01,0.30816417932510376,0.0001566265060240964,0.4787234042553192,90,,,,,,,,,,,,,,,,,,,,,,,,,,,,,,,,,,,,,,,,,,,
llama3_8b_lora_l40_protocol_v3_phase1_r16_seed44__1776440575,llama3_8b_lora_l40_protocol_v3_phase1_r16_seed44,lora,train_and_eval,protocol_v3,logging_v2,meta-llama/Meta-Llama-3-8B,False,False,44,16,32,350,8,1024,7.96124154702041,7.265148459928398,7.265148459928398,1091.6039,0.321,completed,outputs/experiments/protocol_v3/llama3_8b_lora_l40_protocol_v3_phase1_r16_seed44/reports/comparison_row.json,outputs/experiments/protocol_v3/llama3_8b_lora_l40_protocol_v3_phase1_r16_seed44/reports/metrics_history.jsonl,100,0.5319148936170213,train_log,2026-04-17T16:02:00.261351+00:00,1.9588,16.196958541870117,16.46484375,8.277392581842097,5.078121797068957,7.570855393482882,4.57523478348307,350,-0.6960930870920112,-0.7065371883592153,-0.5028870135858874,-0.6960930870920112,-0.7065371883592153,-0.5028870135858874,50,7.570855393482882,4.57523478348307,350,4,350,0.0002,10,0.05,16.38231372833252,31.2265625,0.4894864559173584,0.25194603204727173,0,0,0,0,0,0,1,2,16.38231325149536,31.2265625,50,1.9973592313798143,1.9954355959733947,2.0069343756376767,7,0.005758018993877997,False,completed,15.125940799713135,31.2265625,0.05,0.01,0.30335697531700134,0.00015060240963855423,0.5319148936170213,100,,,,,,,,,,,,,,,,,,,,,,,,,,,,,,,,,,,,,,,,,,,
llama3_8b_lora_l40_protocol_v3_phase1_r16_seed44__1776440575,llama3_8b_lora_l40_protocol_v3_phase1_r16_seed44,lora,train_and_eval,protocol_v3,logging_v2,meta-llama/Meta-Llama-3-8B,False,False,44,16,32,350,8,1024,7.96124154702041,7.265148459928398,7.265148459928398,1091.6039,0.321,completed,outputs/experiments/protocol_v3/llama3_8b_lora_l40_protocol_v3_phase1_r16_seed44/reports/comparison_row.json,outputs/experiments/protocol_v3/llama3_8b_lora_l40_protocol_v3_phase1_r16_seed44/reports/metrics_history.jsonl,100,0.5319148936170213,eval,2026-04-17T16:02:00.261355+00:00,,16.196958541870117,16.46484375,8.277392581842097,5.078121797068957,7.570855393482882,4.57523478348307,350,-0.6960930870920112,-0.7065371883592153,-0.5028870135858874,-0.6960930870920112,-0.7065371883592153,-0.5028870135858874,50,7.570855393482882,4.57523478348307,350,4,350,0.0002,10,0.05,16.38231372833252,31.2265625,0.4894864559173584,0.25194603204727173,0,0,0,0,0,0,1,2,16.38231325149536,31.2265625,50,1.9973592313798143,1.9954355959733947,2.0069343756376767,7,0.005758018993877997,False,completed,15.125940799713135,31.2265625,0.05,0.01,,,0.5319148936170213,100,1.999586582183838,27.6668,9.217,9.217,,,,,,,,,,,,,,,,,,,,,,,,,,,,,,,,,,,,,,,
llama3_8b_lora_l40_protocol_v3_phase1_r16_seed44__1776440575,llama3_8b_lora_l40_protocol_v3_phase1_r16_seed44,lora,train_and_eval,protocol_v3,logging_v2,meta-llama/Meta-Llama-3-8B,False,False,44,16,32,350,8,1024,7.96124154702041,7.265148459928398,7.265148459928398,1091.6039,0.321,completed,outputs/experiments/protocol_v3/llama3_8b_lora_l40_protocol_v3_phase1_r16_seed44/reports/comparison_row.json,outputs/experiments/protocol_v3/llama3_8b_lora_l40_protocol_v3_phase1_r16_seed44/reports/metrics_history.jsonl,100,0.5319148936170213,eval,2026-04-17T16:02:00.261360+00:00,,16.196958541870117,16.46484375,8.277392581842097,5.078121797068957,7.570855393482882,4.57523478348307,350,-0.6960930870920112,-0.7065371883592153,-0.5028870135858874,-0.6960930870920112,-0.7065371883592153,-0.5028870135858874,50,7.570855393482882,4.57523478348307,350,4,350,0.0002,10,0.05,16.38231372833252,31.2265625,0.4894864559173584,0.25194603204727173,0,0,0,0,0,0,1,2,16.38231325149536,31.2265625,50,1.9973592313798143,1.9954355959733947,2.0069343756376767,7,0.005758018993877997,False,completed,15.125940799713135,31.2265625,0.05,0.01,,,0.5319148936170213,100,,,,,2.0396811962127686,25.4132,9.208,9.208,,,,,,,,,,,,,,,,,,,,,,,,,,,,,,,,,,,
llama3_8b_lora_l40_protocol_v3_phase1_r16_seed44__1776440575,llama3_8b_lora_l40_protocol_v3_phase1_r16_seed44,lora,train_and_eval,protocol_v3,logging_v2,meta-llama/Meta-Llama-3-8B,False,False,44,16,32,350,8,1024,7.96124154702041,7.265148459928398,7.265148459928398,1091.6039,0.321,completed,outputs/experiments/protocol_v3/llama3_8b_lora_l40_protocol_v3_phase1_r16_seed44/reports/comparison_row.json,outputs/experiments/protocol_v3/llama3_8b_lora_l40_protocol_v3_phase1_r16_seed44/reports/metrics_history.jsonl,100,0.5319148936170213,eval,2026-04-17T16:02:00.261364+00:00,,16.196958541870117,16.46484375,8.277392581842097,5.078121797068957,7.570855393482882,4.57523478348307,350,-0.6960930870920112,-0.7065371883592153,-0.5028870135858874,-0.6960930870920112,-0.7065371883592153,-0.5028870135858874,50,7.570855393482882,4.57523478348307,350,4,350,0.0002,10,0.05,16.38231372833252,31.2265625,0.4894864559173584,0.25194603204727173,0,0,0,0,0,0,1,2,16.38231325149536,31.2265625,50,1.9973592313798143,1.9954355959733947,2.0069343756376767,7,0.005758018993877997,False,completed,15.125940799713135,31.2265625,0.05,0.01,,,0.5319148936170213,100,,,,,,,,,1.5479191541671753,2.2811,9.206,9.206,,,,,,,,,,,,,,,,,,,,,,,,,,,,,,,
llama3_8b_lora_l40_protocol_v3_phase1_r16_seed44__1776440575,llama3_8b_lora_l40_protocol_v3_phase1_r16_seed44,lora,train_and_eval,protocol_v3,logging_v2,meta-llama/Meta-Llama-3-8B,False,False,44,16,32,350,8,1024,7.96124154702041,7.265148459928398,7.265148459928398,1091.6039,0.321,completed,outputs/experiments/protocol_v3/llama3_8b_lora_l40_protocol_v3_phase1_r16_seed44/reports/comparison_row.json,outputs/experiments/protocol_v3/llama3_8b_lora_l40_protocol_v3_phase1_r16_seed44/reports/metrics_history.jsonl,100,0.5319148936170213,eval,2026-04-17T16:02:00.261372+00:00,,16.196958541870117,16.46484375,8.277392581842097,5.078121797068957,7.570855393482882,4.57523478348307,350,-0.6960930870920112,-0.7065371883592153,-0.5028870135858874,-0.6960930870920112,-0.7065371883592153,-0.5028870135858874,50,7.570855393482882,4.57523478348307,350,4,350,0.0002,10,0.05,16.38231372833252,31.2265625,0.4894864559173584,0.25194603204727173,0,0,0,0,0,0,1,2,16.38231325149536,31.2265625,50,1.9973592313798143,1.9954355959733947,2.0069343756376767,7,0.005758018993877997,False,completed,15.125940799713135,31.2265625,0.05,0.01,,,0.5319148936170213,100,1.999586582183838,27.6668,9.217,9.217,2.0396811962127686,25.4132,9.208,9.208,1.5479191541671753,2.2811,9.206,9.206,7.386001962855364,16.38231372833252,31.2265625,16.38231372833252,31.2265625,16.38231372833252,31.2265625,7.68815779431957,16.38231372833252,31.2265625,16.38231372833252,31.2265625,16.38231372833252,31.2265625,4.701676532566549,16.38231325149536,31.2265625,16.38231325149536,31.2265625,16.38231325149536,31.2265625,1.995345331816934,1.995735444012098,1.9997534740599803,0.003469473718306761,50,,,,,
llama3_8b_lora_l40_protocol_v3_phase1_r16_seed44__1776440575,llama3_8b_lora_l40_protocol_v3_phase1_r16_seed44,lora,train_and_eval,protocol_v3,logging_v2,meta-llama/Meta-Llama-3-8B,False,False,44,16,32,350,8,1024,7.96124154702041,7.265148459928398,7.265148459928398,1091.6039,0.321,completed,outputs/experiments/protocol_v3/llama3_8b_lora_l40_protocol_v3_phase1_r16_seed44/reports/comparison_row.json,outputs/experiments/protocol_v3/llama3_8b_lora_l40_protocol_v3_phase1_r16_seed44/reports/metrics_history.jsonl,110,0.5851063829787234,train_log,2026-04-17T16:02:00.261381+00:00,2.0034,16.196958541870117,16.46484375,8.277392581842097,5.078121797068957,7.570855393482882,4.57523478348307,350,-0.6960930870920112,-0.7065371883592153,-0.5028870135858874,-0.6960930870920112,-0.7065371883592153,-0.5028870135858874,50,7.570855393482882,4.57523478348307,350,4,350,0.0002,10,0.05,16.38231372833252,31.2265625,0.4894864559173584,0.25194603204727173,0,0,0,0,0,0,1,2,16.38231325149536,31.2265625,50,1.9973592313798143,1.9954355959733947,2.0069343756376767,7,0.005758018993877997,False,completed,15.125940799713135,31.2265625,0.05,0.01,0.3154754936695099,0.00014457831325301204,0.5851063829787234,110,,,,,,,,,,,,,,,,,,,,,,,,,,,,,,,,,,,,,,,,,,,
llama3_8b_lora_l40_protocol_v3_phase1_r16_seed44__1776440575,llama3_8b_lora_l40_protocol_v3_phase1_r16_seed44,lora,train_and_eval,protocol_v3,logging_v2,meta-llama/Meta-Llama-3-8B,False,False,44,16,32,350,8,1024,7.96124154702041,7.265148459928398,7.265148459928398,1091.6039,0.321,completed,outputs/experiments/protocol_v3/llama3_8b_lora_l40_protocol_v3_phase1_r16_seed44/reports/comparison_row.json,outputs/experiments/protocol_v3/llama3_8b_lora_l40_protocol_v3_phase1_r16_seed44/reports/metrics_history.jsonl,120,0.6382978723404256,train_log,2026-04-17T16:02:00.261385+00:00,1.9439,16.196958541870117,16.46484375,8.277392581842097,5.078121797068957,7.570855393482882,4.57523478348307,350,-0.6960930870920112,-0.7065371883592153,-0.5028870135858874,-0.6960930870920112,-0.7065371883592153,-0.5028870135858874,50,7.570855393482882,4.57523478348307,350,4,350,0.0002,10,0.05,16.38231372833252,31.2265625,0.4894864559173584,0.25194603204727173,0,0,0,0,0,0,1,2,16.38231325149536,31.2265625,50,1.9973592313798143,1.9954355959733947,2.0069343756376767,7,0.005758018993877997,False,completed,15.125940799713135,31.2265625,0.05,0.01,0.3393065631389618,0.00013855421686746988,0.6382978723404256,120,,,,,,,,,,,,,,,,,,,,,,,,,,,,,,,,,,,,,,,,,,,
llama3_8b_lora_l40_protocol_v3_phase1_r16_seed44__1776440575,llama3_8b_lora_l40_protocol_v3_phase1_r16_seed44,lora,train_and_eval,protocol_v3,logging_v2,meta-llama/Meta-Llama-3-8B,False,False,44,16,32,350,8,1024,7.96124154702041,7.265148459928398,7.265148459928398,1091.6039,0.321,completed,outputs/experiments/protocol_v3/llama3_8b_lora_l40_protocol_v3_phase1_r16_seed44/reports/comparison_row.json,outputs/experiments/protocol_v3/llama3_8b_lora_l40_protocol_v3_phase1_r16_seed44/reports/metrics_history.jsonl,130,0.6914893617021277,train_log,2026-04-17T16:02:00.261389+00:00,1.9585,16.196958541870117,16.46484375,8.277392581842097,5.078121797068957,7.570855393482882,4.57523478348307,350,-0.6960930870920112,-0.7065371883592153,-0.5028870135858874,-0.6960930870920112,-0.7065371883592153,-0.5028870135858874,50,7.570855393482882,4.57523478348307,350,4,350,0.0002,10,0.05,16.38231372833252,31.2265625,0.4894864559173584,0.25194603204727173,0,0,0,0,0,0,1,2,16.38231325149536,31.2265625,50,1.9973592313798143,1.9954355959733947,2.0069343756376767,7,0.005758018993877997,False,completed,15.125940799713135,31.2265625,0.05,0.01,0.30407917499542236,0.00013253012048192772,0.6914893617021277,130,,,,,,,,,,,,,,,,,,,,,,,,,,,,,,,,,,,,,,,,,,,
llama3_8b_lora_l40_protocol_v3_phase1_r16_seed44__1776440575,llama3_8b_lora_l40_protocol_v3_phase1_r16_seed44,lora,train_and_eval,protocol_v3,logging_v2,meta-llama/Meta-Llama-3-8B,False,False,44,16,32,350,8,1024,7.96124154702041,7.265148459928398,7.265148459928398,1091.6039,0.321,completed,outputs/experiments/protocol_v3/llama3_8b_lora_l40_protocol_v3_phase1_r16_seed44/reports/comparison_row.json,outputs/experiments/protocol_v3/llama3_8b_lora_l40_protocol_v3_phase1_r16_seed44/reports/metrics_history.jsonl,140,0.7446808510638298,train_log,2026-04-17T16:02:00.261393+00:00,1.9881,16.196958541870117,16.46484375,8.277392581842097,5.078121797068957,7.570855393482882,4.57523478348307,350,-0.6960930870920112,-0.7065371883592153,-0.5028870135858874,-0.6960930870920112,-0.7065371883592153,-0.5028870135858874,50,7.570855393482882,4.57523478348307,350,4,350,0.0002,10,0.05,16.38231372833252,31.2265625,0.4894864559173584,0.25194603204727173,0,0,0,0,0,0,1,2,16.38231325149536,31.2265625,50,1.9973592313798143,1.9954355959733947,2.0069343756376767,7,0.005758018993877997,False,completed,15.125940799713135,31.2265625,0.05,0.01,0.31812185049057007,0.00012650602409638556,0.7446808510638298,140,,,,,,,,,,,,,,,,,,,,,,,,,,,,,,,,,,,,,,,,,,,
llama3_8b_lora_l40_protocol_v3_phase1_r16_seed44__1776440575,llama3_8b_lora_l40_protocol_v3_phase1_r16_seed44,lora,train_and_eval,protocol_v3,logging_v2,meta-llama/Meta-Llama-3-8B,False,False,44,16,32,350,8,1024,7.96124154702041,7.265148459928398,7.265148459928398,1091.6039,0.321,completed,outputs/experiments/protocol_v3/llama3_8b_lora_l40_protocol_v3_phase1_r16_seed44/reports/comparison_row.json,outputs/experiments/protocol_v3/llama3_8b_lora_l40_protocol_v3_phase1_r16_seed44/reports/metrics_history.jsonl,150,0.7978723404255319,train_log,2026-04-17T16:02:00.261397+00:00,1.9473,16.196958541870117,16.46484375,8.277392581842097,5.078121797068957,7.570855393482882,4.57523478348307,350,-0.6960930870920112,-0.7065371883592153,-0.5028870135858874,-0.6960930870920112,-0.7065371883592153,-0.5028870135858874,50,7.570855393482882,4.57523478348307,350,4,350,0.0002,10,0.05,16.38231372833252,31.2265625,0.4894864559173584,0.25194603204727173,0,0,0,0,0,0,1,2,16.38231325149536,31.2265625,50,1.9973592313798143,1.9954355959733947,2.0069343756376767,7,0.005758018993877997,False,completed,15.125940799713135,31.2265625,0.05,0.01,0.3384869694709778,0.0001204819277108434,0.7978723404255319,150,,,,,,,,,,,,,,,,,,,,,,,,,,,,,,,,,,,,,,,,,,,
llama3_8b_lora_l40_protocol_v3_phase1_r16_seed44__1776440575,llama3_8b_lora_l40_protocol_v3_phase1_r16_seed44,lora,train_and_eval,protocol_v3,logging_v2,meta-llama/Meta-Llama-3-8B,False,False,44,16,32,350,8,1024,7.96124154702041,7.265148459928398,7.265148459928398,1091.6039,0.321,completed,outputs/experiments/protocol_v3/llama3_8b_lora_l40_protocol_v3_phase1_r16_seed44/reports/comparison_row.json,outputs/experiments/protocol_v3/llama3_8b_lora_l40_protocol_v3_phase1_r16_seed44/reports/metrics_history.jsonl,150,0.7978723404255319,eval,2026-04-17T16:02:00.261401+00:00,,16.196958541870117,16.46484375,8.277392581842097,5.078121797068957,7.570855393482882,4.57523478348307,350,-0.6960930870920112,-0.7065371883592153,-0.5028870135858874,-0.6960930870920112,-0.7065371883592153,-0.5028870135858874,50,7.570855393482882,4.57523478348307,350,4,350,0.0002,10,0.05,16.38231372833252,31.2265625,0.4894864559173584,0.25194603204727173,0,0,0,0,0,0,1,2,16.38231325149536,31.2265625,50,1.9973592313798143,1.9954355959733947,2.0069343756376767,7,0.005758018993877997,False,completed,15.125940799713135,31.2265625,0.05,0.01,,,0.7978723404255319,150,1.991362452507019,27.6863,9.21,9.21,,,,,,,,,,,,,,,,,,,,,,,,,,,,,,,,,,,,,,,
llama3_8b_lora_l40_protocol_v3_phase1_r16_seed44__1776440575,llama3_8b_lora_l40_protocol_v3_phase1_r16_seed44,lora,train_and_eval,protocol_v3,logging_v2,meta-llama/Meta-Llama-3-8B,False,False,44,16,32,350,8,1024,7.96124154702041,7.265148459928398,7.265148459928398,1091.6039,0.321,completed,outputs/experiments/protocol_v3/llama3_8b_lora_l40_protocol_v3_phase1_r16_seed44/reports/comparison_row.json,outputs/experiments/protocol_v3/llama3_8b_lora_l40_protocol_v3_phase1_r16_seed44/reports/metrics_history.jsonl,150,0.7978723404255319,eval,2026-04-17T16:02:00.261405+00:00,,16.196958541870117,16.46484375,8.277392581842097,5.078121797068957,7.570855393482882,4.57523478348307,350,-0.6960930870920112,-0.7065371883592153,-0.5028870135858874,-0.6960930870920112,-0.7065371883592153,-0.5028870135858874,50,7.570855393482882,4.57523478348307,350,4,350,0.0002,10,0.05,16.38231372833252,31.2265625,0.4894864559173584,0.25194603204727173,0,0,0,0,0,0,1,2,16.38231325149536,31.2265625,50,1.9973592313798143,1.9954355959733947,2.0069343756376767,7,0.005758018993877997,False,completed,15.125940799713135,31.2265625,0.05,0.01,,,0.7978723404255319,150,,,,,2.031583786010742,25.4147,9.207,9.207,,,,,,,,,,,,,,,,,,,,,,,,,,,,,,,,,,,
llama3_8b_lora_l40_protocol_v3_phase1_r16_seed44__1776440575,llama3_8b_lora_l40_protocol_v3_phase1_r16_seed44,lora,train_and_eval,protocol_v3,logging_v2,meta-llama/Meta-Llama-3-8B,False,False,44,16,32,350,8,1024,7.96124154702041,7.265148459928398,7.265148459928398,1091.6039,0.321,completed,outputs/experiments/protocol_v3/llama3_8b_lora_l40_protocol_v3_phase1_r16_seed44/reports/comparison_row.json,outputs/experiments/protocol_v3/llama3_8b_lora_l40_protocol_v3_phase1_r16_seed44/reports/metrics_history.jsonl,150,0.7978723404255319,eval,2026-04-17T16:02:00.261409+00:00,,16.196958541870117,16.46484375,8.277392581842097,5.078121797068957,7.570855393482882,4.57523478348307,350,-0.6960930870920112,-0.7065371883592153,-0.5028870135858874,-0.6960930870920112,-0.7065371883592153,-0.5028870135858874,50,7.570855393482882,4.57523478348307,350,4,350,0.0002,10,0.05,16.38231372833252,31.2265625,0.4894864559173584,0.25194603204727173,0,0,0,0,0,0,1,2,16.38231325149536,31.2265625,50,1.9973592313798143,1.9954355959733947,2.0069343756376767,7,0.005758018993877997,False,completed,15.125940799713135,31.2265625,0.05,0.01,,,0.7978723404255319,150,,,,,,,,,1.5379949808120728,2.2826,9.2,9.2,,,,,,,,,,,,,,,,,,,,,,,,,,,,,,,
llama3_8b_lora_l40_protocol_v3_phase1_r16_seed44__1776440575,llama3_8b_lora_l40_protocol_v3_phase1_r16_seed44,lora,train_and_eval,protocol_v3,logging_v2,meta-llama/Meta-Llama-3-8B,False,False,44,16,32,350,8,1024,7.96124154702041,7.265148459928398,7.265148459928398,1091.6039,0.321,completed,outputs/experiments/protocol_v3/llama3_8b_lora_l40_protocol_v3_phase1_r16_seed44/reports/comparison_row.json,outputs/experiments/protocol_v3/llama3_8b_lora_l40_protocol_v3_phase1_r16_seed44/reports/metrics_history.jsonl,150,0.7978723404255319,eval,2026-04-17T16:02:00.261417+00:00,,16.196958541870117,16.46484375,8.277392581842097,5.078121797068957,7.570855393482882,4.57523478348307,350,-0.6960930870920112,-0.7065371883592153,-0.5028870135858874,-0.6960930870920112,-0.7065371883592153,-0.5028870135858874,50,7.570855393482882,4.57523478348307,350,4,350,0.0002,10,0.05,16.38231372833252,31.2265625,0.4894864559173584,0.25194603204727173,0,0,0,0,0,0,1,2,16.38231325149536,31.2265625,50,1.9973592313798143,1.9954355959733947,2.0069343756376767,7,0.005758018993877997,False,completed,15.125940799713135,31.2265625,0.05,0.01,,,0.7978723404255319,150,1.991362452507019,27.6863,9.21,9.21,2.031583786010742,25.4147,9.207,9.207,1.5379949808120728,2.2826,9.2,9.2,7.325507622536789,16.38231372833252,31.2265625,16.38231372833252,31.2265625,16.38231372833252,31.2265625,7.62615499678689,16.38231372833252,31.2265625,16.38231372833252,31.2265625,16.38231372833252,31.2265625,4.655247047791928,16.38231325149536,31.2265625,16.38231325149536,31.2265625,16.38231325149536,31.2265625,1.9954557502968238,1.9953937450191006,2.000214777397923,0.003014689385991073,50,,,,,
llama3_8b_lora_l40_protocol_v3_phase1_r16_seed44__1776440575,llama3_8b_lora_l40_protocol_v3_phase1_r16_seed44,lora,train_and_eval,protocol_v3,logging_v2,meta-llama/Meta-Llama-3-8B,False,False,44,16,32,350,8,1024,7.96124154702041,7.265148459928398,7.265148459928398,1091.6039,0.321,completed,outputs/experiments/protocol_v3/llama3_8b_lora_l40_protocol_v3_phase1_r16_seed44/reports/comparison_row.json,outputs/experiments/protocol_v3/llama3_8b_lora_l40_protocol_v3_phase1_r16_seed44/reports/metrics_history.jsonl,160,0.851063829787234,train_log,2026-04-17T16:02:00.261425+00:00,1.9177,16.196958541870117,16.46484375,8.277392581842097,5.078121797068957,7.570855393482882,4.57523478348307,350,-0.6960930870920112,-0.7065371883592153,-0.5028870135858874,-0.6960930870920112,-0.7065371883592153,-0.5028870135858874,50,7.570855393482882,4.57523478348307,350,4,350,0.0002,10,0.05,16.38231372833252,31.2265625,0.4894864559173584,0.25194603204727173,0,0,0,0,0,0,1,2,16.38231325149536,31.2265625,50,1.9973592313798143,1.9954355959733947,2.0069343756376767,7,0.005758018993877997,False,completed,15.125940799713135,31.2265625,0.05,0.01,0.3204856216907501,0.0001144578313253012,0.851063829787234,160,,,,,,,,,,,,,,,,,,,,,,,,,,,,,,,,,,,,,,,,,,,
llama3_8b_lora_l40_protocol_v3_phase1_r16_seed44__1776440575,llama3_8b_lora_l40_protocol_v3_phase1_r16_seed44,lora,train_and_eval,protocol_v3,logging_v2,meta-llama/Meta-Llama-3-8B,False,False,44,16,32,350,8,1024,7.96124154702041,7.265148459928398,7.265148459928398,1091.6039,0.321,completed,outputs/experiments/protocol_v3/llama3_8b_lora_l40_protocol_v3_phase1_r16_seed44/reports/comparison_row.json,outputs/experiments/protocol_v3/llama3_8b_lora_l40_protocol_v3_phase1_r16_seed44/reports/metrics_history.jsonl,170,0.9042553191489362,train_log,2026-04-17T16:02:00.261429+00:00,1.9409,16.196958541870117,16.46484375,8.277392581842097,5.078121797068957,7.570855393482882,4.57523478348307,350,-0.6960930870920112,-0.7065371883592153,-0.5028870135858874,-0.6960930870920112,-0.7065371883592153,-0.5028870135858874,50,7.570855393482882,4.57523478348307,350,4,350,0.0002,10,0.05,16.38231372833252,31.2265625,0.4894864559173584,0.25194603204727173,0,0,0,0,0,0,1,2,16.38231325149536,31.2265625,50,1.9973592313798143,1.9954355959733947,2.0069343756376767,7,0.005758018993877997,False,completed,15.125940799713135,31.2265625,0.05,0.01,0.33623936772346497,0.00010843373493975903,0.9042553191489362,170,,,,,,,,,,,,,,,,,,,,,,,,,,,,,,,,,,,,,,,,,,,
llama3_8b_lora_l40_protocol_v3_phase1_r16_seed44__1776440575,llama3_8b_lora_l40_protocol_v3_phase1_r16_seed44,lora,train_and_eval,protocol_v3,logging_v2,meta-llama/Meta-Llama-3-8B,False,False,44,16,32,350,8,1024,7.96124154702041,7.265148459928398,7.265148459928398,1091.6039,0.321,completed,outputs/experiments/protocol_v3/llama3_8b_lora_l40_protocol_v3_phase1_r16_seed44/reports/comparison_row.json,outputs/experiments/protocol_v3/llama3_8b_lora_l40_protocol_v3_phase1_r16_seed44/reports/metrics_history.jsonl,180,0.9574468085106383,train_log,2026-04-17T16:02:00.261433+00:00,1.9685,16.196958541870117,16.46484375,8.277392581842097,5.078121797068957,7.570855393482882,4.57523478348307,350,-0.6960930870920112,-0.7065371883592153,-0.5028870135858874,-0.6960930870920112,-0.7065371883592153,-0.5028870135858874,50,7.570855393482882,4.57523478348307,350,4,350,0.0002,10,0.05,16.38231372833252,31.2265625,0.4894864559173584,0.25194603204727173,0,0,0,0,0,0,1,2,16.38231325149536,31.2265625,50,1.9973592313798143,1.9954355959733947,2.0069343756376767,7,0.005758018993877997,False,completed,15.125940799713135,31.2265625,0.05,0.01,0.3100889027118683,0.00010240963855421688,0.9574468085106383,180,,,,,,,,,,,,,,,,,,,,,,,,,,,,,,,,,,,,,,,,,,,
llama3_8b_lora_l40_protocol_v3_phase1_r16_seed44__1776440575,llama3_8b_lora_l40_protocol_v3_phase1_r16_seed44,lora,train_and_eval,protocol_v3,logging_v2,meta-llama/Meta-Llama-3-8B,False,False,44,16,32,350,8,1024,7.96124154702041,7.265148459928398,7.265148459928398,1091.6039,0.321,completed,outputs/experiments/protocol_v3/llama3_8b_lora_l40_protocol_v3_phase1_r16_seed44/reports/comparison_row.json,outputs/experiments/protocol_v3/llama3_8b_lora_l40_protocol_v3_phase1_r16_seed44/reports/metrics_history.jsonl,190,1.0106382978723405,train_log,2026-04-17T16:02:00.261437+00:00,1.9315,16.196958541870117,16.46484375,8.277392581842097,5.078121797068957,7.570855393482882,4.57523478348307,350,-0.6960930870920112,-0.7065371883592153,-0.5028870135858874,-0.6960930870920112,-0.7065371883592153,-0.5028870135858874,50,7.570855393482882,4.57523478348307,350,4,350,0.0002,10,0.05,16.38231372833252,31.2265625,0.4894864559173584,0.25194603204727173,0,0,0,0,0,0,1,2,16.38231325149536,31.2265625,50,1.9973592313798143,1.9954355959733947,2.0069343756376767,7,0.005758018993877997,False,completed,15.125940799713135,31.2265625,0.05,0.01,0.36993876099586487,9.638554216867471e-05,1.0106382978723405,190,,,,,,,,,,,,,,,,,,,,,,,,,,,,,,,,,,,,,,,,,,,
llama3_8b_lora_l40_protocol_v3_phase1_r16_seed44__1776440575,llama3_8b_lora_l40_protocol_v3_phase1_r16_seed44,lora,train_and_eval,protocol_v3,logging_v2,meta-llama/Meta-Llama-3-8B,False,False,44,16,32,350,8,1024,7.96124154702041,7.265148459928398,7.265148459928398,1091.6039,0.321,completed,outputs/experiments/protocol_v3/llama3_8b_lora_l40_protocol_v3_phase1_r16_seed44/reports/comparison_row.json,outputs/experiments/protocol_v3/llama3_8b_lora_l40_protocol_v3_phase1_r16_seed44/reports/metrics_history.jsonl,200,1.0638297872340425,train_log,2026-04-17T16:02:00.261441+00:00,1.8945,16.196958541870117,16.46484375,8.277392581842097,5.078121797068957,7.570855393482882,4.57523478348307,350,-0.6960930870920112,-0.7065371883592153,-0.5028870135858874,-0.6960930870920112,-0.7065371883592153,-0.5028870135858874,50,7.570855393482882,4.57523478348307,350,4,350,0.0002,10,0.05,16.38231372833252,31.2265625,0.4894864559173584,0.25194603204727173,0,0,0,0,0,0,1,2,16.38231325149536,31.2265625,50,1.9973592313798143,1.9954355959733947,2.0069343756376767,7,0.005758018993877997,False,completed,15.125940799713135,31.2265625,0.05,0.01,0.3116334080696106,9.036144578313253e-05,1.0638297872340425,200,,,,,,,,,,,,,,,,,,,,,,,,,,,,,,,,,,,,,,,,,,,
llama3_8b_lora_l40_protocol_v3_phase1_r16_seed44__1776440575,llama3_8b_lora_l40_protocol_v3_phase1_r16_seed44,lora,train_and_eval,protocol_v3,logging_v2,meta-llama/Meta-Llama-3-8B,False,False,44,16,32,350,8,1024,7.96124154702041,7.265148459928398,7.265148459928398,1091.6039,0.321,completed,outputs/experiments/protocol_v3/llama3_8b_lora_l40_protocol_v3_phase1_r16_seed44/reports/comparison_row.json,outputs/experiments/protocol_v3/llama3_8b_lora_l40_protocol_v3_phase1_r16_seed44/reports/metrics_history.jsonl,200,1.0638297872340425,eval,2026-04-17T16:02:00.261446+00:00,,16.196958541870117,16.46484375,8.277392581842097,5.078121797068957,7.570855393482882,4.57523478348307,350,-0.6960930870920112,-0.7065371883592153,-0.5028870135858874,-0.6960930870920112,-0.7065371883592153,-0.5028870135858874,50,7.570855393482882,4.57523478348307,350,4,350,0.0002,10,0.05,16.38231372833252,31.2265625,0.4894864559173584,0.25194603204727173,0,0,0,0,0,0,1,2,16.38231325149536,31.2265625,50,1.9973592313798143,1.9954355959733947,2.0069343756376767,7,0.005758018993877997,False,completed,15.125940799713135,31.2265625,0.05,0.01,,,1.0638297872340425,200,1.987877368927002,27.6634,9.218,9.218,,,,,,,,,,,,,,,,,,,,,,,,,,,,,,,,,,,,,,,
llama3_8b_lora_l40_protocol_v3_phase1_r16_seed44__1776440575,llama3_8b_lora_l40_protocol_v3_phase1_r16_seed44,lora,train_and_eval,protocol_v3,logging_v2,meta-llama/Meta-Llama-3-8B,False,False,44,16,32,350,8,1024,7.96124154702041,7.265148459928398,7.265148459928398,1091.6039,0.321,completed,outputs/experiments/protocol_v3/llama3_8b_lora_l40_protocol_v3_phase1_r16_seed44/reports/comparison_row.json,outputs/experiments/protocol_v3/llama3_8b_lora_l40_protocol_v3_phase1_r16_seed44/reports/metrics_history.jsonl,200,1.0638297872340425,eval,2026-04-17T16:02:00.261450+00:00,,16.196958541870117,16.46484375,8.277392581842097,5.078121797068957,7.570855393482882,4.57523478348307,350,-0.6960930870920112,-0.7065371883592153,-0.5028870135858874,-0.6960930870920112,-0.7065371883592153,-0.5028870135858874,50,7.570855393482882,4.57523478348307,350,4,350,0.0002,10,0.05,16.38231372833252,31.2265625,0.4894864559173584,0.25194603204727173,0,0,0,0,0,0,1,2,16.38231325149536,31.2265625,50,1.9973592313798143,1.9954355959733947,2.0069343756376767,7,0.005758018993877997,False,completed,15.125940799713135,31.2265625,0.05,0.01,,,1.0638297872340425,200,,,,,2.02877140045166,25.3947,9.215,9.215,,,,,,,,,,,,,,,,,,,,,,,,,,,,,,,,,,,
llama3_8b_lora_l40_protocol_v3_phase1_r16_seed44__1776440575,llama3_8b_lora_l40_protocol_v3_phase1_r16_seed44,lora,train_and_eval,protocol_v3,logging_v2,meta-llama/Meta-Llama-3-8B,False,False,44,16,32,350,8,1024,7.96124154702041,7.265148459928398,7.265148459928398,1091.6039,0.321,completed,outputs/experiments/protocol_v3/llama3_8b_lora_l40_protocol_v3_phase1_r16_seed44/reports/comparison_row.json,outputs/experiments/protocol_v3/llama3_8b_lora_l40_protocol_v3_phase1_r16_seed44/reports/metrics_history.jsonl,200,1.0638297872340425,eval,2026-04-17T16:02:00.261454+00:00,,16.196958541870117,16.46484375,8.277392581842097,5.078121797068957,7.570855393482882,4.57523478348307,350,-0.6960930870920112,-0.7065371883592153,-0.5028870135858874,-0.6960930870920112,-0.7065371883592153,-0.5028870135858874,50,7.570855393482882,4.57523478348307,350,4,350,0.0002,10,0.05,16.38231372833252,31.2265625,0.4894864559173584,0.25194603204727173,0,0,0,0,0,0,1,2,16.38231325149536,31.2265625,50,1.9973592313798143,1.9954355959733947,2.0069343756376767,7,0.005758018993877997,False,completed,15.125940799713135,31.2265625,0.05,0.01,,,1.0638297872340425,200,,,,,,,,,1.5281490087509155,2.2873,9.181,9.181,,,,,,,,,,,,,,,,,,,,,,,,,,,,,,,
llama3_8b_lora_l40_protocol_v3_phase1_r16_seed44__1776440575,llama3_8b_lora_l40_protocol_v3_phase1_r16_seed44,lora,train_and_eval,protocol_v3,logging_v2,meta-llama/Meta-Llama-3-8B,False,False,44,16,32,350,8,1024,7.96124154702041,7.265148459928398,7.265148459928398,1091.6039,0.321,completed,outputs/experiments/protocol_v3/llama3_8b_lora_l40_protocol_v3_phase1_r16_seed44/reports/comparison_row.json,outputs/experiments/protocol_v3/llama3_8b_lora_l40_protocol_v3_phase1_r16_seed44/reports/metrics_history.jsonl,200,1.0638297872340425,eval,2026-04-17T16:02:00.261461+00:00,,16.196958541870117,16.46484375,8.277392581842097,5.078121797068957,7.570855393482882,4.57523478348307,350,-0.6960930870920112,-0.7065371883592153,-0.5028870135858874,-0.6960930870920112,-0.7065371883592153,-0.5028870135858874,50,7.570855393482882,4.57523478348307,350,4,350,0.0002,10,0.05,16.38231372833252,31.2265625,0.4894864559173584,0.25194603204727173,0,0,0,0,0,0,1,2,16.38231325149536,31.2265625,50,1.9973592313798143,1.9954355959733947,2.0069343756376767,7,0.005758018993877997,False,completed,15.125940799713135,31.2265625,0.05,0.01,,,1.0638297872340425,200,1.987877368927002,27.6634,9.218,9.218,2.02877140045166,25.3947,9.215,9.215,1.5281490087509155,2.2873,9.181,9.181,7.300022051673699,16.38231372833252,31.2265625,16.38231372833252,31.2265625,16.38231372833252,31.2265625,7.604737439933276,16.38231372833252,31.2265625,16.38231372833252,31.2265625,16.38231372833252,31.2265625,4.60963652386219,16.38231325149536,31.2265625,16.38231325149536,31.2265625,16.38231325149536,31.2265625,1.9954355959733947,1.9954830260248855,2.001529465522617,0.0034477070235388752,50,,,,,
llama3_8b_lora_l40_protocol_v3_phase1_r16_seed44__1776440575,llama3_8b_lora_l40_protocol_v3_phase1_r16_seed44,lora,train_and_eval,protocol_v3,logging_v2,meta-llama/Meta-Llama-3-8B,False,False,44,16,32,350,8,1024,7.96124154702041,7.265148459928398,7.265148459928398,1091.6039,0.321,completed,outputs/experiments/protocol_v3/llama3_8b_lora_l40_protocol_v3_phase1_r16_seed44/reports/comparison_row.json,outputs/experiments/protocol_v3/llama3_8b_lora_l40_protocol_v3_phase1_r16_seed44/reports/metrics_history.jsonl,210,1.1170212765957448,train_log,2026-04-17T16:02:00.261469+00:00,1.8286,16.196958541870117,16.46484375,8.277392581842097,5.078121797068957,7.570855393482882,4.57523478348307,350,-0.6960930870920112,-0.7065371883592153,-0.5028870135858874,-0.6960930870920112,-0.7065371883592153,-0.5028870135858874,50,7.570855393482882,4.57523478348307,350,4,350,0.0002,10,0.05,16.38231372833252,31.2265625,0.4894864559173584,0.25194603204727173,0,0,0,0,0,0,1,2,16.38231325149536,31.2265625,50,1.9973592313798143,1.9954355959733947,2.0069343756376767,7,0.005758018993877997,False,completed,15.125940799713135,31.2265625,0.05,0.01,0.41978535056114197,8.433734939759037e-05,1.1170212765957448,210,,,,,,,,,,,,,,,,,,,,,,,,,,,,,,,,,,,,,,,,,,,
llama3_8b_lora_l40_protocol_v3_phase1_r16_seed44__1776440575,llama3_8b_lora_l40_protocol_v3_phase1_r16_seed44,lora,train_and_eval,protocol_v3,logging_v2,meta-llama/Meta-Llama-3-8B,False,False,44,16,32,350,8,1024,7.96124154702041,7.265148459928398,7.265148459928398,1091.6039,0.321,completed,outputs/experiments/protocol_v3/llama3_8b_lora_l40_protocol_v3_phase1_r16_seed44/reports/comparison_row.json,outputs/experiments/protocol_v3/llama3_8b_lora_l40_protocol_v3_phase1_r16_seed44/reports/metrics_history.jsonl,220,1.1702127659574468,train_log,2026-04-17T16:02:00.261474+00:00,1.9562,16.196958541870117,16.46484375,8.277392581842097,5.078121797068957,7.570855393482882,4.57523478348307,350,-0.6960930870920112,-0.7065371883592153,-0.5028870135858874,-0.6960930870920112,-0.7065371883592153,-0.5028870135858874,50,7.570855393482882,4.57523478348307,350,4,350,0.0002,10,0.05,16.38231372833252,31.2265625,0.4894864559173584,0.25194603204727173,0,0,0,0,0,0,1,2,16.38231325149536,31.2265625,50,1.9973592313798143,1.9954355959733947,2.0069343756376767,7,0.005758018993877997,False,completed,15.125940799713135,31.2265625,0.05,0.01,0.34364384412765503,7.83132530120482e-05,1.1702127659574468,220,,,,,,,,,,,,,,,,,,,,,,,,,,,,,,,,,,,,,,,,,,,
llama3_8b_lora_l40_protocol_v3_phase1_r16_seed44__1776440575,llama3_8b_lora_l40_protocol_v3_phase1_r16_seed44,lora,train_and_eval,protocol_v3,logging_v2,meta-llama/Meta-Llama-3-8B,False,False,44,16,32,350,8,1024,7.96124154702041,7.265148459928398,7.265148459928398,1091.6039,0.321,completed,outputs/experiments/protocol_v3/llama3_8b_lora_l40_protocol_v3_phase1_r16_seed44/reports/comparison_row.json,outputs/experiments/protocol_v3/llama3_8b_lora_l40_protocol_v3_phase1_r16_seed44/reports/metrics_history.jsonl,230,1.2234042553191489,train_log,2026-04-17T16:02:00.261478+00:00,1.8435,16.196958541870117,16.46484375,8.277392581842097,5.078121797068957,7.570855393482882,4.57523478348307,350,-0.6960930870920112,-0.7065371883592153,-0.5028870135858874,-0.6960930870920112,-0.7065371883592153,-0.5028870135858874,50,7.570855393482882,4.57523478348307,350,4,350,0.0002,10,0.05,16.38231372833252,31.2265625,0.4894864559173584,0.25194603204727173,0,0,0,0,0,0,1,2,16.38231325149536,31.2265625,50,1.9973592313798143,1.9954355959733947,2.0069343756376767,7,0.005758018993877997,False,completed,15.125940799713135,31.2265625,0.05,0.01,0.3560805320739746,7.228915662650602e-05,1.2234042553191489,230,,,,,,,,,,,,,,,,,,,,,,,,,,,,,,,,,,,,,,,,,,,
llama3_8b_lora_l40_protocol_v3_phase1_r16_seed44__1776440575,llama3_8b_lora_l40_protocol_v3_phase1_r16_seed44,lora,train_and_eval,protocol_v3,logging_v2,meta-llama/Meta-Llama-3-8B,False,False,44,16,32,350,8,1024,7.96124154702041,7.265148459928398,7.265148459928398,1091.6039,0.321,completed,outputs/experiments/protocol_v3/llama3_8b_lora_l40_protocol_v3_phase1_r16_seed44/reports/comparison_row.json,outputs/experiments/protocol_v3/llama3_8b_lora_l40_protocol_v3_phase1_r16_seed44/reports/metrics_history.jsonl,240,1.2765957446808511,train_log,2026-04-17T16:02:00.261481+00:00,1.8926,16.196958541870117,16.46484375,8.277392581842097,5.078121797068957,7.570855393482882,4.57523478348307,350,-0.6960930870920112,-0.7065371883592153,-0.5028870135858874,-0.6960930870920112,-0.7065371883592153,-0.5028870135858874,50,7.570855393482882,4.57523478348307,350,4,350,0.0002,10,0.05,16.38231372833252,31.2265625,0.4894864559173584,0.25194603204727173,0,0,0,0,0,0,1,2,16.38231325149536,31.2265625,50,1.9973592313798143,1.9954355959733947,2.0069343756376767,7,0.005758018993877997,False,completed,15.125940799713135,31.2265625,0.05,0.01,0.3616601824760437,6.626506024096386e-05,1.2765957446808511,240,,,,,,,,,,,,,,,,,,,,,,,,,,,,,,,,,,,,,,,,,,,
llama3_8b_lora_l40_protocol_v3_phase1_r16_seed44__1776440575,llama3_8b_lora_l40_protocol_v3_phase1_r16_seed44,lora,train_and_eval,protocol_v3,logging_v2,meta-llama/Meta-Llama-3-8B,False,False,44,16,32,350,8,1024,7.96124154702041,7.265148459928398,7.265148459928398,1091.6039,0.321,completed,outputs/experiments/protocol_v3/llama3_8b_lora_l40_protocol_v3_phase1_r16_seed44/reports/comparison_row.json,outputs/experiments/protocol_v3/llama3_8b_lora_l40_protocol_v3_phase1_r16_seed44/reports/metrics_history.jsonl,250,1.3297872340425532,train_log,2026-04-17T16:02:00.261485+00:00,1.8716,16.196958541870117,16.46484375,8.277392581842097,5.078121797068957,7.570855393482882,4.57523478348307,350,-0.6960930870920112,-0.7065371883592153,-0.5028870135858874,-0.6960930870920112,-0.7065371883592153,-0.5028870135858874,50,7.570855393482882,4.57523478348307,350,4,350,0.0002,10,0.05,16.38231372833252,31.2265625,0.4894864559173584,0.25194603204727173,0,0,0,0,0,0,1,2,16.38231325149536,31.2265625,50,1.9973592313798143,1.9954355959733947,2.0069343756376767,7,0.005758018993877997,False,completed,15.125940799713135,31.2265625,0.05,0.01,0.3866268992424011,6.02409638554217e-05,1.3297872340425532,250,,,,,,,,,,,,,,,,,,,,,,,,,,,,,,,,,,,,,,,,,,,
llama3_8b_lora_l40_protocol_v3_phase1_r16_seed44__1776440575,llama3_8b_lora_l40_protocol_v3_phase1_r16_seed44,lora,train_and_eval,protocol_v3,logging_v2,meta-llama/Meta-Llama-3-8B,False,False,44,16,32,350,8,1024,7.96124154702041,7.265148459928398,7.265148459928398,1091.6039,0.321,completed,outputs/experiments/protocol_v3/llama3_8b_lora_l40_protocol_v3_phase1_r16_seed44/reports/comparison_row.json,outputs/experiments/protocol_v3/llama3_8b_lora_l40_protocol_v3_phase1_r16_seed44/reports/metrics_history.jsonl,250,1.3297872340425532,eval,2026-04-17T16:02:00.261489+00:00,,16.196958541870117,16.46484375,8.277392581842097,5.078121797068957,7.570855393482882,4.57523478348307,350,-0.6960930870920112,-0.7065371883592153,-0.5028870135858874,-0.6960930870920112,-0.7065371883592153,-0.5028870135858874,50,7.570855393482882,4.57523478348307,350,4,350,0.0002,10,0.05,16.38231372833252,31.2265625,0.4894864559173584,0.25194603204727173,0,0,0,0,0,0,1,2,16.38231325149536,31.2265625,50,1.9973592313798143,1.9954355959733947,2.0069343756376767,7,0.005758018993877997,False,completed,15.125940799713135,31.2265625,0.05,0.01,,,1.3297872340425532,250,1.9860727787017822,27.6249,9.231,9.231,,,,,,,,,,,,,,,,,,,,,,,,,,,,,,,,,,,,,,,
llama3_8b_lora_l40_protocol_v3_phase1_r16_seed44__1776440575,llama3_8b_lora_l40_protocol_v3_phase1_r16_seed44,lora,train_and_eval,protocol_v3,logging_v2,meta-llama/Meta-Llama-3-8B,False,False,44,16,32,350,8,1024,7.96124154702041,7.265148459928398,7.265148459928398,1091.6039,0.321,completed,outputs/experiments/protocol_v3/llama3_8b_lora_l40_protocol_v3_phase1_r16_seed44/reports/comparison_row.json,outputs/experiments/protocol_v3/llama3_8b_lora_l40_protocol_v3_phase1_r16_seed44/reports/metrics_history.jsonl,250,1.3297872340425532,eval,2026-04-17T16:02:00.261494+00:00,,16.196958541870117,16.46484375,8.277392581842097,5.078121797068957,7.570855393482882,4.57523478348307,350,-0.6960930870920112,-0.7065371883592153,-0.5028870135858874,-0.6960930870920112,-0.7065371883592153,-0.5028870135858874,50,7.570855393482882,4.57523478348307,350,4,350,0.0002,10,0.05,16.38231372833252,31.2265625,0.4894864559173584,0.25194603204727173,0,0,0,0,0,0,1,2,16.38231325149536,31.2265625,50,1.9973592313798143,1.9954355959733947,2.0069343756376767,7,0.005758018993877997,False,completed,15.125940799713135,31.2265625,0.05,0.01,,,1.3297872340425532,250,,,,,2.027010917663574,25.3944,9.215,9.215,,,,,,,,,,,,,,,,,,,,,,,,,,,,,,,,,,,
llama3_8b_lora_l40_protocol_v3_phase1_r16_seed44__1776440575,llama3_8b_lora_l40_protocol_v3_phase1_r16_seed44,lora,train_and_eval,protocol_v3,logging_v2,meta-llama/Meta-Llama-3-8B,False,False,44,16,32,350,8,1024,7.96124154702041,7.265148459928398,7.265148459928398,1091.6039,0.321,completed,outputs/experiments/protocol_v3/llama3_8b_lora_l40_protocol_v3_phase1_r16_seed44/reports/comparison_row.json,outputs/experiments/protocol_v3/llama3_8b_lora_l40_protocol_v3_phase1_r16_seed44/reports/metrics_history.jsonl,250,1.3297872340425532,eval,2026-04-17T16:02:00.261498+00:00,,16.196958541870117,16.46484375,8.277392581842097,5.078121797068957,7.570855393482882,4.57523478348307,350,-0.6960930870920112,-0.7065371883592153,-0.5028870135858874,-0.6960930870920112,-0.7065371883592153,-0.5028870135858874,50,7.570855393482882,4.57523478348307,350,4,350,0.0002,10,0.05,16.38231372833252,31.2265625,0.4894864559173584,0.25194603204727173,0,0,0,0,0,0,1,2,16.38231325149536,31.2265625,50,1.9973592313798143,1.9954355959733947,2.0069343756376767,7,0.005758018993877997,False,completed,15.125940799713135,31.2265625,0.05,0.01,,,1.3297872340425532,250,,,,,,,,,1.5251870155334473,2.2804,9.209,9.209,,,,,,,,,,,,,,,,,,,,,,,,,,,,,,,
llama3_8b_lora_l40_protocol_v3_phase1_r16_seed44__1776440575,llama3_8b_lora_l40_protocol_v3_phase1_r16_seed44,lora,train_and_eval,protocol_v3,logging_v2,meta-llama/Meta-Llama-3-8B,False,False,44,16,32,350,8,1024,7.96124154702041,7.265148459928398,7.265148459928398,1091.6039,0.321,completed,outputs/experiments/protocol_v3/llama3_8b_lora_l40_protocol_v3_phase1_r16_seed44/reports/comparison_row.json,outputs/experiments/protocol_v3/llama3_8b_lora_l40_protocol_v3_phase1_r16_seed44/reports/metrics_history.jsonl,250,1.3297872340425532,eval,2026-04-17T16:02:00.261505+00:00,,16.196958541870117,16.46484375,8.277392581842097,5.078121797068957,7.570855393482882,4.57523478348307,350,-0.6960930870920112,-0.7065371883592153,-0.5028870135858874,-0.6960930870920112,-0.7065371883592153,-0.5028870135858874,50,7.570855393482882,4.57523478348307,350,4,350,0.0002,10,0.05,16.38231372833252,31.2265625,0.4894864559173584,0.25194603204727173,0,0,0,0,0,0,1,2,16.38231325149536,31.2265625,50,1.9973592313798143,1.9954355959733947,2.0069343756376767,7,0.005758018993877997,False,completed,15.125940799713135,31.2265625,0.05,0.01,,,1.3297872340425532,250,1.9860727787017822,27.6249,9.231,9.231,2.027010917663574,25.3944,9.215,9.215,1.5251870155334473,2.2804,9.209,9.209,7.286860382516912,16.38231372833252,31.2265625,16.38231372833252,31.2265625,16.38231372833252,31.2265625,7.591361208329859,16.38231372833252,31.2265625,16.38231372833252,31.2265625,16.38231372833252,31.2265625,4.596003012894714,16.38231325149536,31.2265625,16.38231325149536,31.2265625,16.38231325149536,31.2265625,1.994541947999969,1.9945580499479547,2.000287806929555,0.0034667794490129203,50,,,,,
llama3_8b_lora_l40_protocol_v3_phase1_r16_seed44__1776440575,llama3_8b_lora_l40_protocol_v3_phase1_r16_seed44,lora,train_and_eval,protocol_v3,logging_v2,meta-llama/Meta-Llama-3-8B,False,False,44,16,32,350,8,1024,7.96124154702041,7.265148459928398,7.265148459928398,1091.6039,0.321,completed,outputs/experiments/protocol_v3/llama3_8b_lora_l40_protocol_v3_phase1_r16_seed44/reports/comparison_row.json,outputs/experiments/protocol_v3/llama3_8b_lora_l40_protocol_v3_phase1_r16_seed44/reports/metrics_history.jsonl,260,1.3829787234042552,train_log,2026-04-17T16:02:00.261513+00:00,1.8582,16.196958541870117,16.46484375,8.277392581842097,5.078121797068957,7.570855393482882,4.57523478348307,350,-0.6960930870920112,-0.7065371883592153,-0.5028870135858874,-0.6960930870920112,-0.7065371883592153,-0.5028870135858874,50,7.570855393482882,4.57523478348307,350,4,350,0.0002,10,0.05,16.38231372833252,31.2265625,0.4894864559173584,0.25194603204727173,0,0,0,0,0,0,1,2,16.38231325149536,31.2265625,50,1.9973592313798143,1.9954355959733947,2.0069343756376767,7,0.005758018993877997,False,completed,15.125940799713135,31.2265625,0.05,0.01,0.3752990961074829,5.4216867469879516e-05,1.3829787234042552,260,,,,,,,,,,,,,,,,,,,,,,,,,,,,,,,,,,,,,,,,,,,
llama3_8b_lora_l40_protocol_v3_phase1_r16_seed44__1776440575,llama3_8b_lora_l40_protocol_v3_phase1_r16_seed44,lora,train_and_eval,protocol_v3,logging_v2,meta-llama/Meta-Llama-3-8B,False,False,44,16,32,350,8,1024,7.96124154702041,7.265148459928398,7.265148459928398,1091.6039,0.321,completed,outputs/experiments/protocol_v3/llama3_8b_lora_l40_protocol_v3_phase1_r16_seed44/reports/comparison_row.json,outputs/experiments/protocol_v3/llama3_8b_lora_l40_protocol_v3_phase1_r16_seed44/reports/metrics_history.jsonl,270,1.4361702127659575,train_log,2026-04-17T16:02:00.261518+00:00,1.865,16.196958541870117,16.46484375,8.277392581842097,5.078121797068957,7.570855393482882,4.57523478348307,350,-0.6960930870920112,-0.7065371883592153,-0.5028870135858874,-0.6960930870920112,-0.7065371883592153,-0.5028870135858874,50,7.570855393482882,4.57523478348307,350,4,350,0.0002,10,0.05,16.38231372833252,31.2265625,0.4894864559173584,0.25194603204727173,0,0,0,0,0,0,1,2,16.38231325149536,31.2265625,50,1.9973592313798143,1.9954355959733947,2.0069343756376767,7,0.005758018993877997,False,completed,15.125940799713135,31.2265625,0.05,0.01,0.41431504487991333,4.8192771084337354e-05,1.4361702127659575,270,,,,,,,,,,,,,,,,,,,,,,,,,,,,,,,,,,,,,,,,,,,
llama3_8b_lora_l40_protocol_v3_phase1_r16_seed44__1776440575,llama3_8b_lora_l40_protocol_v3_phase1_r16_seed44,lora,train_and_eval,protocol_v3,logging_v2,meta-llama/Meta-Llama-3-8B,False,False,44,16,32,350,8,1024,7.96124154702041,7.265148459928398,7.265148459928398,1091.6039,0.321,completed,outputs/experiments/protocol_v3/llama3_8b_lora_l40_protocol_v3_phase1_r16_seed44/reports/comparison_row.json,outputs/experiments/protocol_v3/llama3_8b_lora_l40_protocol_v3_phase1_r16_seed44/reports/metrics_history.jsonl,280,1.4893617021276595,train_log,2026-04-17T16:02:00.261522+00:00,1.8172,16.196958541870117,16.46484375,8.277392581842097,5.078121797068957,7.570855393482882,4.57523478348307,350,-0.6960930870920112,-0.7065371883592153,-0.5028870135858874,-0.6960930870920112,-0.7065371883592153,-0.5028870135858874,50,7.570855393482882,4.57523478348307,350,4,350,0.0002,10,0.05,16.38231372833252,31.2265625,0.4894864559173584,0.25194603204727173,0,0,0,0,0,0,1,2,16.38231325149536,31.2265625,50,1.9973592313798143,1.9954355959733947,2.0069343756376767,7,0.005758018993877997,False,completed,15.125940799713135,31.2265625,0.05,0.01,0.444085955619812,4.2168674698795186e-05,1.4893617021276595,280,,,,,,,,,,,,,,,,,,,,,,,,,,,,,,,,,,,,,,,,,,,
llama3_8b_lora_l40_protocol_v3_phase1_r16_seed44__1776440575,llama3_8b_lora_l40_protocol_v3_phase1_r16_seed44,lora,train_and_eval,protocol_v3,logging_v2,meta-llama/Meta-Llama-3-8B,False,False,44,16,32,350,8,1024,7.96124154702041,7.265148459928398,7.265148459928398,1091.6039,0.321,completed,outputs/experiments/protocol_v3/llama3_8b_lora_l40_protocol_v3_phase1_r16_seed44/reports/comparison_row.json,outputs/experiments/protocol_v3/llama3_8b_lora_l40_protocol_v3_phase1_r16_seed44/reports/metrics_history.jsonl,290,1.5425531914893615,train_log,2026-04-17T16:02:00.261525+00:00,1.837,16.196958541870117,16.46484375,8.277392581842097,5.078121797068957,7.570855393482882,4.57523478348307,350,-0.6960930870920112,-0.7065371883592153,-0.5028870135858874,-0.6960930870920112,-0.7065371883592153,-0.5028870135858874,50,7.570855393482882,4.57523478348307,350,4,350,0.0002,10,0.05,16.38231372833252,31.2265625,0.4894864559173584,0.25194603204727173,0,0,0,0,0,0,1,2,16.38231325149536,31.2265625,50,1.9973592313798143,1.9954355959733947,2.0069343756376767,7,0.005758018993877997,False,completed,15.125940799713135,31.2265625,0.05,0.01,0.4345592260360718,3.614457831325301e-05,1.5425531914893615,290,,,,,,,,,,,,,,,,,,,,,,,,,,,,,,,,,,,,,,,,,,,
llama3_8b_lora_l40_protocol_v3_phase1_r16_seed44__1776440575,llama3_8b_lora_l40_protocol_v3_phase1_r16_seed44,lora,train_and_eval,protocol_v3,logging_v2,meta-llama/Meta-Llama-3-8B,False,False,44,16,32,350,8,1024,7.96124154702041,7.265148459928398,7.265148459928398,1091.6039,0.321,completed,outputs/experiments/protocol_v3/llama3_8b_lora_l40_protocol_v3_phase1_r16_seed44/reports/comparison_row.json,outputs/experiments/protocol_v3/llama3_8b_lora_l40_protocol_v3_phase1_r16_seed44/reports/metrics_history.jsonl,300,1.5957446808510638,train_log,2026-04-17T16:02:00.261529+00:00,1.8582,16.196958541870117,16.46484375,8.277392581842097,5.078121797068957,7.570855393482882,4.57523478348307,350,-0.6960930870920112,-0.7065371883592153,-0.5028870135858874,-0.6960930870920112,-0.7065371883592153,-0.5028870135858874,50,7.570855393482882,4.57523478348307,350,4,350,0.0002,10,0.05,16.38231372833252,31.2265625,0.4894864559173584,0.25194603204727173,0,0,0,0,0,0,1,2,16.38231325149536,31.2265625,50,1.9973592313798143,1.9954355959733947,2.0069343756376767,7,0.005758018993877997,False,completed,15.125940799713135,31.2265625,0.05,0.01,0.3985198736190796,3.012048192771085e-05,1.5957446808510638,300,,,,,,,,,,,,,,,,,,,,,,,,,,,,,,,,,,,,,,,,,,,
llama3_8b_lora_l40_protocol_v3_phase1_r16_seed44__1776440575,llama3_8b_lora_l40_protocol_v3_phase1_r16_seed44,lora,train_and_eval,protocol_v3,logging_v2,meta-llama/Meta-Llama-3-8B,False,False,44,16,32,350,8,1024,7.96124154702041,7.265148459928398,7.265148459928398,1091.6039,0.321,completed,outputs/experiments/protocol_v3/llama3_8b_lora_l40_protocol_v3_phase1_r16_seed44/reports/comparison_row.json,outputs/experiments/protocol_v3/llama3_8b_lora_l40_protocol_v3_phase1_r16_seed44/reports/metrics_history.jsonl,300,1.5957446808510638,eval,2026-04-17T16:02:00.261534+00:00,,16.196958541870117,16.46484375,8.277392581842097,5.078121797068957,7.570855393482882,4.57523478348307,350,-0.6960930870920112,-0.7065371883592153,-0.5028870135858874,-0.6960930870920112,-0.7065371883592153,-0.5028870135858874,50,7.570855393482882,4.57523478348307,350,4,350,0.0002,10,0.05,16.38231372833252,31.2265625,0.4894864559173584,0.25194603204727173,0,0,0,0,0,0,1,2,16.38231325149536,31.2265625,50,1.9973592313798143,1.9954355959733947,2.0069343756376767,7,0.005758018993877997,False,completed,15.125940799713135,31.2265625,0.05,0.01,,,1.5957446808510638,300,1.984553575515747,27.6863,9.21,9.21,,,,,,,,,,,,,,,,,,,,,,,,,,,,,,,,,,,,,,,
llama3_8b_lora_l40_protocol_v3_phase1_r16_seed44__1776440575,llama3_8b_lora_l40_protocol_v3_phase1_r16_seed44,lora,train_and_eval,protocol_v3,logging_v2,meta-llama/Meta-Llama-3-8B,False,False,44,16,32,350,8,1024,7.96124154702041,7.265148459928398,7.265148459928398,1091.6039,0.321,completed,outputs/experiments/protocol_v3/llama3_8b_lora_l40_protocol_v3_phase1_r16_seed44/reports/comparison_row.json,outputs/experiments/protocol_v3/llama3_8b_lora_l40_protocol_v3_phase1_r16_seed44/reports/metrics_history.jsonl,300,1.5957446808510638,eval,2026-04-17T16:02:00.261545+00:00,,16.196958541870117,16.46484375,8.277392581842097,5.078121797068957,7.570855393482882,4.57523478348307,350,-0.6960930870920112,-0.7065371883592153,-0.5028870135858874,-0.6960930870920112,-0.7065371883592153,-0.5028870135858874,50,7.570855393482882,4.57523478348307,350,4,350,0.0002,10,0.05,16.38231372833252,31.2265625,0.4894864559173584,0.25194603204727173,0,0,0,0,0,0,1,2,16.38231325149536,31.2265625,50,1.9973592313798143,1.9954355959733947,2.0069343756376767,7,0.005758018993877997,False,completed,15.125940799713135,31.2265625,0.05,0.01,,,1.5957446808510638,300,,,,,2.025651454925537,25.4608,9.191,9.191,,,,,,,,,,,,,,,,,,,,,,,,,,,,,,,,,,,
llama3_8b_lora_l40_protocol_v3_phase1_r16_seed44__1776440575,llama3_8b_lora_l40_protocol_v3_phase1_r16_seed44,lora,train_and_eval,protocol_v3,logging_v2,meta-llama/Meta-Llama-3-8B,False,False,44,16,32,350,8,1024,7.96124154702041,7.265148459928398,7.265148459928398,1091.6039,0.321,completed,outputs/experiments/protocol_v3/llama3_8b_lora_l40_protocol_v3_phase1_r16_seed44/reports/comparison_row.json,outputs/experiments/protocol_v3/llama3_8b_lora_l40_protocol_v3_phase1_r16_seed44/reports/metrics_history.jsonl,300,1.5957446808510638,eval,2026-04-17T16:02:00.261549+00:00,,16.196958541870117,16.46484375,8.277392581842097,5.078121797068957,7.570855393482882,4.57523478348307,350,-0.6960930870920112,-0.7065371883592153,-0.5028870135858874,-0.6960930870920112,-0.7065371883592153,-0.5028870135858874,50,7.570855393482882,4.57523478348307,350,4,350,0.0002,10,0.05,16.38231372833252,31.2265625,0.4894864559173584,0.25194603204727173,0,0,0,0,0,0,1,2,16.38231325149536,31.2265625,50,1.9973592313798143,1.9954355959733947,2.0069343756376767,7,0.005758018993877997,False,completed,15.125940799713135,31.2265625,0.05,0.01,,,1.5957446808510638,300,,,,,,,,,1.5237528085708618,2.2938,9.155,9.155,,,,,,,,,,,,,,,,,,,,,,,,,,,,,,,
llama3_8b_lora_l40_protocol_v3_phase1_r16_seed44__1776440575,llama3_8b_lora_l40_protocol_v3_phase1_r16_seed44,lora,train_and_eval,protocol_v3,logging_v2,meta-llama/Meta-Llama-3-8B,False,False,44,16,32,350,8,1024,7.96124154702041,7.265148459928398,7.265148459928398,1091.6039,0.321,completed,outputs/experiments/protocol_v3/llama3_8b_lora_l40_protocol_v3_phase1_r16_seed44/reports/comparison_row.json,outputs/experiments/protocol_v3/llama3_8b_lora_l40_protocol_v3_phase1_r16_seed44/reports/metrics_history.jsonl,300,1.5957446808510638,eval,2026-04-17T16:02:00.261556+00:00,,16.196958541870117,16.46484375,8.277392581842097,5.078121797068957,7.570855393482882,4.57523478348307,350,-0.6960930870920112,-0.7065371883592153,-0.5028870135858874,-0.6960930870920112,-0.7065371883592153,-0.5028870135858874,50,7.570855393482882,4.57523478348307,350,4,350,0.0002,10,0.05,16.38231372833252,31.2265625,0.4894864559173584,0.25194603204727173,0,0,0,0,0,0,1,2,16.38231325149536,31.2265625,50,1.9973592313798143,1.9954355959733947,2.0069343756376767,7,0.005758018993877997,False,completed,15.125940799713135,31.2265625,0.05,0.01,,,1.5957446808510638,300,1.984553575515747,27.6863,9.21,9.21,2.025651454925537,25.4608,9.191,9.191,1.5237528085708618,2.2938,9.155,9.155,7.275798565708804,16.38231372833252,31.2265625,16.38231372833252,31.2265625,16.38231372833252,31.2265625,7.581048047403496,16.38231372833252,31.2265625,16.38231372833252,31.2265625,16.38231372833252,31.2265625,4.589416117987902,16.38231325149536,31.2265625,16.38231325149536,31.2265625,16.38231325149536,31.2265625,2.0110698286211117,1.9929691259749234,2.003507020592224,0.08881998541371797,50,,,,,
llama3_8b_lora_l40_protocol_v3_phase1_r16_seed44__1776440575,llama3_8b_lora_l40_protocol_v3_phase1_r16_seed44,lora,train_and_eval,protocol_v3,logging_v2,meta-llama/Meta-Llama-3-8B,False,False,44,16,32,350,8,1024,7.96124154702041,7.265148459928398,7.265148459928398,1091.6039,0.321,completed,outputs/experiments/protocol_v3/llama3_8b_lora_l40_protocol_v3_phase1_r16_seed44/reports/comparison_row.json,outputs/experiments/protocol_v3/llama3_8b_lora_l40_protocol_v3_phase1_r16_seed44/reports/metrics_history.jsonl,310,1.648936170212766,train_log,2026-04-17T16:02:00.261564+00:00,1.825,16.196958541870117,16.46484375,8.277392581842097,5.078121797068957,7.570855393482882,4.57523478348307,350,-0.6960930870920112,-0.7065371883592153,-0.5028870135858874,-0.6960930870920112,-0.7065371883592153,-0.5028870135858874,50,7.570855393482882,4.57523478348307,350,4,350,0.0002,10,0.05,16.38231372833252,31.2265625,0.4894864559173584,0.25194603204727173,0,0,0,0,0,0,1,2,16.38231325149536,31.2265625,50,1.9973592313798143,1.9954355959733947,2.0069343756376767,7,0.005758018993877997,False,completed,15.125940799713135,31.2265625,0.05,0.01,0.4189150333404541,2.4096385542168677e-05,1.648936170212766,310,,,,,,,,,,,,,,,,,,,,,,,,,,,,,,,,,,,,,,,,,,,
llama3_8b_lora_l40_protocol_v3_phase1_r16_seed44__1776440575,llama3_8b_lora_l40_protocol_v3_phase1_r16_seed44,lora,train_and_eval,protocol_v3,logging_v2,meta-llama/Meta-Llama-3-8B,False,False,44,16,32,350,8,1024,7.96124154702041,7.265148459928398,7.265148459928398,1091.6039,0.321,completed,outputs/experiments/protocol_v3/llama3_8b_lora_l40_protocol_v3_phase1_r16_seed44/reports/comparison_row.json,outputs/experiments/protocol_v3/llama3_8b_lora_l40_protocol_v3_phase1_r16_seed44/reports/metrics_history.jsonl,320,1.702127659574468,train_log,2026-04-17T16:02:00.261568+00:00,1.8582,16.196958541870117,16.46484375,8.277392581842097,5.078121797068957,7.570855393482882,4.57523478348307,350,-0.6960930870920112,-0.7065371883592153,-0.5028870135858874,-0.6960930870920112,-0.7065371883592153,-0.5028870135858874,50,7.570855393482882,4.57523478348307,350,4,350,0.0002,10,0.05,16.38231372833252,31.2265625,0.4894864559173584,0.25194603204727173,0,0,0,0,0,0,1,2,16.38231325149536,31.2265625,50,1.9973592313798143,1.9954355959733947,2.0069343756376767,7,0.005758018993877997,False,completed,15.125940799713135,31.2265625,0.05,0.01,0.3778895437717438,1.8072289156626505e-05,1.702127659574468,320,,,,,,,,,,,,,,,,,,,,,,,,,,,,,,,,,,,,,,,,,,,
llama3_8b_lora_l40_protocol_v3_phase1_r16_seed44__1776440575,llama3_8b_lora_l40_protocol_v3_phase1_r16_seed44,lora,train_and_eval,protocol_v3,logging_v2,meta-llama/Meta-Llama-3-8B,False,False,44,16,32,350,8,1024,7.96124154702041,7.265148459928398,7.265148459928398,1091.6039,0.321,completed,outputs/experiments/protocol_v3/llama3_8b_lora_l40_protocol_v3_phase1_r16_seed44/reports/comparison_row.json,outputs/experiments/protocol_v3/llama3_8b_lora_l40_protocol_v3_phase1_r16_seed44/reports/metrics_history.jsonl,330,1.7553191489361701,train_log,2026-04-17T16:02:00.261572+00:00,1.8168,16.196958541870117,16.46484375,8.277392581842097,5.078121797068957,7.570855393482882,4.57523478348307,350,-0.6960930870920112,-0.7065371883592153,-0.5028870135858874,-0.6960930870920112,-0.7065371883592153,-0.5028870135858874,50,7.570855393482882,4.57523478348307,350,4,350,0.0002,10,0.05,16.38231372833252,31.2265625,0.4894864559173584,0.25194603204727173,0,0,0,0,0,0,1,2,16.38231325149536,31.2265625,50,1.9973592313798143,1.9954355959733947,2.0069343756376767,7,0.005758018993877997,False,completed,15.125940799713135,31.2265625,0.05,0.01,0.4894864559173584,1.2048192771084338e-05,1.7553191489361701,330,,,,,,,,,,,,,,,,,,,,,,,,,,,,,,,,,,,,,,,,,,,
llama3_8b_lora_l40_protocol_v3_phase1_r16_seed44__1776440575,llama3_8b_lora_l40_protocol_v3_phase1_r16_seed44,lora,train_and_eval,protocol_v3,logging_v2,meta-llama/Meta-Llama-3-8B,False,False,44,16,32,350,8,1024,7.96124154702041,7.265148459928398,7.265148459928398,1091.6039,0.321,completed,outputs/experiments/protocol_v3/llama3_8b_lora_l40_protocol_v3_phase1_r16_seed44/reports/comparison_row.json,outputs/experiments/protocol_v3/llama3_8b_lora_l40_protocol_v3_phase1_r16_seed44/reports/metrics_history.jsonl,340,1.8085106382978724,train_log,2026-04-17T16:02:00.261576+00:00,1.956,16.196958541870117,16.46484375,8.277392581842097,5.078121797068957,7.570855393482882,4.57523478348307,350,-0.6960930870920112,-0.7065371883592153,-0.5028870135858874,-0.6960930870920112,-0.7065371883592153,-0.5028870135858874,50,7.570855393482882,4.57523478348307,350,4,350,0.0002,10,0.05,16.38231372833252,31.2265625,0.4894864559173584,0.25194603204727173,0,0,0,0,0,0,1,2,16.38231325149536,31.2265625,50,1.9973592313798143,1.9954355959733947,2.0069343756376767,7,0.005758018993877997,False,completed,15.125940799713135,31.2265625,0.05,0.01,0.42647331953048706,6.024096385542169e-06,1.8085106382978724,340,,,,,,,,,,,,,,,,,,,,,,,,,,,,,,,,,,,,,,,,,,,
llama3_8b_lora_l40_protocol_v3_phase1_r16_seed44__1776440575,llama3_8b_lora_l40_protocol_v3_phase1_r16_seed44,lora,train_and_eval,protocol_v3,logging_v2,meta-llama/Meta-Llama-3-8B,False,False,44,16,32,350,8,1024,7.96124154702041,7.265148459928398,7.265148459928398,1091.6039,0.321,completed,outputs/experiments/protocol_v3/llama3_8b_lora_l40_protocol_v3_phase1_r16_seed44/reports/comparison_row.json,outputs/experiments/protocol_v3/llama3_8b_lora_l40_protocol_v3_phase1_r16_seed44/reports/metrics_history.jsonl,350,1.8617021276595744,train_log,2026-04-17T16:02:00.261580+00:00,1.8714,16.196958541870117,16.46484375,8.277392581842097,5.078121797068957,7.570855393482882,4.57523478348307,350,-0.6960930870920112,-0.7065371883592153,-0.5028870135858874,-0.6960930870920112,-0.7065371883592153,-0.5028870135858874,50,7.570855393482882,4.57523478348307,350,4,350,0.0002,10,0.05,16.38231372833252,31.2265625,0.4894864559173584,0.25194603204727173,0,0,0,0,0,0,1,2,16.38231325149536,31.2265625,50,1.9973592313798143,1.9954355959733947,2.0069343756376767,7,0.005758018993877997,False,completed,15.125940799713135,31.2265625,0.05,0.01,0.37518247961997986,0.0,1.8617021276595744,350,,,,,,,,,,,,,,,,,,,,,,,,,,,,,,,,,,,,,,,,,,,
llama3_8b_lora_l40_protocol_v3_phase1_r16_seed44__1776440575,llama3_8b_lora_l40_protocol_v3_phase1_r16_seed44,lora,train_and_eval,protocol_v3,logging_v2,meta-llama/Meta-Llama-3-8B,False,False,44,16,32,350,8,1024,7.96124154702041,7.265148459928398,7.265148459928398,1091.6039,0.321,completed,outputs/experiments/protocol_v3/llama3_8b_lora_l40_protocol_v3_phase1_r16_seed44/reports/comparison_row.json,outputs/experiments/protocol_v3/llama3_8b_lora_l40_protocol_v3_phase1_r16_seed44/reports/metrics_history.jsonl,350,1.8617021276595744,eval,2026-04-17T16:02:00.261584+00:00,,16.196958541870117,16.46484375,8.277392581842097,5.078121797068957,7.570855393482882,4.57523478348307,350,-0.6960930870920112,-0.7065371883592153,-0.5028870135858874,-0.6960930870920112,-0.7065371883592153,-0.5028870135858874,50,7.570855393482882,4.57523478348307,350,4,350,0.0002,10,0.05,16.38231372833252,31.2265625,0.4894864559173584,0.25194603204727173,0,0,0,0,0,0,1,2,16.38231325149536,31.2265625,50,1.9973592313798143,1.9954355959733947,2.0069343756376767,7,0.005758018993877997,False,completed,15.125940799713135,31.2265625,0.05,0.01,,,1.8617021276595744,350,1.983088731765747,27.602,9.238,9.238,,,,,,,,,,,,,,,,,,,,,,,,,,,,,,,,,,,,,,,
llama3_8b_lora_l40_protocol_v3_phase1_r16_seed44__1776440575,llama3_8b_lora_l40_protocol_v3_phase1_r16_seed44,lora,train_and_eval,protocol_v3,logging_v2,meta-llama/Meta-Llama-3-8B,False,False,44,16,32,350,8,1024,7.96124154702041,7.265148459928398,7.265148459928398,1091.6039,0.321,completed,outputs/experiments/protocol_v3/llama3_8b_lora_l40_protocol_v3_phase1_r16_seed44/reports/comparison_row.json,outputs/experiments/protocol_v3/llama3_8b_lora_l40_protocol_v3_phase1_r16_seed44/reports/metrics_history.jsonl,350,1.8617021276595744,eval,2026-04-17T16:02:00.261588+00:00,,16.196958541870117,16.46484375,8.277392581842097,5.078121797068957,7.570855393482882,4.57523478348307,350,-0.6960930870920112,-0.7065371883592153,-0.5028870135858874,-0.6960930870920112,-0.7065371883592153,-0.5028870135858874,50,7.570855393482882,4.57523478348307,350,4,350,0.0002,10,0.05,16.38231372833252,31.2265625,0.4894864559173584,0.25194603204727173,0,0,0,0,0,0,1,2,16.38231325149536,31.2265625,50,1.9973592313798143,1.9954355959733947,2.0069343756376767,7,0.005758018993877997,False,completed,15.125940799713135,31.2265625,0.05,0.01,,,1.8617021276595744,350,,,,,2.024306058883667,25.3464,9.232,9.232,,,,,,,,,,,,,,,,,,,,,,,,,,,,,,,,,,,
llama3_8b_lora_l40_protocol_v3_phase1_r16_seed44__1776440575,llama3_8b_lora_l40_protocol_v3_phase1_r16_seed44,lora,train_and_eval,protocol_v3,logging_v2,meta-llama/Meta-Llama-3-8B,False,False,44,16,32,350,8,1024,7.96124154702041,7.265148459928398,7.265148459928398,1091.6039,0.321,completed,outputs/experiments/protocol_v3/llama3_8b_lora_l40_protocol_v3_phase1_r16_seed44/reports/comparison_row.json,outputs/experiments/protocol_v3/llama3_8b_lora_l40_protocol_v3_phase1_r16_seed44/reports/metrics_history.jsonl,350,1.8617021276595744,eval,2026-04-17T16:02:00.261592+00:00,,16.196958541870117,16.46484375,8.277392581842097,5.078121797068957,7.570855393482882,4.57523478348307,350,-0.6960930870920112,-0.7065371883592153,-0.5028870135858874,-0.6960930870920112,-0.7065371883592153,-0.5028870135858874,50,7.570855393482882,4.57523478348307,350,4,350,0.0002,10,0.05,16.38231372833252,31.2265625,0.4894864559173584,0.25194603204727173,0,0,0,0,0,0,1,2,16.38231325149536,31.2265625,50,1.9973592313798143,1.9954355959733947,2.0069343756376767,7,0.005758018993877997,False,completed,15.125940799713135,31.2265625,0.05,0.01,,,1.8617021276595744,350,,,,,,,,,1.520658016204834,2.2722,9.242,9.242,,,,,,,,,,,,,,,,,,,,,,,,,,,,,,,
llama3_8b_lora_l40_protocol_v3_phase1_r16_seed44__1776440575,llama3_8b_lora_l40_protocol_v3_phase1_r16_seed44,lora,train_and_eval,protocol_v3,logging_v2,meta-llama/Meta-Llama-3-8B,False,False,44,16,32,350,8,1024,7.96124154702041,7.265148459928398,7.265148459928398,1091.6039,0.321,completed,outputs/experiments/protocol_v3/llama3_8b_lora_l40_protocol_v3_phase1_r16_seed44/reports/comparison_row.json,outputs/experiments/protocol_v3/llama3_8b_lora_l40_protocol_v3_phase1_r16_seed44/reports/metrics_history.jsonl,350,1.8617021276595744,eval,2026-04-17T16:02:00.261600+00:00,,16.196958541870117,16.46484375,8.277392581842097,5.078121797068957,7.570855393482882,4.57523478348307,350,-0.6960930870920112,-0.7065371883592153,-0.5028870135858874,-0.6960930870920112,-0.7065371883592153,-0.5028870135858874,50,7.570855393482882,4.57523478348307,350,4,350,0.0002,10,0.05,16.38231372833252,31.2265625,0.4894864559173584,0.25194603204727173,0,0,0,0,0,0,1,2,16.38231325149536,31.2265625,50,1.9973592313798143,1.9954355959733947,2.0069343756376767,7,0.005758018993877997,False,completed,15.125940799713135,31.2265625,0.05,0.01,,,1.8617021276595744,350,1.983088731765747,27.602,9.238,9.238,2.024306058883667,25.3464,9.232,9.232,1.520658016204834,2.2722,9.242,9.242,7.265148459928398,16.38231372833252,31.2265625,16.38231372833252,31.2265625,16.38231372833252,31.2265625,7.570855393482882,16.38231372833252,31.2265625,16.38231372833252,31.2265625,16.38231372833252,31.2265625,4.57523478348307,16.38231325149536,31.2265625,16.38231325149536,31.2265625,16.38231325149536,31.2265625,1.9923811796074733,1.9920023960294202,1.9992043509380892,0.003496441827586294,50,,,,,
llama3_8b_lora_l40_protocol_v3_phase1_r16_seed44__1776440575,llama3_8b_lora_l40_protocol_v3_phase1_r16_seed44,lora,train_and_eval,protocol_v3,logging_v2,meta-llama/Meta-Llama-3-8B,False,False,44,16,32,350,8,1024,7.96124154702041,7.265148459928398,7.265148459928398,1091.6039,0.321,completed,outputs/experiments/protocol_v3/llama3_8b_lora_l40_protocol_v3_phase1_r16_seed44/reports/comparison_row.json,outputs/experiments/protocol_v3/llama3_8b_lora_l40_protocol_v3_phase1_r16_seed44/reports/metrics_history.jsonl,350,1.8617021276595744,system,2026-04-17T16:02:00.261608+00:00,,16.196958541870117,16.46484375,8.277392581842097,5.078121797068957,7.570855393482882,4.57523478348307,350,-0.6960930870920112,-0.7065371883592153,-0.5028870135858874,-0.6960930870920112,-0.7065371883592153,-0.5028870135858874,50,7.570855393482882,4.57523478348307,350,4,350,0.0002,10,0.05,16.38231372833252,31.2265625,0.4894864559173584,0.25194603204727173,0,0,0,0,0,0,1,2,16.38231325149536,31.2265625,50,1.9973592313798143,1.9954355959733947,2.0069343756376767,7,0.005758018993877997,False,completed,15.125940799713135,31.2265625,0.05,0.01,,,1.8617021276595744,350,,,,,,,,,,,,,,,,,,,,,,,,,,,,,,,,,,,,,,,1091.6039,2.565,0.321,1.29343225331712e+17,1.916257242475237
llama3_8b_qlora_l40_protocol_v3_phase1_r16_seed42__1776782871,llama3_8b_qlora_l40_protocol_v3_phase1_r16_seed42,qlora,train_and_eval,protocol_v3,logging_v2,meta-llama/Meta-Llama-3-8B,True,False,42,16,32,350,8,1024,8.316989216966332,7.411231969053123,7.411231969053123,2694.5849,0.13,completed,outputs/experiments/protocol_v3/llama3_8b_qlora_l40_protocol_v3_phase1_r16_seed42/reports/comparison_row.json,outputs/experiments/protocol_v3/llama3_8b_qlora_l40_protocol_v3_phase1_r16_seed42/reports/metrics_history.jsonl,10,0.05319148936170213,train_log,2026-04-21T15:35:00.373854+00:00,2.0841,8.768091201782227,9.31640625,8.646641110051549,5.311128582088765,7.722270220411801,4.675294882779572,350,-0.9057572479132094,-0.9243708896397482,-0.6358336993091926,-0.9057572479132094,-0.9243708896397482,-0.6358336993091926,50,7.722270220411801,4.675294882779572,350,4,350,0.0002,10,0.05,8.709317207336426,14.216796875,0.46159154176712036,0.2938384711742401,0,0,0,0,0,0,1,2,8.709316730499268,14.216796875,50,4.968158738734325,4.967231583999528,4.973833320477977,7,0.0035345364890919237,False,completed,7.437320232391357,14.216796875,0.05,0.01,0.2938384711742401,0.00011111111111111112,0.05319148936170213,10,,,,,,,,,,,,,,,,,,,,,,,,,,,,,,,,,,,,,,,,,,,
llama3_8b_qlora_l40_protocol_v3_phase1_r16_seed42__1776782871,llama3_8b_qlora_l40_protocol_v3_phase1_r16_seed42,qlora,train_and_eval,protocol_v3,logging_v2,meta-llama/Meta-Llama-3-8B,True,False,42,16,32,350,8,1024,8.316989216966332,7.411231969053123,7.411231969053123,2694.5849,0.13,completed,outputs/experiments/protocol_v3/llama3_8b_qlora_l40_protocol_v3_phase1_r16_seed42/reports/comparison_row.json,outputs/experiments/protocol_v3/llama3_8b_qlora_l40_protocol_v3_phase1_r16_seed42/reports/metrics_history.jsonl,20,0.10638297872340426,train_log,2026-04-21T15:35:00.373877+00:00,2.1039,8.768091201782227,9.31640625,8.646641110051549,5.311128582088765,7.722270220411801,4.675294882779572,350,-0.9057572479132094,-0.9243708896397482,-0.6358336993091926,-0.9057572479132094,-0.9243708896397482,-0.6358336993091926,50,7.722270220411801,4.675294882779572,350,4,350,0.0002,10,0.05,8.709317207336426,14.216796875,0.46159154176712036,0.2938384711742401,0,0,0,0,0,0,1,2,8.709316730499268,14.216796875,50,4.968158738734325,4.967231583999528,4.973833320477977,7,0.0035345364890919237,False,completed,7.437320232391357,14.216796875,0.05,0.01,0.3473040759563446,0.00019879518072289158,0.10638297872340426,20,,,,,,,,,,,,,,,,,,,,,,,,,,,,,,,,,,,,,,,,,,,
llama3_8b_qlora_l40_protocol_v3_phase1_r16_seed42__1776782871,llama3_8b_qlora_l40_protocol_v3_phase1_r16_seed42,qlora,train_and_eval,protocol_v3,logging_v2,meta-llama/Meta-Llama-3-8B,True,False,42,16,32,350,8,1024,8.316989216966332,7.411231969053123,7.411231969053123,2694.5849,0.13,completed,outputs/experiments/protocol_v3/llama3_8b_qlora_l40_protocol_v3_phase1_r16_seed42/reports/comparison_row.json,outputs/experiments/protocol_v3/llama3_8b_qlora_l40_protocol_v3_phase1_r16_seed42/reports/metrics_history.jsonl,30,0.1595744680851064,train_log,2026-04-21T15:35:00.373883+00:00,2.0151,8.768091201782227,9.31640625,8.646641110051549,5.311128582088765,7.722270220411801,4.675294882779572,350,-0.9057572479132094,-0.9243708896397482,-0.6358336993091926,-0.9057572479132094,-0.9243708896397482,-0.6358336993091926,50,7.722270220411801,4.675294882779572,350,4,350,0.0002,10,0.05,8.709317207336426,14.216796875,0.46159154176712036,0.2938384711742401,0,0,0,0,0,0,1,2,8.709316730499268,14.216796875,50,4.968158738734325,4.967231583999528,4.973833320477977,7,0.0035345364890919237,False,completed,7.437320232391357,14.216796875,0.05,0.01,0.34742048382759094,0.00019277108433734942,0.1595744680851064,30,,,,,,,,,,,,,,,,,,,,,,,,,,,,,,,,,,,,,,,,,,,
llama3_8b_qlora_l40_protocol_v3_phase1_r16_seed42__1776782871,llama3_8b_qlora_l40_protocol_v3_phase1_r16_seed42,qlora,train_and_eval,protocol_v3,logging_v2,meta-llama/Meta-Llama-3-8B,True,False,42,16,32,350,8,1024,8.316989216966332,7.411231969053123,7.411231969053123,2694.5849,0.13,completed,outputs/experiments/protocol_v3/llama3_8b_qlora_l40_protocol_v3_phase1_r16_seed42/reports/comparison_row.json,outputs/experiments/protocol_v3/llama3_8b_qlora_l40_protocol_v3_phase1_r16_seed42/reports/metrics_history.jsonl,40,0.2127659574468085,train_log,2026-04-21T15:35:00.373887+00:00,1.976,8.768091201782227,9.31640625,8.646641110051549,5.311128582088765,7.722270220411801,4.675294882779572,350,-0.9057572479132094,-0.9243708896397482,-0.6358336993091926,-0.9057572479132094,-0.9243708896397482,-0.6358336993091926,50,7.722270220411801,4.675294882779572,350,4,350,0.0002,10,0.05,8.709317207336426,14.216796875,0.46159154176712036,0.2938384711742401,0,0,0,0,0,0,1,2,8.709316730499268,14.216796875,50,4.968158738734325,4.967231583999528,4.973833320477977,7,0.0035345364890919237,False,completed,7.437320232391357,14.216796875,0.05,0.01,0.3318153917789459,0.00018674698795180723,0.2127659574468085,40,,,,,,,,,,,,,,,,,,,,,,,,,,,,,,,,,,,,,,,,,,,
llama3_8b_qlora_l40_protocol_v3_phase1_r16_seed42__1776782871,llama3_8b_qlora_l40_protocol_v3_phase1_r16_seed42,qlora,train_and_eval,protocol_v3,logging_v2,meta-llama/Meta-Llama-3-8B,True,False,42,16,32,350,8,1024,8.316989216966332,7.411231969053123,7.411231969053123,2694.5849,0.13,completed,outputs/experiments/protocol_v3/llama3_8b_qlora_l40_protocol_v3_phase1_r16_seed42/reports/comparison_row.json,outputs/experiments/protocol_v3/llama3_8b_qlora_l40_protocol_v3_phase1_r16_seed42/reports/metrics_history.jsonl,50,0.26595744680851063,train_log,2026-04-21T15:35:00.373892+00:00,1.978,8.768091201782227,9.31640625,8.646641110051549,5.311128582088765,7.722270220411801,4.675294882779572,350,-0.9057572479132094,-0.9243708896397482,-0.6358336993091926,-0.9057572479132094,-0.9243708896397482,-0.6358336993091926,50,7.722270220411801,4.675294882779572,350,4,350,0.0002,10,0.05,8.709317207336426,14.216796875,0.46159154176712036,0.2938384711742401,0,0,0,0,0,0,1,2,8.709316730499268,14.216796875,50,4.968158738734325,4.967231583999528,4.973833320477977,7,0.0035345364890919237,False,completed,7.437320232391357,14.216796875,0.05,0.01,0.33993101119995117,0.00018072289156626507,0.26595744680851063,50,,,,,,,,,,,,,,,,,,,,,,,,,,,,,,,,,,,,,,,,,,,
llama3_8b_qlora_l40_protocol_v3_phase1_r16_seed42__1776782871,llama3_8b_qlora_l40_protocol_v3_phase1_r16_seed42,qlora,train_and_eval,protocol_v3,logging_v2,meta-llama/Meta-Llama-3-8B,True,False,42,16,32,350,8,1024,8.316989216966332,7.411231969053123,7.411231969053123,2694.5849,0.13,completed,outputs/experiments/protocol_v3/llama3_8b_qlora_l40_protocol_v3_phase1_r16_seed42/reports/comparison_row.json,outputs/experiments/protocol_v3/llama3_8b_qlora_l40_protocol_v3_phase1_r16_seed42/reports/metrics_history.jsonl,50,0.26595744680851063,eval,2026-04-21T15:35:00.373897+00:00,,8.768091201782227,9.31640625,8.646641110051549,5.311128582088765,7.722270220411801,4.675294882779572,350,-0.9057572479132094,-0.9243708896397482,-0.6358336993091926,-0.9057572479132094,-0.9243708896397482,-0.6358336993091926,50,7.722270220411801,4.675294882779572,350,4,350,0.0002,10,0.05,8.709317207336426,14.216796875,0.46159154176712036,0.2938384711742401,0,0,0,0,0,0,1,2,8.709316730499268,14.216796875,50,4.968158738734325,4.967231583999528,4.973833320477977,7,0.0035345364890919237,False,completed,7.437320232391357,14.216796875,0.05,0.01,,,0.26595744680851063,50,2.0436208248138428,67.7593,3.763,3.763,,,,,,,,,,,,,,,,,,,,,,,,,,,,,,,,,,,,,,,
llama3_8b_qlora_l40_protocol_v3_phase1_r16_seed42__1776782871,llama3_8b_qlora_l40_protocol_v3_phase1_r16_seed42,qlora,train_and_eval,protocol_v3,logging_v2,meta-llama/Meta-Llama-3-8B,True,False,42,16,32,350,8,1024,8.316989216966332,7.411231969053123,7.411231969053123,2694.5849,0.13,completed,outputs/experiments/protocol_v3/llama3_8b_qlora_l40_protocol_v3_phase1_r16_seed42/reports/comparison_row.json,outputs/experiments/protocol_v3/llama3_8b_qlora_l40_protocol_v3_phase1_r16_seed42/reports/metrics_history.jsonl,50,0.26595744680851063,eval,2026-04-21T15:35:00.373903+00:00,,8.768091201782227,9.31640625,8.646641110051549,5.311128582088765,7.722270220411801,4.675294882779572,350,-0.9057572479132094,-0.9243708896397482,-0.6358336993091926,-0.9057572479132094,-0.9243708896397482,-0.6358336993091926,50,7.722270220411801,4.675294882779572,350,4,350,0.0002,10,0.05,8.709317207336426,14.216796875,0.46159154176712036,0.2938384711742401,0,0,0,0,0,0,1,2,8.709316730499268,14.216796875,50,4.968158738734325,4.967231583999528,4.973833320477977,7,0.0035345364890919237,False,completed,7.437320232391357,14.216796875,0.05,0.01,,,0.26595744680851063,50,,,,,2.082808256149292,62.18,3.763,3.763,,,,,,,,,,,,,,,,,,,,,,,,,,,,,,,,,,,
llama3_8b_qlora_l40_protocol_v3_phase1_r16_seed42__1776782871,llama3_8b_qlora_l40_protocol_v3_phase1_r16_seed42,qlora,train_and_eval,protocol_v3,logging_v2,meta-llama/Meta-Llama-3-8B,True,False,42,16,32,350,8,1024,8.316989216966332,7.411231969053123,7.411231969053123,2694.5849,0.13,completed,outputs/experiments/protocol_v3/llama3_8b_qlora_l40_protocol_v3_phase1_r16_seed42/reports/comparison_row.json,outputs/experiments/protocol_v3/llama3_8b_qlora_l40_protocol_v3_phase1_r16_seed42/reports/metrics_history.jsonl,50,0.26595744680851063,eval,2026-04-21T15:35:00.373910+00:00,,8.768091201782227,9.31640625,8.646641110051549,5.311128582088765,7.722270220411801,4.675294882779572,350,-0.9057572479132094,-0.9243708896397482,-0.6358336993091926,-0.9057572479132094,-0.9243708896397482,-0.6358336993091926,50,7.722270220411801,4.675294882779572,350,4,350,0.0002,10,0.05,8.709317207336426,14.216796875,0.46159154176712036,0.2938384711742401,0,0,0,0,0,0,1,2,8.709316730499268,14.216796875,50,4.968158738734325,4.967231583999528,4.973833320477977,7,0.0035345364890919237,False,completed,7.437320232391357,14.216796875,0.05,0.01,,,0.26595744680851063,50,,,,,,,,,1.6012537479400635,5.5828,3.762,3.762,,,,,,,,,,,,,,,,,,,,,,,,,,,,,,,
llama3_8b_qlora_l40_protocol_v3_phase1_r16_seed42__1776782871,llama3_8b_qlora_l40_protocol_v3_phase1_r16_seed42,qlora,train_and_eval,protocol_v3,logging_v2,meta-llama/Meta-Llama-3-8B,True,False,42,16,32,350,8,1024,8.316989216966332,7.411231969053123,7.411231969053123,2694.5849,0.13,completed,outputs/experiments/protocol_v3/llama3_8b_qlora_l40_protocol_v3_phase1_r16_seed42/reports/comparison_row.json,outputs/experiments/protocol_v3/llama3_8b_qlora_l40_protocol_v3_phase1_r16_seed42/reports/metrics_history.jsonl,50,0.26595744680851063,eval,2026-04-21T15:35:00.373919+00:00,,8.768091201782227,9.31640625,8.646641110051549,5.311128582088765,7.722270220411801,4.675294882779572,350,-0.9057572479132094,-0.9243708896397482,-0.6358336993091926,-0.9057572479132094,-0.9243708896397482,-0.6358336993091926,50,7.722270220411801,4.675294882779572,350,4,350,0.0002,10,0.05,8.709317207336426,14.216796875,0.46159154176712036,0.2938384711742401,0,0,0,0,0,0,1,2,8.709316730499268,14.216796875,50,4.968158738734325,4.967231583999528,4.973833320477977,7,0.0035345364890919237,False,completed,7.437320232391357,14.216796875,0.05,0.01,,,0.26595744680851063,50,2.0436208248138428,67.7593,3.763,3.763,2.082808256149292,62.18,3.763,3.763,1.6012537479400635,5.5828,3.762,3.762,7.718506021776015,8.709317207336426,14.216796875,8.709317207336426,14.216796875,8.709317207336426,14.216796875,8.026979105745008,8.709317207336426,14.216796875,8.709317207336426,14.216796875,8.709317207336426,14.216796875,4.959246173017594,8.709316730499268,14.216796875,8.709316730499268,14.216796875,8.709316730499268,14.216796875,4.97654723278014,4.9702368620055495,4.977048887198908,0.03827110453214417,50,,,,,
llama3_8b_qlora_l40_protocol_v3_phase1_r16_seed42__1776782871,llama3_8b_qlora_l40_protocol_v3_phase1_r16_seed42,qlora,train_and_eval,protocol_v3,logging_v2,meta-llama/Meta-Llama-3-8B,True,False,42,16,32,350,8,1024,8.316989216966332,7.411231969053123,7.411231969053123,2694.5849,0.13,completed,outputs/experiments/protocol_v3/llama3_8b_qlora_l40_protocol_v3_phase1_r16_seed42/reports/comparison_row.json,outputs/experiments/protocol_v3/llama3_8b_qlora_l40_protocol_v3_phase1_r16_seed42/reports/metrics_history.jsonl,60,0.3191489361702128,train_log,2026-04-21T15:35:00.373928+00:00,1.8952,8.768091201782227,9.31640625,8.646641110051549,5.311128582088765,7.722270220411801,4.675294882779572,350,-0.9057572479132094,-0.9243708896397482,-0.6358336993091926,-0.9057572479132094,-0.9243708896397482,-0.6358336993091926,50,7.722270220411801,4.675294882779572,350,4,350,0.0002,10,0.05,8.709317207336426,14.216796875,0.46159154176712036,0.2938384711742401,0,0,0,0,0,0,1,2,8.709316730499268,14.216796875,50,4.968158738734325,4.967231583999528,4.973833320477977,7,0.0035345364890919237,False,completed,7.437320232391357,14.216796875,0.05,0.01,0.34864288568496704,0.0001746987951807229,0.3191489361702128,60,,,,,,,,,,,,,,,,,,,,,,,,,,,,,,,,,,,,,,,,,,,
llama3_8b_qlora_l40_protocol_v3_phase1_r16_seed42__1776782871,llama3_8b_qlora_l40_protocol_v3_phase1_r16_seed42,qlora,train_and_eval,protocol_v3,logging_v2,meta-llama/Meta-Llama-3-8B,True,False,42,16,32,350,8,1024,8.316989216966332,7.411231969053123,7.411231969053123,2694.5849,0.13,completed,outputs/experiments/protocol_v3/llama3_8b_qlora_l40_protocol_v3_phase1_r16_seed42/reports/comparison_row.json,outputs/experiments/protocol_v3/llama3_8b_qlora_l40_protocol_v3_phase1_r16_seed42/reports/metrics_history.jsonl,70,0.3723404255319149,train_log,2026-04-21T15:35:00.373931+00:00,1.9388,8.768091201782227,9.31640625,8.646641110051549,5.311128582088765,7.722270220411801,4.675294882779572,350,-0.9057572479132094,-0.9243708896397482,-0.6358336993091926,-0.9057572479132094,-0.9243708896397482,-0.6358336993091926,50,7.722270220411801,4.675294882779572,350,4,350,0.0002,10,0.05,8.709317207336426,14.216796875,0.46159154176712036,0.2938384711742401,0,0,0,0,0,0,1,2,8.709316730499268,14.216796875,50,4.968158738734325,4.967231583999528,4.973833320477977,7,0.0035345364890919237,False,completed,7.437320232391357,14.216796875,0.05,0.01,0.35997921228408813,0.00016867469879518074,0.3723404255319149,70,,,,,,,,,,,,,,,,,,,,,,,,,,,,,,,,,,,,,,,,,,,
llama3_8b_qlora_l40_protocol_v3_phase1_r16_seed42__1776782871,llama3_8b_qlora_l40_protocol_v3_phase1_r16_seed42,qlora,train_and_eval,protocol_v3,logging_v2,meta-llama/Meta-Llama-3-8B,True,False,42,16,32,350,8,1024,8.316989216966332,7.411231969053123,7.411231969053123,2694.5849,0.13,completed,outputs/experiments/protocol_v3/llama3_8b_qlora_l40_protocol_v3_phase1_r16_seed42/reports/comparison_row.json,outputs/experiments/protocol_v3/llama3_8b_qlora_l40_protocol_v3_phase1_r16_seed42/reports/metrics_history.jsonl,80,0.425531914893617,train_log,2026-04-21T15:35:00.373935+00:00,1.9983,8.768091201782227,9.31640625,8.646641110051549,5.311128582088765,7.722270220411801,4.675294882779572,350,-0.9057572479132094,-0.9243708896397482,-0.6358336993091926,-0.9057572479132094,-0.9243708896397482,-0.6358336993091926,50,7.722270220411801,4.675294882779572,350,4,350,0.0002,10,0.05,8.709317207336426,14.216796875,0.46159154176712036,0.2938384711742401,0,0,0,0,0,0,1,2,8.709316730499268,14.216796875,50,4.968158738734325,4.967231583999528,4.973833320477977,7,0.0035345364890919237,False,completed,7.437320232391357,14.216796875,0.05,0.01,0.33513104915618896,0.00016265060240963855,0.425531914893617,80,,,,,,,,,,,,,,,,,,,,,,,,,,,,,,,,,,,,,,,,,,,
llama3_8b_qlora_l40_protocol_v3_phase1_r16_seed42__1776782871,llama3_8b_qlora_l40_protocol_v3_phase1_r16_seed42,qlora,train_and_eval,protocol_v3,logging_v2,meta-llama/Meta-Llama-3-8B,True,False,42,16,32,350,8,1024,8.316989216966332,7.411231969053123,7.411231969053123,2694.5849,0.13,completed,outputs/experiments/protocol_v3/llama3_8b_qlora_l40_protocol_v3_phase1_r16_seed42/reports/comparison_row.json,outputs/experiments/protocol_v3/llama3_8b_qlora_l40_protocol_v3_phase1_r16_seed42/reports/metrics_history.jsonl,90,0.4787234042553192,train_log,2026-04-21T15:35:00.373939+00:00,1.966,8.768091201782227,9.31640625,8.646641110051549,5.311128582088765,7.722270220411801,4.675294882779572,350,-0.9057572479132094,-0.9243708896397482,-0.6358336993091926,-0.9057572479132094,-0.9243708896397482,-0.6358336993091926,50,7.722270220411801,4.675294882779572,350,4,350,0.0002,10,0.05,8.709317207336426,14.216796875,0.46159154176712036,0.2938384711742401,0,0,0,0,0,0,1,2,8.709316730499268,14.216796875,50,4.968158738734325,4.967231583999528,4.973833320477977,7,0.0035345364890919237,False,completed,7.437320232391357,14.216796875,0.05,0.01,0.3254791796207428,0.0001566265060240964,0.4787234042553192,90,,,,,,,,,,,,,,,,,,,,,,,,,,,,,,,,,,,,,,,,,,,
llama3_8b_qlora_l40_protocol_v3_phase1_r16_seed42__1776782871,llama3_8b_qlora_l40_protocol_v3_phase1_r16_seed42,qlora,train_and_eval,protocol_v3,logging_v2,meta-llama/Meta-Llama-3-8B,True,False,42,16,32,350,8,1024,8.316989216966332,7.411231969053123,7.411231969053123,2694.5849,0.13,completed,outputs/experiments/protocol_v3/llama3_8b_qlora_l40_protocol_v3_phase1_r16_seed42/reports/comparison_row.json,outputs/experiments/protocol_v3/llama3_8b_qlora_l40_protocol_v3_phase1_r16_seed42/reports/metrics_history.jsonl,100,0.5319148936170213,train_log,2026-04-21T15:35:00.373943+00:00,1.9839,8.768091201782227,9.31640625,8.646641110051549,5.311128582088765,7.722270220411801,4.675294882779572,350,-0.9057572479132094,-0.9243708896397482,-0.6358336993091926,-0.9057572479132094,-0.9243708896397482,-0.6358336993091926,50,7.722270220411801,4.675294882779572,350,4,350,0.0002,10,0.05,8.709317207336426,14.216796875,0.46159154176712036,0.2938384711742401,0,0,0,0,0,0,1,2,8.709316730499268,14.216796875,50,4.968158738734325,4.967231583999528,4.973833320477977,7,0.0035345364890919237,False,completed,7.437320232391357,14.216796875,0.05,0.01,0.3445669710636139,0.00015060240963855423,0.5319148936170213,100,,,,,,,,,,,,,,,,,,,,,,,,,,,,,,,,,,,,,,,,,,,
llama3_8b_qlora_l40_protocol_v3_phase1_r16_seed42__1776782871,llama3_8b_qlora_l40_protocol_v3_phase1_r16_seed42,qlora,train_and_eval,protocol_v3,logging_v2,meta-llama/Meta-Llama-3-8B,True,False,42,16,32,350,8,1024,8.316989216966332,7.411231969053123,7.411231969053123,2694.5849,0.13,completed,outputs/experiments/protocol_v3/llama3_8b_qlora_l40_protocol_v3_phase1_r16_seed42/reports/comparison_row.json,outputs/experiments/protocol_v3/llama3_8b_qlora_l40_protocol_v3_phase1_r16_seed42/reports/metrics_history.jsonl,100,0.5319148936170213,eval,2026-04-21T15:35:00.373947+00:00,,8.768091201782227,9.31640625,8.646641110051549,5.311128582088765,7.722270220411801,4.675294882779572,350,-0.9057572479132094,-0.9243708896397482,-0.6358336993091926,-0.9057572479132094,-0.9243708896397482,-0.6358336993091926,50,7.722270220411801,4.675294882779572,350,4,350,0.0002,10,0.05,8.709317207336426,14.216796875,0.46159154176712036,0.2938384711742401,0,0,0,0,0,0,1,2,8.709316730499268,14.216796875,50,4.968158738734325,4.967231583999528,4.973833320477977,7,0.0035345364890919237,False,completed,7.437320232391357,14.216796875,0.05,0.01,,,0.5319148936170213,100,2.0241949558258057,67.8014,3.761,3.761,,,,,,,,,,,,,,,,,,,,,,,,,,,,,,,,,,,,,,,
llama3_8b_qlora_l40_protocol_v3_phase1_r16_seed42__1776782871,llama3_8b_qlora_l40_protocol_v3_phase1_r16_seed42,qlora,train_and_eval,protocol_v3,logging_v2,meta-llama/Meta-Llama-3-8B,True,False,42,16,32,350,8,1024,8.316989216966332,7.411231969053123,7.411231969053123,2694.5849,0.13,completed,outputs/experiments/protocol_v3/llama3_8b_qlora_l40_protocol_v3_phase1_r16_seed42/reports/comparison_row.json,outputs/experiments/protocol_v3/llama3_8b_qlora_l40_protocol_v3_phase1_r16_seed42/reports/metrics_history.jsonl,100,0.5319148936170213,eval,2026-04-21T15:35:00.373951+00:00,,8.768091201782227,9.31640625,8.646641110051549,5.311128582088765,7.722270220411801,4.675294882779572,350,-0.9057572479132094,-0.9243708896397482,-0.6358336993091926,-0.9057572479132094,-0.9243708896397482,-0.6358336993091926,50,7.722270220411801,4.675294882779572,350,4,350,0.0002,10,0.05,8.709317207336426,14.216796875,0.46159154176712036,0.2938384711742401,0,0,0,0,0,0,1,2,8.709316730499268,14.216796875,50,4.968158738734325,4.967231583999528,4.973833320477977,7,0.0035345364890919237,False,completed,7.437320232391357,14.216796875,0.05,0.01,,,0.5319148936170213,100,,,,,2.064375877380371,62.2364,3.76,3.76,,,,,,,,,,,,,,,,,,,,,,,,,,,,,,,,,,,
llama3_8b_qlora_l40_protocol_v3_phase1_r16_seed42__1776782871,llama3_8b_qlora_l40_protocol_v3_phase1_r16_seed42,qlora,train_and_eval,protocol_v3,logging_v2,meta-llama/Meta-Llama-3-8B,True,False,42,16,32,350,8,1024,8.316989216966332,7.411231969053123,7.411231969053123,2694.5849,0.13,completed,outputs/experiments/protocol_v3/llama3_8b_qlora_l40_protocol_v3_phase1_r16_seed42/reports/comparison_row.json,outputs/experiments/protocol_v3/llama3_8b_qlora_l40_protocol_v3_phase1_r16_seed42/reports/metrics_history.jsonl,100,0.5319148936170213,eval,2026-04-21T15:35:00.373956+00:00,,8.768091201782227,9.31640625,8.646641110051549,5.311128582088765,7.722270220411801,4.675294882779572,350,-0.9057572479132094,-0.9243708896397482,-0.6358336993091926,-0.9057572479132094,-0.9243708896397482,-0.6358336993091926,50,7.722270220411801,4.675294882779572,350,4,350,0.0002,10,0.05,8.709317207336426,14.216796875,0.46159154176712036,0.2938384711742401,0,0,0,0,0,0,1,2,8.709316730499268,14.216796875,50,4.968158738734325,4.967231583999528,4.973833320477977,7,0.0035345364890919237,False,completed,7.437320232391357,14.216796875,0.05,0.01,,,0.5319148936170213,100,,,,,,,,,1.5729655027389526,5.5884,3.758,3.758,,,,,,,,,,,,,,,,,,,,,,,,,,,,,,,
llama3_8b_qlora_l40_protocol_v3_phase1_r16_seed42__1776782871,llama3_8b_qlora_l40_protocol_v3_phase1_r16_seed42,qlora,train_and_eval,protocol_v3,logging_v2,meta-llama/Meta-Llama-3-8B,True,False,42,16,32,350,8,1024,8.316989216966332,7.411231969053123,7.411231969053123,2694.5849,0.13,completed,outputs/experiments/protocol_v3/llama3_8b_qlora_l40_protocol_v3_phase1_r16_seed42/reports/comparison_row.json,outputs/experiments/protocol_v3/llama3_8b_qlora_l40_protocol_v3_phase1_r16_seed42/reports/metrics_history.jsonl,100,0.5319148936170213,eval,2026-04-21T15:35:00.373963+00:00,,8.768091201782227,9.31640625,8.646641110051549,5.311128582088765,7.722270220411801,4.675294882779572,350,-0.9057572479132094,-0.9243708896397482,-0.6358336993091926,-0.9057572479132094,-0.9243708896397482,-0.6358336993091926,50,7.722270220411801,4.675294882779572,350,4,350,0.0002,10,0.05,8.709317207336426,14.216796875,0.46159154176712036,0.2938384711742401,0,0,0,0,0,0,1,2,8.709316730499268,14.216796875,50,4.968158738734325,4.967231583999528,4.973833320477977,7,0.0035345364890919237,False,completed,7.437320232391357,14.216796875,0.05,0.01,,,0.5319148936170213,100,2.0241949558258057,67.8014,3.761,3.761,2.064375877380371,62.2364,3.76,3.76,1.5729655027389526,5.5884,3.758,3.758,7.570014295023211,8.709317207336426,14.216796875,8.709317207336426,14.216796875,8.709317207336426,14.216796875,7.880378040331285,8.709317207336426,14.216796875,8.709317207336426,14.216796875,8.709317207336426,14.216796875,4.820923478395172,8.709316730499268,14.216796875,8.709316730499268,14.216796875,8.709316730499268,14.216796875,4.964857451699791,4.9651120899943635,4.966845589508739,0.0013846107859244216,50,,,,,
llama3_8b_qlora_l40_protocol_v3_phase1_r16_seed42__1776782871,llama3_8b_qlora_l40_protocol_v3_phase1_r16_seed42,qlora,train_and_eval,protocol_v3,logging_v2,meta-llama/Meta-Llama-3-8B,True,False,42,16,32,350,8,1024,8.316989216966332,7.411231969053123,7.411231969053123,2694.5849,0.13,completed,outputs/experiments/protocol_v3/llama3_8b_qlora_l40_protocol_v3_phase1_r16_seed42/reports/comparison_row.json,outputs/experiments/protocol_v3/llama3_8b_qlora_l40_protocol_v3_phase1_r16_seed42/reports/metrics_history.jsonl,110,0.5851063829787234,train_log,2026-04-21T15:35:00.373971+00:00,2.0278,8.768091201782227,9.31640625,8.646641110051549,5.311128582088765,7.722270220411801,4.675294882779572,350,-0.9057572479132094,-0.9243708896397482,-0.6358336993091926,-0.9057572479132094,-0.9243708896397482,-0.6358336993091926,50,7.722270220411801,4.675294882779572,350,4,350,0.0002,10,0.05,8.709317207336426,14.216796875,0.46159154176712036,0.2938384711742401,0,0,0,0,0,0,1,2,8.709316730499268,14.216796875,50,4.968158738734325,4.967231583999528,4.973833320477977,7,0.0035345364890919237,False,completed,7.437320232391357,14.216796875,0.05,0.01,0.32951921224594116,0.00014457831325301204,0.5851063829787234,110,,,,,,,,,,,,,,,,,,,,,,,,,,,,,,,,,,,,,,,,,,,
llama3_8b_qlora_l40_protocol_v3_phase1_r16_seed42__1776782871,llama3_8b_qlora_l40_protocol_v3_phase1_r16_seed42,qlora,train_and_eval,protocol_v3,logging_v2,meta-llama/Meta-Llama-3-8B,True,False,42,16,32,350,8,1024,8.316989216966332,7.411231969053123,7.411231969053123,2694.5849,0.13,completed,outputs/experiments/protocol_v3/llama3_8b_qlora_l40_protocol_v3_phase1_r16_seed42/reports/comparison_row.json,outputs/experiments/protocol_v3/llama3_8b_qlora_l40_protocol_v3_phase1_r16_seed42/reports/metrics_history.jsonl,120,0.6382978723404256,train_log,2026-04-21T15:35:00.373974+00:00,1.9661,8.768091201782227,9.31640625,8.646641110051549,5.311128582088765,7.722270220411801,4.675294882779572,350,-0.9057572479132094,-0.9243708896397482,-0.6358336993091926,-0.9057572479132094,-0.9243708896397482,-0.6358336993091926,50,7.722270220411801,4.675294882779572,350,4,350,0.0002,10,0.05,8.709317207336426,14.216796875,0.46159154176712036,0.2938384711742401,0,0,0,0,0,0,1,2,8.709316730499268,14.216796875,50,4.968158738734325,4.967231583999528,4.973833320477977,7,0.0035345364890919237,False,completed,7.437320232391357,14.216796875,0.05,0.01,0.37147122621536255,0.00013855421686746988,0.6382978723404256,120,,,,,,,,,,,,,,,,,,,,,,,,,,,,,,,,,,,,,,,,,,,
llama3_8b_qlora_l40_protocol_v3_phase1_r16_seed42__1776782871,llama3_8b_qlora_l40_protocol_v3_phase1_r16_seed42,qlora,train_and_eval,protocol_v3,logging_v2,meta-llama/Meta-Llama-3-8B,True,False,42,16,32,350,8,1024,8.316989216966332,7.411231969053123,7.411231969053123,2694.5849,0.13,completed,outputs/experiments/protocol_v3/llama3_8b_qlora_l40_protocol_v3_phase1_r16_seed42/reports/comparison_row.json,outputs/experiments/protocol_v3/llama3_8b_qlora_l40_protocol_v3_phase1_r16_seed42/reports/metrics_history.jsonl,130,0.6914893617021277,train_log,2026-04-21T15:35:00.373978+00:00,1.982,8.768091201782227,9.31640625,8.646641110051549,5.311128582088765,7.722270220411801,4.675294882779572,350,-0.9057572479132094,-0.9243708896397482,-0.6358336993091926,-0.9057572479132094,-0.9243708896397482,-0.6358336993091926,50,7.722270220411801,4.675294882779572,350,4,350,0.0002,10,0.05,8.709317207336426,14.216796875,0.46159154176712036,0.2938384711742401,0,0,0,0,0,0,1,2,8.709316730499268,14.216796875,50,4.968158738734325,4.967231583999528,4.973833320477977,7,0.0035345364890919237,False,completed,7.437320232391357,14.216796875,0.05,0.01,0.33642926812171936,0.00013253012048192772,0.6914893617021277,130,,,,,,,,,,,,,,,,,,,,,,,,,,,,,,,,,,,,,,,,,,,
llama3_8b_qlora_l40_protocol_v3_phase1_r16_seed42__1776782871,llama3_8b_qlora_l40_protocol_v3_phase1_r16_seed42,qlora,train_and_eval,protocol_v3,logging_v2,meta-llama/Meta-Llama-3-8B,True,False,42,16,32,350,8,1024,8.316989216966332,7.411231969053123,7.411231969053123,2694.5849,0.13,completed,outputs/experiments/protocol_v3/llama3_8b_qlora_l40_protocol_v3_phase1_r16_seed42/reports/comparison_row.json,outputs/experiments/protocol_v3/llama3_8b_qlora_l40_protocol_v3_phase1_r16_seed42/reports/metrics_history.jsonl,140,0.7446808510638298,train_log,2026-04-21T15:35:00.373981+00:00,2.013,8.768091201782227,9.31640625,8.646641110051549,5.311128582088765,7.722270220411801,4.675294882779572,350,-0.9057572479132094,-0.9243708896397482,-0.6358336993091926,-0.9057572479132094,-0.9243708896397482,-0.6358336993091926,50,7.722270220411801,4.675294882779572,350,4,350,0.0002,10,0.05,8.709317207336426,14.216796875,0.46159154176712036,0.2938384711742401,0,0,0,0,0,0,1,2,8.709316730499268,14.216796875,50,4.968158738734325,4.967231583999528,4.973833320477977,7,0.0035345364890919237,False,completed,7.437320232391357,14.216796875,0.05,0.01,0.41213542222976685,0.00012650602409638556,0.7446808510638298,140,,,,,,,,,,,,,,,,,,,,,,,,,,,,,,,,,,,,,,,,,,,
llama3_8b_qlora_l40_protocol_v3_phase1_r16_seed42__1776782871,llama3_8b_qlora_l40_protocol_v3_phase1_r16_seed42,qlora,train_and_eval,protocol_v3,logging_v2,meta-llama/Meta-Llama-3-8B,True,False,42,16,32,350,8,1024,8.316989216966332,7.411231969053123,7.411231969053123,2694.5849,0.13,completed,outputs/experiments/protocol_v3/llama3_8b_qlora_l40_protocol_v3_phase1_r16_seed42/reports/comparison_row.json,outputs/experiments/protocol_v3/llama3_8b_qlora_l40_protocol_v3_phase1_r16_seed42/reports/metrics_history.jsonl,150,0.7978723404255319,train_log,2026-04-21T15:35:00.373985+00:00,1.9699,8.768091201782227,9.31640625,8.646641110051549,5.311128582088765,7.722270220411801,4.675294882779572,350,-0.9057572479132094,-0.9243708896397482,-0.6358336993091926,-0.9057572479132094,-0.9243708896397482,-0.6358336993091926,50,7.722270220411801,4.675294882779572,350,4,350,0.0002,10,0.05,8.709317207336426,14.216796875,0.46159154176712036,0.2938384711742401,0,0,0,0,0,0,1,2,8.709316730499268,14.216796875,50,4.968158738734325,4.967231583999528,4.973833320477977,7,0.0035345364890919237,False,completed,7.437320232391357,14.216796875,0.05,0.01,0.35681840777397156,0.0001204819277108434,0.7978723404255319,150,,,,,,,,,,,,,,,,,,,,,,,,,,,,,,,,,,,,,,,,,,,
llama3_8b_qlora_l40_protocol_v3_phase1_r16_seed42__1776782871,llama3_8b_qlora_l40_protocol_v3_phase1_r16_seed42,qlora,train_and_eval,protocol_v3,logging_v2,meta-llama/Meta-Llama-3-8B,True,False,42,16,32,350,8,1024,8.316989216966332,7.411231969053123,7.411231969053123,2694.5849,0.13,completed,outputs/experiments/protocol_v3/llama3_8b_qlora_l40_protocol_v3_phase1_r16_seed42/reports/comparison_row.json,outputs/experiments/protocol_v3/llama3_8b_qlora_l40_protocol_v3_phase1_r16_seed42/reports/metrics_history.jsonl,150,0.7978723404255319,eval,2026-04-21T15:35:00.373989+00:00,,8.768091201782227,9.31640625,8.646641110051549,5.311128582088765,7.722270220411801,4.675294882779572,350,-0.9057572479132094,-0.9243708896397482,-0.6358336993091926,-0.9057572479132094,-0.9243708896397482,-0.6358336993091926,50,7.722270220411801,4.675294882779572,350,4,350,0.0002,10,0.05,8.709317207336426,14.216796875,0.46159154176712036,0.2938384711742401,0,0,0,0,0,0,1,2,8.709316730499268,14.216796875,50,4.968158738734325,4.967231583999528,4.973833320477977,7,0.0035345364890919237,False,completed,7.437320232391357,14.216796875,0.05,0.01,,,0.7978723404255319,150,2.0146431922912598,67.7779,3.762,3.762,,,,,,,,,,,,,,,,,,,,,,,,,,,,,,,,,,,,,,,
llama3_8b_qlora_l40_protocol_v3_phase1_r16_seed42__1776782871,llama3_8b_qlora_l40_protocol_v3_phase1_r16_seed42,qlora,train_and_eval,protocol_v3,logging_v2,meta-llama/Meta-Llama-3-8B,True,False,42,16,32,350,8,1024,8.316989216966332,7.411231969053123,7.411231969053123,2694.5849,0.13,completed,outputs/experiments/protocol_v3/llama3_8b_qlora_l40_protocol_v3_phase1_r16_seed42/reports/comparison_row.json,outputs/experiments/protocol_v3/llama3_8b_qlora_l40_protocol_v3_phase1_r16_seed42/reports/metrics_history.jsonl,150,0.7978723404255319,eval,2026-04-21T15:35:00.373993+00:00,,8.768091201782227,9.31640625,8.646641110051549,5.311128582088765,7.722270220411801,4.675294882779572,350,-0.9057572479132094,-0.9243708896397482,-0.6358336993091926,-0.9057572479132094,-0.9243708896397482,-0.6358336993091926,50,7.722270220411801,4.675294882779572,350,4,350,0.0002,10,0.05,8.709317207336426,14.216796875,0.46159154176712036,0.2938384711742401,0,0,0,0,0,0,1,2,8.709316730499268,14.216796875,50,4.968158738734325,4.967231583999528,4.973833320477977,7,0.0035345364890919237,False,completed,7.437320232391357,14.216796875,0.05,0.01,,,0.7978723404255319,150,,,,,2.0548346042633057,62.2135,3.761,3.761,,,,,,,,,,,,,,,,,,,,,,,,,,,,,,,,,,,
llama3_8b_qlora_l40_protocol_v3_phase1_r16_seed42__1776782871,llama3_8b_qlora_l40_protocol_v3_phase1_r16_seed42,qlora,train_and_eval,protocol_v3,logging_v2,meta-llama/Meta-Llama-3-8B,True,False,42,16,32,350,8,1024,8.316989216966332,7.411231969053123,7.411231969053123,2694.5849,0.13,completed,outputs/experiments/protocol_v3/llama3_8b_qlora_l40_protocol_v3_phase1_r16_seed42/reports/comparison_row.json,outputs/experiments/protocol_v3/llama3_8b_qlora_l40_protocol_v3_phase1_r16_seed42/reports/metrics_history.jsonl,150,0.7978723404255319,eval,2026-04-21T15:35:00.373997+00:00,,8.768091201782227,9.31640625,8.646641110051549,5.311128582088765,7.722270220411801,4.675294882779572,350,-0.9057572479132094,-0.9243708896397482,-0.6358336993091926,-0.9057572479132094,-0.9243708896397482,-0.6358336993091926,50,7.722270220411801,4.675294882779572,350,4,350,0.0002,10,0.05,8.709317207336426,14.216796875,0.46159154176712036,0.2938384711742401,0,0,0,0,0,0,1,2,8.709316730499268,14.216796875,50,4.968158738734325,4.967231583999528,4.973833320477977,7,0.0035345364890919237,False,completed,7.437320232391357,14.216796875,0.05,0.01,,,0.7978723404255319,150,,,,,,,,,1.5631626844406128,5.5866,3.759,3.759,,,,,,,,,,,,,,,,,,,,,,,,,,,,,,,
llama3_8b_qlora_l40_protocol_v3_phase1_r16_seed42__1776782871,llama3_8b_qlora_l40_protocol_v3_phase1_r16_seed42,qlora,train_and_eval,protocol_v3,logging_v2,meta-llama/Meta-Llama-3-8B,True,False,42,16,32,350,8,1024,8.316989216966332,7.411231969053123,7.411231969053123,2694.5849,0.13,completed,outputs/experiments/protocol_v3/llama3_8b_qlora_l40_protocol_v3_phase1_r16_seed42/reports/comparison_row.json,outputs/experiments/protocol_v3/llama3_8b_qlora_l40_protocol_v3_phase1_r16_seed42/reports/metrics_history.jsonl,150,0.7978723404255319,eval,2026-04-21T15:35:00.374004+00:00,,8.768091201782227,9.31640625,8.646641110051549,5.311128582088765,7.722270220411801,4.675294882779572,350,-0.9057572479132094,-0.9243708896397482,-0.6358336993091926,-0.9057572479132094,-0.9243708896397482,-0.6358336993091926,50,7.722270220411801,4.675294882779572,350,4,350,0.0002,10,0.05,8.709317207336426,14.216796875,0.46159154176712036,0.2938384711742401,0,0,0,0,0,0,1,2,8.709316730499268,14.216796875,50,4.968158738734325,4.967231583999528,4.973833320477977,7,0.0035345364890919237,False,completed,7.437320232391357,14.216796875,0.05,0.01,,,0.7978723404255319,150,2.0146431922912598,67.7779,3.762,3.762,2.0548346042633057,62.2135,3.761,3.761,1.5631626844406128,5.5866,3.759,3.759,7.498051541260738,8.709317207336426,14.216796875,8.709317207336426,14.216796875,8.709317207336426,14.216796875,7.805546761709766,8.709317207336426,14.216796875,8.709317207336426,14.216796875,8.709317207336426,14.216796875,4.773895720384373,8.709316730499268,14.216796875,8.709316730499268,14.216796875,8.709316730499268,14.216796875,4.96627666224027,4.966259331005858,4.967829926751437,0.0009878066841794535,50,,,,,
llama3_8b_qlora_l40_protocol_v3_phase1_r16_seed42__1776782871,llama3_8b_qlora_l40_protocol_v3_phase1_r16_seed42,qlora,train_and_eval,protocol_v3,logging_v2,meta-llama/Meta-Llama-3-8B,True,False,42,16,32,350,8,1024,8.316989216966332,7.411231969053123,7.411231969053123,2694.5849,0.13,completed,outputs/experiments/protocol_v3/llama3_8b_qlora_l40_protocol_v3_phase1_r16_seed42/reports/comparison_row.json,outputs/experiments/protocol_v3/llama3_8b_qlora_l40_protocol_v3_phase1_r16_seed42/reports/metrics_history.jsonl,160,0.851063829787234,train_log,2026-04-21T15:35:00.374011+00:00,1.9389,8.768091201782227,9.31640625,8.646641110051549,5.311128582088765,7.722270220411801,4.675294882779572,350,-0.9057572479132094,-0.9243708896397482,-0.6358336993091926,-0.9057572479132094,-0.9243708896397482,-0.6358336993091926,50,7.722270220411801,4.675294882779572,350,4,350,0.0002,10,0.05,8.709317207336426,14.216796875,0.46159154176712036,0.2938384711742401,0,0,0,0,0,0,1,2,8.709316730499268,14.216796875,50,4.968158738734325,4.967231583999528,4.973833320477977,7,0.0035345364890919237,False,completed,7.437320232391357,14.216796875,0.05,0.01,0.3575071096420288,0.0001144578313253012,0.851063829787234,160,,,,,,,,,,,,,,,,,,,,,,,,,,,,,,,,,,,,,,,,,,,
llama3_8b_qlora_l40_protocol_v3_phase1_r16_seed42__1776782871,llama3_8b_qlora_l40_protocol_v3_phase1_r16_seed42,qlora,train_and_eval,protocol_v3,logging_v2,meta-llama/Meta-Llama-3-8B,True,False,42,16,32,350,8,1024,8.316989216966332,7.411231969053123,7.411231969053123,2694.5849,0.13,completed,outputs/experiments/protocol_v3/llama3_8b_qlora_l40_protocol_v3_phase1_r16_seed42/reports/comparison_row.json,outputs/experiments/protocol_v3/llama3_8b_qlora_l40_protocol_v3_phase1_r16_seed42/reports/metrics_history.jsonl,170,0.9042553191489362,train_log,2026-04-21T15:35:00.374015+00:00,1.9634,8.768091201782227,9.31640625,8.646641110051549,5.311128582088765,7.722270220411801,4.675294882779572,350,-0.9057572479132094,-0.9243708896397482,-0.6358336993091926,-0.9057572479132094,-0.9243708896397482,-0.6358336993091926,50,7.722270220411801,4.675294882779572,350,4,350,0.0002,10,0.05,8.709317207336426,14.216796875,0.46159154176712036,0.2938384711742401,0,0,0,0,0,0,1,2,8.709316730499268,14.216796875,50,4.968158738734325,4.967231583999528,4.973833320477977,7,0.0035345364890919237,False,completed,7.437320232391357,14.216796875,0.05,0.01,0.3604373037815094,0.00010843373493975903,0.9042553191489362,170,,,,,,,,,,,,,,,,,,,,,,,,,,,,,,,,,,,,,,,,,,,
llama3_8b_qlora_l40_protocol_v3_phase1_r16_seed42__1776782871,llama3_8b_qlora_l40_protocol_v3_phase1_r16_seed42,qlora,train_and_eval,protocol_v3,logging_v2,meta-llama/Meta-Llama-3-8B,True,False,42,16,32,350,8,1024,8.316989216966332,7.411231969053123,7.411231969053123,2694.5849,0.13,completed,outputs/experiments/protocol_v3/llama3_8b_qlora_l40_protocol_v3_phase1_r16_seed42/reports/comparison_row.json,outputs/experiments/protocol_v3/llama3_8b_qlora_l40_protocol_v3_phase1_r16_seed42/reports/metrics_history.jsonl,180,0.9574468085106383,train_log,2026-04-21T15:35:00.374019+00:00,1.99,8.768091201782227,9.31640625,8.646641110051549,5.311128582088765,7.722270220411801,4.675294882779572,350,-0.9057572479132094,-0.9243708896397482,-0.6358336993091926,-0.9057572479132094,-0.9243708896397482,-0.6358336993091926,50,7.722270220411801,4.675294882779572,350,4,350,0.0002,10,0.05,8.709317207336426,14.216796875,0.46159154176712036,0.2938384711742401,0,0,0,0,0,0,1,2,8.709316730499268,14.216796875,50,4.968158738734325,4.967231583999528,4.973833320477977,7,0.0035345364890919237,False,completed,7.437320232391357,14.216796875,0.05,0.01,0.336632639169693,0.00010240963855421688,0.9574468085106383,180,,,,,,,,,,,,,,,,,,,,,,,,,,,,,,,,,,,,,,,,,,,
llama3_8b_qlora_l40_protocol_v3_phase1_r16_seed42__1776782871,llama3_8b_qlora_l40_protocol_v3_phase1_r16_seed42,qlora,train_and_eval,protocol_v3,logging_v2,meta-llama/Meta-Llama-3-8B,True,False,42,16,32,350,8,1024,8.316989216966332,7.411231969053123,7.411231969053123,2694.5849,0.13,completed,outputs/experiments/protocol_v3/llama3_8b_qlora_l40_protocol_v3_phase1_r16_seed42/reports/comparison_row.json,outputs/experiments/protocol_v3/llama3_8b_qlora_l40_protocol_v3_phase1_r16_seed42/reports/metrics_history.jsonl,190,1.0106382978723405,train_log,2026-04-21T15:35:00.374023+00:00,1.9525,8.768091201782227,9.31640625,8.646641110051549,5.311128582088765,7.722270220411801,4.675294882779572,350,-0.9057572479132094,-0.9243708896397482,-0.6358336993091926,-0.9057572479132094,-0.9243708896397482,-0.6358336993091926,50,7.722270220411801,4.675294882779572,350,4,350,0.0002,10,0.05,8.709317207336426,14.216796875,0.46159154176712036,0.2938384711742401,0,0,0,0,0,0,1,2,8.709316730499268,14.216796875,50,4.968158738734325,4.967231583999528,4.973833320477977,7,0.0035345364890919237,False,completed,7.437320232391357,14.216796875,0.05,0.01,0.4406506419181824,9.638554216867471e-05,1.0106382978723405,190,,,,,,,,,,,,,,,,,,,,,,,,,,,,,,,,,,,,,,,,,,,
llama3_8b_qlora_l40_protocol_v3_phase1_r16_seed42__1776782871,llama3_8b_qlora_l40_protocol_v3_phase1_r16_seed42,qlora,train_and_eval,protocol_v3,logging_v2,meta-llama/Meta-Llama-3-8B,True,False,42,16,32,350,8,1024,8.316989216966332,7.411231969053123,7.411231969053123,2694.5849,0.13,completed,outputs/experiments/protocol_v3/llama3_8b_qlora_l40_protocol_v3_phase1_r16_seed42/reports/comparison_row.json,outputs/experiments/protocol_v3/llama3_8b_qlora_l40_protocol_v3_phase1_r16_seed42/reports/metrics_history.jsonl,200,1.0638297872340425,train_log,2026-04-21T15:35:00.374026+00:00,1.9148,8.768091201782227,9.31640625,8.646641110051549,5.311128582088765,7.722270220411801,4.675294882779572,350,-0.9057572479132094,-0.9243708896397482,-0.6358336993091926,-0.9057572479132094,-0.9243708896397482,-0.6358336993091926,50,7.722270220411801,4.675294882779572,350,4,350,0.0002,10,0.05,8.709317207336426,14.216796875,0.46159154176712036,0.2938384711742401,0,0,0,0,0,0,1,2,8.709316730499268,14.216796875,50,4.968158738734325,4.967231583999528,4.973833320477977,7,0.0035345364890919237,False,completed,7.437320232391357,14.216796875,0.05,0.01,0.35190892219543457,9.036144578313253e-05,1.0638297872340425,200,,,,,,,,,,,,,,,,,,,,,,,,,,,,,,,,,,,,,,,,,,,
llama3_8b_qlora_l40_protocol_v3_phase1_r16_seed42__1776782871,llama3_8b_qlora_l40_protocol_v3_phase1_r16_seed42,qlora,train_and_eval,protocol_v3,logging_v2,meta-llama/Meta-Llama-3-8B,True,False,42,16,32,350,8,1024,8.316989216966332,7.411231969053123,7.411231969053123,2694.5849,0.13,completed,outputs/experiments/protocol_v3/llama3_8b_qlora_l40_protocol_v3_phase1_r16_seed42/reports/comparison_row.json,outputs/experiments/protocol_v3/llama3_8b_qlora_l40_protocol_v3_phase1_r16_seed42/reports/metrics_history.jsonl,200,1.0638297872340425,eval,2026-04-21T15:35:00.374030+00:00,,8.768091201782227,9.31640625,8.646641110051549,5.311128582088765,7.722270220411801,4.675294882779572,350,-0.9057572479132094,-0.9243708896397482,-0.6358336993091926,-0.9057572479132094,-0.9243708896397482,-0.6358336993091926,50,7.722270220411801,4.675294882779572,350,4,350,0.0002,10,0.05,8.709317207336426,14.216796875,0.46159154176712036,0.2938384711742401,0,0,0,0,0,0,1,2,8.709316730499268,14.216796875,50,4.968158738734325,4.967231583999528,4.973833320477977,7,0.0035345364890919237,False,completed,7.437320232391357,14.216796875,0.05,0.01,,,1.0638297872340425,200,2.009636402130127,67.817,3.76,3.76,,,,,,,,,,,,,,,,,,,,,,,,,,,,,,,,,,,,,,,
llama3_8b_qlora_l40_protocol_v3_phase1_r16_seed42__1776782871,llama3_8b_qlora_l40_protocol_v3_phase1_r16_seed42,qlora,train_and_eval,protocol_v3,logging_v2,meta-llama/Meta-Llama-3-8B,True,False,42,16,32,350,8,1024,8.316989216966332,7.411231969053123,7.411231969053123,2694.5849,0.13,completed,outputs/experiments/protocol_v3/llama3_8b_qlora_l40_protocol_v3_phase1_r16_seed42/reports/comparison_row.json,outputs/experiments/protocol_v3/llama3_8b_qlora_l40_protocol_v3_phase1_r16_seed42/reports/metrics_history.jsonl,200,1.0638297872340425,eval,2026-04-21T15:35:00.374034+00:00,,8.768091201782227,9.31640625,8.646641110051549,5.311128582088765,7.722270220411801,4.675294882779572,350,-0.9057572479132094,-0.9243708896397482,-0.6358336993091926,-0.9057572479132094,-0.9243708896397482,-0.6358336993091926,50,7.722270220411801,4.675294882779572,350,4,350,0.0002,10,0.05,8.709317207336426,14.216796875,0.46159154176712036,0.2938384711742401,0,0,0,0,0,0,1,2,8.709316730499268,14.216796875,50,4.968158738734325,4.967231583999528,4.973833320477977,7,0.0035345364890919237,False,completed,7.437320232391357,14.216796875,0.05,0.01,,,1.0638297872340425,200,,,,,2.0505313873291016,62.2281,3.76,3.76,,,,,,,,,,,,,,,,,,,,,,,,,,,,,,,,,,,
llama3_8b_qlora_l40_protocol_v3_phase1_r16_seed42__1776782871,llama3_8b_qlora_l40_protocol_v3_phase1_r16_seed42,qlora,train_and_eval,protocol_v3,logging_v2,meta-llama/Meta-Llama-3-8B,True,False,42,16,32,350,8,1024,8.316989216966332,7.411231969053123,7.411231969053123,2694.5849,0.13,completed,outputs/experiments/protocol_v3/llama3_8b_qlora_l40_protocol_v3_phase1_r16_seed42/reports/comparison_row.json,outputs/experiments/protocol_v3/llama3_8b_qlora_l40_protocol_v3_phase1_r16_seed42/reports/metrics_history.jsonl,200,1.0638297872340425,eval,2026-04-21T15:35:00.374038+00:00,,8.768091201782227,9.31640625,8.646641110051549,5.311128582088765,7.722270220411801,4.675294882779572,350,-0.9057572479132094,-0.9243708896397482,-0.6358336993091926,-0.9057572479132094,-0.9243708896397482,-0.6358336993091926,50,7.722270220411801,4.675294882779572,350,4,350,0.0002,10,0.05,8.709317207336426,14.216796875,0.46159154176712036,0.2938384711742401,0,0,0,0,0,0,1,2,8.709316730499268,14.216796875,50,4.968158738734325,4.967231583999528,4.973833320477977,7,0.0035345364890919237,False,completed,7.437320232391357,14.216796875,0.05,0.01,,,1.0638297872340425,200,,,,,,,,,1.5517727136611938,5.5866,3.759,3.759,,,,,,,,,,,,,,,,,,,,,,,,,,,,,,,
llama3_8b_qlora_l40_protocol_v3_phase1_r16_seed42__1776782871,llama3_8b_qlora_l40_protocol_v3_phase1_r16_seed42,qlora,train_and_eval,protocol_v3,logging_v2,meta-llama/Meta-Llama-3-8B,True,False,42,16,32,350,8,1024,8.316989216966332,7.411231969053123,7.411231969053123,2694.5849,0.13,completed,outputs/experiments/protocol_v3/llama3_8b_qlora_l40_protocol_v3_phase1_r16_seed42/reports/comparison_row.json,outputs/experiments/protocol_v3/llama3_8b_qlora_l40_protocol_v3_phase1_r16_seed42/reports/metrics_history.jsonl,200,1.0638297872340425,eval,2026-04-21T15:35:00.374045+00:00,,8.768091201782227,9.31640625,8.646641110051549,5.311128582088765,7.722270220411801,4.675294882779572,350,-0.9057572479132094,-0.9243708896397482,-0.6358336993091926,-0.9057572479132094,-0.9243708896397482,-0.6358336993091926,50,7.722270220411801,4.675294882779572,350,4,350,0.0002,10,0.05,8.709317207336426,14.216796875,0.46159154176712036,0.2938384711742401,0,0,0,0,0,0,1,2,8.709316730499268,14.216796875,50,4.968158738734325,4.967231583999528,4.973833320477977,7,0.0035345364890919237,False,completed,7.437320232391357,14.216796875,0.05,0.01,,,1.0638297872340425,200,2.009636402130127,67.817,3.76,3.76,2.0505313873291016,62.2281,3.76,3.76,1.5517727136611938,5.5866,3.759,3.759,7.460604194307741,8.709317207336426,14.216796875,8.709317207336426,14.216796875,8.709317207336426,14.216796875,7.7720299674434665,8.709317207336426,14.216796875,8.709317207336426,14.216796875,8.709317207336426,14.216796875,4.719829677453948,8.709316730499268,14.216796875,8.709316730499268,14.216796875,8.709316730499268,14.216796875,4.967231583999528,4.9673245689991745,4.969282768845005,0.0011570900827255295,50,,,,,
llama3_8b_qlora_l40_protocol_v3_phase1_r16_seed42__1776782871,llama3_8b_qlora_l40_protocol_v3_phase1_r16_seed42,qlora,train_and_eval,protocol_v3,logging_v2,meta-llama/Meta-Llama-3-8B,True,False,42,16,32,350,8,1024,8.316989216966332,7.411231969053123,7.411231969053123,2694.5849,0.13,completed,outputs/experiments/protocol_v3/llama3_8b_qlora_l40_protocol_v3_phase1_r16_seed42/reports/comparison_row.json,outputs/experiments/protocol_v3/llama3_8b_qlora_l40_protocol_v3_phase1_r16_seed42/reports/metrics_history.jsonl,210,1.1170212765957448,train_log,2026-04-21T15:35:00.374052+00:00,1.8487,8.768091201782227,9.31640625,8.646641110051549,5.311128582088765,7.722270220411801,4.675294882779572,350,-0.9057572479132094,-0.9243708896397482,-0.6358336993091926,-0.9057572479132094,-0.9243708896397482,-0.6358336993091926,50,7.722270220411801,4.675294882779572,350,4,350,0.0002,10,0.05,8.709317207336426,14.216796875,0.46159154176712036,0.2938384711742401,0,0,0,0,0,0,1,2,8.709316730499268,14.216796875,50,4.968158738734325,4.967231583999528,4.973833320477977,7,0.0035345364890919237,False,completed,7.437320232391357,14.216796875,0.05,0.01,0.4246147572994232,8.433734939759037e-05,1.1170212765957448,210,,,,,,,,,,,,,,,,,,,,,,,,,,,,,,,,,,,,,,,,,,,
llama3_8b_qlora_l40_protocol_v3_phase1_r16_seed42__1776782871,llama3_8b_qlora_l40_protocol_v3_phase1_r16_seed42,qlora,train_and_eval,protocol_v3,logging_v2,meta-llama/Meta-Llama-3-8B,True,False,42,16,32,350,8,1024,8.316989216966332,7.411231969053123,7.411231969053123,2694.5849,0.13,completed,outputs/experiments/protocol_v3/llama3_8b_qlora_l40_protocol_v3_phase1_r16_seed42/reports/comparison_row.json,outputs/experiments/protocol_v3/llama3_8b_qlora_l40_protocol_v3_phase1_r16_seed42/reports/metrics_history.jsonl,220,1.1702127659574468,train_log,2026-04-21T15:35:00.374056+00:00,1.9757,8.768091201782227,9.31640625,8.646641110051549,5.311128582088765,7.722270220411801,4.675294882779572,350,-0.9057572479132094,-0.9243708896397482,-0.6358336993091926,-0.9057572479132094,-0.9243708896397482,-0.6358336993091926,50,7.722270220411801,4.675294882779572,350,4,350,0.0002,10,0.05,8.709317207336426,14.216796875,0.46159154176712036,0.2938384711742401,0,0,0,0,0,0,1,2,8.709316730499268,14.216796875,50,4.968158738734325,4.967231583999528,4.973833320477977,7,0.0035345364890919237,False,completed,7.437320232391357,14.216796875,0.05,0.01,0.3662513196468353,7.83132530120482e-05,1.1702127659574468,220,,,,,,,,,,,,,,,,,,,,,,,,,,,,,,,,,,,,,,,,,,,
llama3_8b_qlora_l40_protocol_v3_phase1_r16_seed42__1776782871,llama3_8b_qlora_l40_protocol_v3_phase1_r16_seed42,qlora,train_and_eval,protocol_v3,logging_v2,meta-llama/Meta-Llama-3-8B,True,False,42,16,32,350,8,1024,8.316989216966332,7.411231969053123,7.411231969053123,2694.5849,0.13,completed,outputs/experiments/protocol_v3/llama3_8b_qlora_l40_protocol_v3_phase1_r16_seed42/reports/comparison_row.json,outputs/experiments/protocol_v3/llama3_8b_qlora_l40_protocol_v3_phase1_r16_seed42/reports/metrics_history.jsonl,230,1.2234042553191489,train_log,2026-04-21T15:35:00.374060+00:00,1.8618,8.768091201782227,9.31640625,8.646641110051549,5.311128582088765,7.722270220411801,4.675294882779572,350,-0.9057572479132094,-0.9243708896397482,-0.6358336993091926,-0.9057572479132094,-0.9243708896397482,-0.6358336993091926,50,7.722270220411801,4.675294882779572,350,4,350,0.0002,10,0.05,8.709317207336426,14.216796875,0.46159154176712036,0.2938384711742401,0,0,0,0,0,0,1,2,8.709316730499268,14.216796875,50,4.968158738734325,4.967231583999528,4.973833320477977,7,0.0035345364890919237,False,completed,7.437320232391357,14.216796875,0.05,0.01,0.3823375403881073,7.228915662650602e-05,1.2234042553191489,230,,,,,,,,,,,,,,,,,,,,,,,,,,,,,,,,,,,,,,,,,,,
llama3_8b_qlora_l40_protocol_v3_phase1_r16_seed42__1776782871,llama3_8b_qlora_l40_protocol_v3_phase1_r16_seed42,qlora,train_and_eval,protocol_v3,logging_v2,meta-llama/Meta-Llama-3-8B,True,False,42,16,32,350,8,1024,8.316989216966332,7.411231969053123,7.411231969053123,2694.5849,0.13,completed,outputs/experiments/protocol_v3/llama3_8b_qlora_l40_protocol_v3_phase1_r16_seed42/reports/comparison_row.json,outputs/experiments/protocol_v3/llama3_8b_qlora_l40_protocol_v3_phase1_r16_seed42/reports/metrics_history.jsonl,240,1.2765957446808511,train_log,2026-04-21T15:35:00.374064+00:00,1.9118,8.768091201782227,9.31640625,8.646641110051549,5.311128582088765,7.722270220411801,4.675294882779572,350,-0.9057572479132094,-0.9243708896397482,-0.6358336993091926,-0.9057572479132094,-0.9243708896397482,-0.6358336993091926,50,7.722270220411801,4.675294882779572,350,4,350,0.0002,10,0.05,8.709317207336426,14.216796875,0.46159154176712036,0.2938384711742401,0,0,0,0,0,0,1,2,8.709316730499268,14.216796875,50,4.968158738734325,4.967231583999528,4.973833320477977,7,0.0035345364890919237,False,completed,7.437320232391357,14.216796875,0.05,0.01,0.38968995213508606,6.626506024096386e-05,1.2765957446808511,240,,,,,,,,,,,,,,,,,,,,,,,,,,,,,,,,,,,,,,,,,,,
llama3_8b_qlora_l40_protocol_v3_phase1_r16_seed42__1776782871,llama3_8b_qlora_l40_protocol_v3_phase1_r16_seed42,qlora,train_and_eval,protocol_v3,logging_v2,meta-llama/Meta-Llama-3-8B,True,False,42,16,32,350,8,1024,8.316989216966332,7.411231969053123,7.411231969053123,2694.5849,0.13,completed,outputs/experiments/protocol_v3/llama3_8b_qlora_l40_protocol_v3_phase1_r16_seed42/reports/comparison_row.json,outputs/experiments/protocol_v3/llama3_8b_qlora_l40_protocol_v3_phase1_r16_seed42/reports/metrics_history.jsonl,250,1.3297872340425532,train_log,2026-04-21T15:35:00.374068+00:00,1.8884,8.768091201782227,9.31640625,8.646641110051549,5.311128582088765,7.722270220411801,4.675294882779572,350,-0.9057572479132094,-0.9243708896397482,-0.6358336993091926,-0.9057572479132094,-0.9243708896397482,-0.6358336993091926,50,7.722270220411801,4.675294882779572,350,4,350,0.0002,10,0.05,8.709317207336426,14.216796875,0.46159154176712036,0.2938384711742401,0,0,0,0,0,0,1,2,8.709316730499268,14.216796875,50,4.968158738734325,4.967231583999528,4.973833320477977,7,0.0035345364890919237,False,completed,7.437320232391357,14.216796875,0.05,0.01,0.4242169260978699,6.02409638554217e-05,1.3297872340425532,250,,,,,,,,,,,,,,,,,,,,,,,,,,,,,,,,,,,,,,,,,,,
llama3_8b_qlora_l40_protocol_v3_phase1_r16_seed42__1776782871,llama3_8b_qlora_l40_protocol_v3_phase1_r16_seed42,qlora,train_and_eval,protocol_v3,logging_v2,meta-llama/Meta-Llama-3-8B,True,False,42,16,32,350,8,1024,8.316989216966332,7.411231969053123,7.411231969053123,2694.5849,0.13,completed,outputs/experiments/protocol_v3/llama3_8b_qlora_l40_protocol_v3_phase1_r16_seed42/reports/comparison_row.json,outputs/experiments/protocol_v3/llama3_8b_qlora_l40_protocol_v3_phase1_r16_seed42/reports/metrics_history.jsonl,250,1.3297872340425532,eval,2026-04-21T15:35:00.374072+00:00,,8.768091201782227,9.31640625,8.646641110051549,5.311128582088765,7.722270220411801,4.675294882779572,350,-0.9057572479132094,-0.9243708896397482,-0.6358336993091926,-0.9057572479132094,-0.9243708896397482,-0.6358336993091926,50,7.722270220411801,4.675294882779572,350,4,350,0.0002,10,0.05,8.709317207336426,14.216796875,0.46159154176712036,0.2938384711742401,0,0,0,0,0,0,1,2,8.709316730499268,14.216796875,50,4.968158738734325,4.967231583999528,4.973833320477977,7,0.0035345364890919237,False,completed,7.437320232391357,14.216796875,0.05,0.01,,,1.3297872340425532,250,2.0066375732421875,67.7666,3.763,3.763,,,,,,,,,,,,,,,,,,,,,,,,,,,,,,,,,,,,,,,
llama3_8b_qlora_l40_protocol_v3_phase1_r16_seed42__1776782871,llama3_8b_qlora_l40_protocol_v3_phase1_r16_seed42,qlora,train_and_eval,protocol_v3,logging_v2,meta-llama/Meta-Llama-3-8B,True,False,42,16,32,350,8,1024,8.316989216966332,7.411231969053123,7.411231969053123,2694.5849,0.13,completed,outputs/experiments/protocol_v3/llama3_8b_qlora_l40_protocol_v3_phase1_r16_seed42/reports/comparison_row.json,outputs/experiments/protocol_v3/llama3_8b_qlora_l40_protocol_v3_phase1_r16_seed42/reports/metrics_history.jsonl,250,1.3297872340425532,eval,2026-04-21T15:35:00.374076+00:00,,8.768091201782227,9.31640625,8.646641110051549,5.311128582088765,7.722270220411801,4.675294882779572,350,-0.9057572479132094,-0.9243708896397482,-0.6358336993091926,-0.9057572479132094,-0.9243708896397482,-0.6358336993091926,50,7.722270220411801,4.675294882779572,350,4,350,0.0002,10,0.05,8.709317207336426,14.216796875,0.46159154176712036,0.2938384711742401,0,0,0,0,0,0,1,2,8.709316730499268,14.216796875,50,4.968158738734325,4.967231583999528,4.973833320477977,7,0.0035345364890919237,False,completed,7.437320232391357,14.216796875,0.05,0.01,,,1.3297872340425532,250,,,,,2.047555923461914,62.1997,3.762,3.762,,,,,,,,,,,,,,,,,,,,,,,,,,,,,,,,,,,
llama3_8b_qlora_l40_protocol_v3_phase1_r16_seed42__1776782871,llama3_8b_qlora_l40_protocol_v3_phase1_r16_seed42,qlora,train_and_eval,protocol_v3,logging_v2,meta-llama/Meta-Llama-3-8B,True,False,42,16,32,350,8,1024,8.316989216966332,7.411231969053123,7.411231969053123,2694.5849,0.13,completed,outputs/experiments/protocol_v3/llama3_8b_qlora_l40_protocol_v3_phase1_r16_seed42/reports/comparison_row.json,outputs/experiments/protocol_v3/llama3_8b_qlora_l40_protocol_v3_phase1_r16_seed42/reports/metrics_history.jsonl,250,1.3297872340425532,eval,2026-04-21T15:35:00.374080+00:00,,8.768091201782227,9.31640625,8.646641110051549,5.311128582088765,7.722270220411801,4.675294882779572,350,-0.9057572479132094,-0.9243708896397482,-0.6358336993091926,-0.9057572479132094,-0.9243708896397482,-0.6358336993091926,50,7.722270220411801,4.675294882779572,350,4,350,0.0002,10,0.05,8.709317207336426,14.216796875,0.46159154176712036,0.2938384711742401,0,0,0,0,0,0,1,2,8.709316730499268,14.216796875,50,4.968158738734325,4.967231583999528,4.973833320477977,7,0.0035345364890919237,False,completed,7.437320232391357,14.216796875,0.05,0.01,,,1.3297872340425532,250,,,,,,,,,1.5477333068847656,5.5858,3.76,3.76,,,,,,,,,,,,,,,,,,,,,,,,,,,,,,,
llama3_8b_qlora_l40_protocol_v3_phase1_r16_seed42__1776782871,llama3_8b_qlora_l40_protocol_v3_phase1_r16_seed42,qlora,train_and_eval,protocol_v3,logging_v2,meta-llama/Meta-Llama-3-8B,True,False,42,16,32,350,8,1024,8.316989216966332,7.411231969053123,7.411231969053123,2694.5849,0.13,completed,outputs/experiments/protocol_v3/llama3_8b_qlora_l40_protocol_v3_phase1_r16_seed42/reports/comparison_row.json,outputs/experiments/protocol_v3/llama3_8b_qlora_l40_protocol_v3_phase1_r16_seed42/reports/metrics_history.jsonl,250,1.3297872340425532,eval,2026-04-21T15:35:00.374087+00:00,,8.768091201782227,9.31640625,8.646641110051549,5.311128582088765,7.722270220411801,4.675294882779572,350,-0.9057572479132094,-0.9243708896397482,-0.6358336993091926,-0.9057572479132094,-0.9243708896397482,-0.6358336993091926,50,7.722270220411801,4.675294882779572,350,4,350,0.0002,10,0.05,8.709317207336426,14.216796875,0.46159154176712036,0.2938384711742401,0,0,0,0,0,0,1,2,8.709316730499268,14.216796875,50,4.968158738734325,4.967231583999528,4.973833320477977,7,0.0035345364890919237,False,completed,7.437320232391357,14.216796875,0.05,0.01,,,1.3297872340425532,250,2.0066375732421875,67.7666,3.763,3.763,2.047555923461914,62.1997,3.762,3.762,1.5477333068847656,5.5858,3.76,3.76,7.438264631932457,8.709317207336426,14.216796875,8.709317207336426,14.216796875,8.709317207336426,14.216796875,7.748938943390645,8.709317207336426,14.216796875,8.709317207336426,14.216796875,8.709317207336426,14.216796875,4.700802819951275,8.709316730499268,14.216796875,8.709316730499268,14.216796875,8.709316730499268,14.216796875,4.967500858439598,4.96719591699366,4.969135918354004,0.0010034158029575203,50,,,,,
llama3_8b_qlora_l40_protocol_v3_phase1_r16_seed42__1776782871,llama3_8b_qlora_l40_protocol_v3_phase1_r16_seed42,qlora,train_and_eval,protocol_v3,logging_v2,meta-llama/Meta-Llama-3-8B,True,False,42,16,32,350,8,1024,8.316989216966332,7.411231969053123,7.411231969053123,2694.5849,0.13,completed,outputs/experiments/protocol_v3/llama3_8b_qlora_l40_protocol_v3_phase1_r16_seed42/reports/comparison_row.json,outputs/experiments/protocol_v3/llama3_8b_qlora_l40_protocol_v3_phase1_r16_seed42/reports/metrics_history.jsonl,260,1.3829787234042552,train_log,2026-04-21T15:35:00.374094+00:00,1.8771,8.768091201782227,9.31640625,8.646641110051549,5.311128582088765,7.722270220411801,4.675294882779572,350,-0.9057572479132094,-0.9243708896397482,-0.6358336993091926,-0.9057572479132094,-0.9243708896397482,-0.6358336993091926,50,7.722270220411801,4.675294882779572,350,4,350,0.0002,10,0.05,8.709317207336426,14.216796875,0.46159154176712036,0.2938384711742401,0,0,0,0,0,0,1,2,8.709316730499268,14.216796875,50,4.968158738734325,4.967231583999528,4.973833320477977,7,0.0035345364890919237,False,completed,7.437320232391357,14.216796875,0.05,0.01,0.3906761705875397,5.4216867469879516e-05,1.3829787234042552,260,,,,,,,,,,,,,,,,,,,,,,,,,,,,,,,,,,,,,,,,,,,
llama3_8b_qlora_l40_protocol_v3_phase1_r16_seed42__1776782871,llama3_8b_qlora_l40_protocol_v3_phase1_r16_seed42,qlora,train_and_eval,protocol_v3,logging_v2,meta-llama/Meta-Llama-3-8B,True,False,42,16,32,350,8,1024,8.316989216966332,7.411231969053123,7.411231969053123,2694.5849,0.13,completed,outputs/experiments/protocol_v3/llama3_8b_qlora_l40_protocol_v3_phase1_r16_seed42/reports/comparison_row.json,outputs/experiments/protocol_v3/llama3_8b_qlora_l40_protocol_v3_phase1_r16_seed42/reports/metrics_history.jsonl,270,1.4361702127659575,train_log,2026-04-21T15:35:00.374098+00:00,1.8824,8.768091201782227,9.31640625,8.646641110051549,5.311128582088765,7.722270220411801,4.675294882779572,350,-0.9057572479132094,-0.9243708896397482,-0.6358336993091926,-0.9057572479132094,-0.9243708896397482,-0.6358336993091926,50,7.722270220411801,4.675294882779572,350,4,350,0.0002,10,0.05,8.709317207336426,14.216796875,0.46159154176712036,0.2938384711742401,0,0,0,0,0,0,1,2,8.709316730499268,14.216796875,50,4.968158738734325,4.967231583999528,4.973833320477977,7,0.0035345364890919237,False,completed,7.437320232391357,14.216796875,0.05,0.01,0.45355382561683655,4.8192771084337354e-05,1.4361702127659575,270,,,,,,,,,,,,,,,,,,,,,,,,,,,,,,,,,,,,,,,,,,,
llama3_8b_qlora_l40_protocol_v3_phase1_r16_seed42__1776782871,llama3_8b_qlora_l40_protocol_v3_phase1_r16_seed42,qlora,train_and_eval,protocol_v3,logging_v2,meta-llama/Meta-Llama-3-8B,True,False,42,16,32,350,8,1024,8.316989216966332,7.411231969053123,7.411231969053123,2694.5849,0.13,completed,outputs/experiments/protocol_v3/llama3_8b_qlora_l40_protocol_v3_phase1_r16_seed42/reports/comparison_row.json,outputs/experiments/protocol_v3/llama3_8b_qlora_l40_protocol_v3_phase1_r16_seed42/reports/metrics_history.jsonl,280,1.4893617021276595,train_log,2026-04-21T15:35:00.374102+00:00,1.8355,8.768091201782227,9.31640625,8.646641110051549,5.311128582088765,7.722270220411801,4.675294882779572,350,-0.9057572479132094,-0.9243708896397482,-0.6358336993091926,-0.9057572479132094,-0.9243708896397482,-0.6358336993091926,50,7.722270220411801,4.675294882779572,350,4,350,0.0002,10,0.05,8.709317207336426,14.216796875,0.46159154176712036,0.2938384711742401,0,0,0,0,0,0,1,2,8.709316730499268,14.216796875,50,4.968158738734325,4.967231583999528,4.973833320477977,7,0.0035345364890919237,False,completed,7.437320232391357,14.216796875,0.05,0.01,0.46159154176712036,4.2168674698795186e-05,1.4893617021276595,280,,,,,,,,,,,,,,,,,,,,,,,,,,,,,,,,,,,,,,,,,,,
llama3_8b_qlora_l40_protocol_v3_phase1_r16_seed42__1776782871,llama3_8b_qlora_l40_protocol_v3_phase1_r16_seed42,qlora,train_and_eval,protocol_v3,logging_v2,meta-llama/Meta-Llama-3-8B,True,False,42,16,32,350,8,1024,8.316989216966332,7.411231969053123,7.411231969053123,2694.5849,0.13,completed,outputs/experiments/protocol_v3/llama3_8b_qlora_l40_protocol_v3_phase1_r16_seed42/reports/comparison_row.json,outputs/experiments/protocol_v3/llama3_8b_qlora_l40_protocol_v3_phase1_r16_seed42/reports/metrics_history.jsonl,290,1.5425531914893615,train_log,2026-04-21T15:35:00.374105+00:00,1.8578,8.768091201782227,9.31640625,8.646641110051549,5.311128582088765,7.722270220411801,4.675294882779572,350,-0.9057572479132094,-0.9243708896397482,-0.6358336993091926,-0.9057572479132094,-0.9243708896397482,-0.6358336993091926,50,7.722270220411801,4.675294882779572,350,4,350,0.0002,10,0.05,8.709317207336426,14.216796875,0.46159154176712036,0.2938384711742401,0,0,0,0,0,0,1,2,8.709316730499268,14.216796875,50,4.968158738734325,4.967231583999528,4.973833320477977,7,0.0035345364890919237,False,completed,7.437320232391357,14.216796875,0.05,0.01,0.44068610668182373,3.614457831325301e-05,1.5425531914893615,290,,,,,,,,,,,,,,,,,,,,,,,,,,,,,,,,,,,,,,,,,,,
llama3_8b_qlora_l40_protocol_v3_phase1_r16_seed42__1776782871,llama3_8b_qlora_l40_protocol_v3_phase1_r16_seed42,qlora,train_and_eval,protocol_v3,logging_v2,meta-llama/Meta-Llama-3-8B,True,False,42,16,32,350,8,1024,8.316989216966332,7.411231969053123,7.411231969053123,2694.5849,0.13,completed,outputs/experiments/protocol_v3/llama3_8b_qlora_l40_protocol_v3_phase1_r16_seed42/reports/comparison_row.json,outputs/experiments/protocol_v3/llama3_8b_qlora_l40_protocol_v3_phase1_r16_seed42/reports/metrics_history.jsonl,300,1.5957446808510638,train_log,2026-04-21T15:35:00.374109+00:00,1.8768,8.768091201782227,9.31640625,8.646641110051549,5.311128582088765,7.722270220411801,4.675294882779572,350,-0.9057572479132094,-0.9243708896397482,-0.6358336993091926,-0.9057572479132094,-0.9243708896397482,-0.6358336993091926,50,7.722270220411801,4.675294882779572,350,4,350,0.0002,10,0.05,8.709317207336426,14.216796875,0.46159154176712036,0.2938384711742401,0,0,0,0,0,0,1,2,8.709316730499268,14.216796875,50,4.968158738734325,4.967231583999528,4.973833320477977,7,0.0035345364890919237,False,completed,7.437320232391357,14.216796875,0.05,0.01,0.41601213812828064,3.012048192771085e-05,1.5957446808510638,300,,,,,,,,,,,,,,,,,,,,,,,,,,,,,,,,,,,,,,,,,,,
llama3_8b_qlora_l40_protocol_v3_phase1_r16_seed42__1776782871,llama3_8b_qlora_l40_protocol_v3_phase1_r16_seed42,qlora,train_and_eval,protocol_v3,logging_v2,meta-llama/Meta-Llama-3-8B,True,False,42,16,32,350,8,1024,8.316989216966332,7.411231969053123,7.411231969053123,2694.5849,0.13,completed,outputs/experiments/protocol_v3/llama3_8b_qlora_l40_protocol_v3_phase1_r16_seed42/reports/comparison_row.json,outputs/experiments/protocol_v3/llama3_8b_qlora_l40_protocol_v3_phase1_r16_seed42/reports/metrics_history.jsonl,300,1.5957446808510638,eval,2026-04-21T15:35:00.374113+00:00,,8.768091201782227,9.31640625,8.646641110051549,5.311128582088765,7.722270220411801,4.675294882779572,350,-0.9057572479132094,-0.9243708896397482,-0.6358336993091926,-0.9057572479132094,-0.9243708896397482,-0.6358336993091926,50,7.722270220411801,4.675294882779572,350,4,350,0.0002,10,0.05,8.709317207336426,14.216796875,0.46159154176712036,0.2938384711742401,0,0,0,0,0,0,1,2,8.709316730499268,14.216796875,50,4.968158738734325,4.967231583999528,4.973833320477977,7,0.0035345364890919237,False,completed,7.437320232391357,14.216796875,0.05,0.01,,,1.5957446808510638,300,2.0045130252838135,67.7455,3.764,3.764,,,,,,,,,,,,,,,,,,,,,,,,,,,,,,,,,,,,,,,
llama3_8b_qlora_l40_protocol_v3_phase1_r16_seed42__1776782871,llama3_8b_qlora_l40_protocol_v3_phase1_r16_seed42,qlora,train_and_eval,protocol_v3,logging_v2,meta-llama/Meta-Llama-3-8B,True,False,42,16,32,350,8,1024,8.316989216966332,7.411231969053123,7.411231969053123,2694.5849,0.13,completed,outputs/experiments/protocol_v3/llama3_8b_qlora_l40_protocol_v3_phase1_r16_seed42/reports/comparison_row.json,outputs/experiments/protocol_v3/llama3_8b_qlora_l40_protocol_v3_phase1_r16_seed42/reports/metrics_history.jsonl,300,1.5957446808510638,eval,2026-04-21T15:35:00.374116+00:00,,8.768091201782227,9.31640625,8.646641110051549,5.311128582088765,7.722270220411801,4.675294882779572,350,-0.9057572479132094,-0.9243708896397482,-0.6358336993091926,-0.9057572479132094,-0.9243708896397482,-0.6358336993091926,50,7.722270220411801,4.675294882779572,350,4,350,0.0002,10,0.05,8.709317207336426,14.216796875,0.46159154176712036,0.2938384711742401,0,0,0,0,0,0,1,2,8.709316730499268,14.216796875,50,4.968158738734325,4.967231583999528,4.973833320477977,7,0.0035345364890919237,False,completed,7.437320232391357,14.216796875,0.05,0.01,,,1.5957446808510638,300,,,,,2.0455007553100586,62.1835,3.763,3.763,,,,,,,,,,,,,,,,,,,,,,,,,,,,,,,,,,,
llama3_8b_qlora_l40_protocol_v3_phase1_r16_seed42__1776782871,llama3_8b_qlora_l40_protocol_v3_phase1_r16_seed42,qlora,train_and_eval,protocol_v3,logging_v2,meta-llama/Meta-Llama-3-8B,True,False,42,16,32,350,8,1024,8.316989216966332,7.411231969053123,7.411231969053123,2694.5849,0.13,completed,outputs/experiments/protocol_v3/llama3_8b_qlora_l40_protocol_v3_phase1_r16_seed42/reports/comparison_row.json,outputs/experiments/protocol_v3/llama3_8b_qlora_l40_protocol_v3_phase1_r16_seed42/reports/metrics_history.jsonl,300,1.5957446808510638,eval,2026-04-21T15:35:00.374120+00:00,,8.768091201782227,9.31640625,8.646641110051549,5.311128582088765,7.722270220411801,4.675294882779572,350,-0.9057572479132094,-0.9243708896397482,-0.6358336993091926,-0.9057572479132094,-0.9243708896397482,-0.6358336993091926,50,7.722270220411801,4.675294882779572,350,4,350,0.0002,10,0.05,8.709317207336426,14.216796875,0.46159154176712036,0.2938384711742401,0,0,0,0,0,0,1,2,8.709316730499268,14.216796875,50,4.968158738734325,4.967231583999528,4.973833320477977,7,0.0035345364890919237,False,completed,7.437320232391357,14.216796875,0.05,0.01,,,1.5957446808510638,300,,,,,,,,,1.5454968214035034,5.5831,3.761,3.761,,,,,,,,,,,,,,,,,,,,,,,,,,,,,,,
llama3_8b_qlora_l40_protocol_v3_phase1_r16_seed42__1776782871,llama3_8b_qlora_l40_protocol_v3_phase1_r16_seed42,qlora,train_and_eval,protocol_v3,logging_v2,meta-llama/Meta-Llama-3-8B,True,False,42,16,32,350,8,1024,8.316989216966332,7.411231969053123,7.411231969053123,2694.5849,0.13,completed,outputs/experiments/protocol_v3/llama3_8b_qlora_l40_protocol_v3_phase1_r16_seed42/reports/comparison_row.json,outputs/experiments/protocol_v3/llama3_8b_qlora_l40_protocol_v3_phase1_r16_seed42/reports/metrics_history.jsonl,300,1.5957446808510638,eval,2026-04-21T15:35:00.374127+00:00,,8.768091201782227,9.31640625,8.646641110051549,5.311128582088765,7.722270220411801,4.675294882779572,350,-0.9057572479132094,-0.9243708896397482,-0.6358336993091926,-0.9057572479132094,-0.9243708896397482,-0.6358336993091926,50,7.722270220411801,4.675294882779572,350,4,350,0.0002,10,0.05,8.709317207336426,14.216796875,0.46159154176712036,0.2938384711742401,0,0,0,0,0,0,1,2,8.709316730499268,14.216796875,50,4.968158738734325,4.967231583999528,4.973833320477977,7,0.0035345364890919237,False,completed,7.437320232391357,14.216796875,0.05,0.01,,,1.5957446808510638,300,2.0045130252838135,67.7455,3.764,3.764,2.0455007553100586,62.1835,3.763,3.763,1.5454968214035034,5.5831,3.761,3.761,7.422478457175357,8.709317207336426,14.216796875,8.709317207336426,14.216796875,8.709317207336426,14.216796875,7.733029924317776,8.709317207336426,14.216796875,8.709317207336426,14.216796875,8.709317207336426,14.216796875,4.690301290330712,8.709316730499268,14.216796875,8.709316730499268,14.216796875,8.709316730499268,14.216796875,4.967210271520307,4.967295668000588,4.96869429980652,0.0010211880375762044,50,,,,,
llama3_8b_qlora_l40_protocol_v3_phase1_r16_seed42__1776782871,llama3_8b_qlora_l40_protocol_v3_phase1_r16_seed42,qlora,train_and_eval,protocol_v3,logging_v2,meta-llama/Meta-Llama-3-8B,True,False,42,16,32,350,8,1024,8.316989216966332,7.411231969053123,7.411231969053123,2694.5849,0.13,completed,outputs/experiments/protocol_v3/llama3_8b_qlora_l40_protocol_v3_phase1_r16_seed42/reports/comparison_row.json,outputs/experiments/protocol_v3/llama3_8b_qlora_l40_protocol_v3_phase1_r16_seed42/reports/metrics_history.jsonl,310,1.648936170212766,train_log,2026-04-21T15:35:00.374134+00:00,1.8427,8.768091201782227,9.31640625,8.646641110051549,5.311128582088765,7.722270220411801,4.675294882779572,350,-0.9057572479132094,-0.9243708896397482,-0.6358336993091926,-0.9057572479132094,-0.9243708896397482,-0.6358336993091926,50,7.722270220411801,4.675294882779572,350,4,350,0.0002,10,0.05,8.709317207336426,14.216796875,0.46159154176712036,0.2938384711742401,0,0,0,0,0,0,1,2,8.709316730499268,14.216796875,50,4.968158738734325,4.967231583999528,4.973833320477977,7,0.0035345364890919237,False,completed,7.437320232391357,14.216796875,0.05,0.01,0.4388781785964966,2.4096385542168677e-05,1.648936170212766,310,,,,,,,,,,,,,,,,,,,,,,,,,,,,,,,,,,,,,,,,,,,
llama3_8b_qlora_l40_protocol_v3_phase1_r16_seed42__1776782871,llama3_8b_qlora_l40_protocol_v3_phase1_r16_seed42,qlora,train_and_eval,protocol_v3,logging_v2,meta-llama/Meta-Llama-3-8B,True,False,42,16,32,350,8,1024,8.316989216966332,7.411231969053123,7.411231969053123,2694.5849,0.13,completed,outputs/experiments/protocol_v3/llama3_8b_qlora_l40_protocol_v3_phase1_r16_seed42/reports/comparison_row.json,outputs/experiments/protocol_v3/llama3_8b_qlora_l40_protocol_v3_phase1_r16_seed42/reports/metrics_history.jsonl,320,1.702127659574468,train_log,2026-04-21T15:35:00.374138+00:00,1.8758,8.768091201782227,9.31640625,8.646641110051549,5.311128582088765,7.722270220411801,4.675294882779572,350,-0.9057572479132094,-0.9243708896397482,-0.6358336993091926,-0.9057572479132094,-0.9243708896397482,-0.6358336993091926,50,7.722270220411801,4.675294882779572,350,4,350,0.0002,10,0.05,8.709317207336426,14.216796875,0.46159154176712036,0.2938384711742401,0,0,0,0,0,0,1,2,8.709316730499268,14.216796875,50,4.968158738734325,4.967231583999528,4.973833320477977,7,0.0035345364890919237,False,completed,7.437320232391357,14.216796875,0.05,0.01,0.40042537450790405,1.8072289156626505e-05,1.702127659574468,320,,,,,,,,,,,,,,,,,,,,,,,,,,,,,,,,,,,,,,,,,,,
llama3_8b_qlora_l40_protocol_v3_phase1_r16_seed42__1776782871,llama3_8b_qlora_l40_protocol_v3_phase1_r16_seed42,qlora,train_and_eval,protocol_v3,logging_v2,meta-llama/Meta-Llama-3-8B,True,False,42,16,32,350,8,1024,8.316989216966332,7.411231969053123,7.411231969053123,2694.5849,0.13,completed,outputs/experiments/protocol_v3/llama3_8b_qlora_l40_protocol_v3_phase1_r16_seed42/reports/comparison_row.json,outputs/experiments/protocol_v3/llama3_8b_qlora_l40_protocol_v3_phase1_r16_seed42/reports/metrics_history.jsonl,330,1.7553191489361701,train_log,2026-04-21T15:35:00.374142+00:00,1.8369,8.768091201782227,9.31640625,8.646641110051549,5.311128582088765,7.722270220411801,4.675294882779572,350,-0.9057572479132094,-0.9243708896397482,-0.6358336993091926,-0.9057572479132094,-0.9243708896397482,-0.6358336993091926,50,7.722270220411801,4.675294882779572,350,4,350,0.0002,10,0.05,8.709317207336426,14.216796875,0.46159154176712036,0.2938384711742401,0,0,0,0,0,0,1,2,8.709316730499268,14.216796875,50,4.968158738734325,4.967231583999528,4.973833320477977,7,0.0035345364890919237,False,completed,7.437320232391357,14.216796875,0.05,0.01,0.44084885716438293,1.2048192771084338e-05,1.7553191489361701,330,,,,,,,,,,,,,,,,,,,,,,,,,,,,,,,,,,,,,,,,,,,
llama3_8b_qlora_l40_protocol_v3_phase1_r16_seed42__1776782871,llama3_8b_qlora_l40_protocol_v3_phase1_r16_seed42,qlora,train_and_eval,protocol_v3,logging_v2,meta-llama/Meta-Llama-3-8B,True,False,42,16,32,350,8,1024,8.316989216966332,7.411231969053123,7.411231969053123,2694.5849,0.13,completed,outputs/experiments/protocol_v3/llama3_8b_qlora_l40_protocol_v3_phase1_r16_seed42/reports/comparison_row.json,outputs/experiments/protocol_v3/llama3_8b_qlora_l40_protocol_v3_phase1_r16_seed42/reports/metrics_history.jsonl,340,1.8085106382978724,train_log,2026-04-21T15:35:00.374146+00:00,1.9742,8.768091201782227,9.31640625,8.646641110051549,5.311128582088765,7.722270220411801,4.675294882779572,350,-0.9057572479132094,-0.9243708896397482,-0.6358336993091926,-0.9057572479132094,-0.9243708896397482,-0.6358336993091926,50,7.722270220411801,4.675294882779572,350,4,350,0.0002,10,0.05,8.709317207336426,14.216796875,0.46159154176712036,0.2938384711742401,0,0,0,0,0,0,1,2,8.709316730499268,14.216796875,50,4.968158738734325,4.967231583999528,4.973833320477977,7,0.0035345364890919237,False,completed,7.437320232391357,14.216796875,0.05,0.01,0.4562695622444153,6.024096385542169e-06,1.8085106382978724,340,,,,,,,,,,,,,,,,,,,,,,,,,,,,,,,,,,,,,,,,,,,
llama3_8b_qlora_l40_protocol_v3_phase1_r16_seed42__1776782871,llama3_8b_qlora_l40_protocol_v3_phase1_r16_seed42,qlora,train_and_eval,protocol_v3,logging_v2,meta-llama/Meta-Llama-3-8B,True,False,42,16,32,350,8,1024,8.316989216966332,7.411231969053123,7.411231969053123,2694.5849,0.13,completed,outputs/experiments/protocol_v3/llama3_8b_qlora_l40_protocol_v3_phase1_r16_seed42/reports/comparison_row.json,outputs/experiments/protocol_v3/llama3_8b_qlora_l40_protocol_v3_phase1_r16_seed42/reports/metrics_history.jsonl,350,1.8617021276595744,train_log,2026-04-21T15:35:00.374149+00:00,1.8914,8.768091201782227,9.31640625,8.646641110051549,5.311128582088765,7.722270220411801,4.675294882779572,350,-0.9057572479132094,-0.9243708896397482,-0.6358336993091926,-0.9057572479132094,-0.9243708896397482,-0.6358336993091926,50,7.722270220411801,4.675294882779572,350,4,350,0.0002,10,0.05,8.709317207336426,14.216796875,0.46159154176712036,0.2938384711742401,0,0,0,0,0,0,1,2,8.709316730499268,14.216796875,50,4.968158738734325,4.967231583999528,4.973833320477977,7,0.0035345364890919237,False,completed,7.437320232391357,14.216796875,0.05,0.01,0.40345439314842224,0.0,1.8617021276595744,350,,,,,,,,,,,,,,,,,,,,,,,,,,,,,,,,,,,,,,,,,,,
llama3_8b_qlora_l40_protocol_v3_phase1_r16_seed42__1776782871,llama3_8b_qlora_l40_protocol_v3_phase1_r16_seed42,qlora,train_and_eval,protocol_v3,logging_v2,meta-llama/Meta-Llama-3-8B,True,False,42,16,32,350,8,1024,8.316989216966332,7.411231969053123,7.411231969053123,2694.5849,0.13,completed,outputs/experiments/protocol_v3/llama3_8b_qlora_l40_protocol_v3_phase1_r16_seed42/reports/comparison_row.json,outputs/experiments/protocol_v3/llama3_8b_qlora_l40_protocol_v3_phase1_r16_seed42/reports/metrics_history.jsonl,350,1.8617021276595744,eval,2026-04-21T15:35:00.374153+00:00,,8.768091201782227,9.31640625,8.646641110051549,5.311128582088765,7.722270220411801,4.675294882779572,350,-0.9057572479132094,-0.9243708896397482,-0.6358336993091926,-0.9057572479132094,-0.9243708896397482,-0.6358336993091926,50,7.722270220411801,4.675294882779572,350,4,350,0.0002,10,0.05,8.709317207336426,14.216796875,0.46159154176712036,0.2938384711742401,0,0,0,0,0,0,1,2,8.709316730499268,14.216796875,50,4.968158738734325,4.967231583999528,4.973833320477977,7,0.0035345364890919237,False,completed,7.437320232391357,14.216796875,0.05,0.01,,,1.8617021276595744,350,2.0029966831207275,67.7538,3.764,3.764,,,,,,,,,,,,,,,,,,,,,,,,,,,,,,,,,,,,,,,
llama3_8b_qlora_l40_protocol_v3_phase1_r16_seed42__1776782871,llama3_8b_qlora_l40_protocol_v3_phase1_r16_seed42,qlora,train_and_eval,protocol_v3,logging_v2,meta-llama/Meta-Llama-3-8B,True,False,42,16,32,350,8,1024,8.316989216966332,7.411231969053123,7.411231969053123,2694.5849,0.13,completed,outputs/experiments/protocol_v3/llama3_8b_qlora_l40_protocol_v3_phase1_r16_seed42/reports/comparison_row.json,outputs/experiments/protocol_v3/llama3_8b_qlora_l40_protocol_v3_phase1_r16_seed42/reports/metrics_history.jsonl,350,1.8617021276595744,eval,2026-04-21T15:35:00.374157+00:00,,8.768091201782227,9.31640625,8.646641110051549,5.311128582088765,7.722270220411801,4.675294882779572,350,-0.9057572479132094,-0.9243708896397482,-0.6358336993091926,-0.9057572479132094,-0.9243708896397482,-0.6358336993091926,50,7.722270220411801,4.675294882779572,350,4,350,0.0002,10,0.05,8.709317207336426,14.216796875,0.46159154176712036,0.2938384711742401,0,0,0,0,0,0,1,2,8.709316730499268,14.216796875,50,4.968158738734325,4.967231583999528,4.973833320477977,7,0.0035345364890919237,False,completed,7.437320232391357,14.216796875,0.05,0.01,,,1.8617021276595744,350,,,,,2.0441083908081055,62.1773,3.763,3.763,,,,,,,,,,,,,,,,,,,,,,,,,,,,,,,,,,,
llama3_8b_qlora_l40_protocol_v3_phase1_r16_seed42__1776782871,llama3_8b_qlora_l40_protocol_v3_phase1_r16_seed42,qlora,train_and_eval,protocol_v3,logging_v2,meta-llama/Meta-Llama-3-8B,True,False,42,16,32,350,8,1024,8.316989216966332,7.411231969053123,7.411231969053123,2694.5849,0.13,completed,outputs/experiments/protocol_v3/llama3_8b_qlora_l40_protocol_v3_phase1_r16_seed42/reports/comparison_row.json,outputs/experiments/protocol_v3/llama3_8b_qlora_l40_protocol_v3_phase1_r16_seed42/reports/metrics_history.jsonl,350,1.8617021276595744,eval,2026-04-21T15:35:00.374161+00:00,,8.768091201782227,9.31640625,8.646641110051549,5.311128582088765,7.722270220411801,4.675294882779572,350,-0.9057572479132094,-0.9243708896397482,-0.6358336993091926,-0.9057572479132094,-0.9243708896397482,-0.6358336993091926,50,7.722270220411801,4.675294882779572,350,4,350,0.0002,10,0.05,8.709317207336426,14.216796875,0.46159154176712036,0.2938384711742401,0,0,0,0,0,0,1,2,8.709316730499268,14.216796875,50,4.968158738734325,4.967231583999528,4.973833320477977,7,0.0035345364890919237,False,completed,7.437320232391357,14.216796875,0.05,0.01,,,1.8617021276595744,350,,,,,,,,,1.5422922372817993,5.5821,3.762,3.762,,,,,,,,,,,,,,,,,,,,,,,,,,,,,,,
llama3_8b_qlora_l40_protocol_v3_phase1_r16_seed42__1776782871,llama3_8b_qlora_l40_protocol_v3_phase1_r16_seed42,qlora,train_and_eval,protocol_v3,logging_v2,meta-llama/Meta-Llama-3-8B,True,False,42,16,32,350,8,1024,8.316989216966332,7.411231969053123,7.411231969053123,2694.5849,0.13,completed,outputs/experiments/protocol_v3/llama3_8b_qlora_l40_protocol_v3_phase1_r16_seed42/reports/comparison_row.json,outputs/experiments/protocol_v3/llama3_8b_qlora_l40_protocol_v3_phase1_r16_seed42/reports/metrics_history.jsonl,350,1.8617021276595744,eval,2026-04-21T15:35:00.374167+00:00,,8.768091201782227,9.31640625,8.646641110051549,5.311128582088765,7.722270220411801,4.675294882779572,350,-0.9057572479132094,-0.9243708896397482,-0.6358336993091926,-0.9057572479132094,-0.9243708896397482,-0.6358336993091926,50,7.722270220411801,4.675294882779572,350,4,350,0.0002,10,0.05,8.709317207336426,14.216796875,0.46159154176712036,0.2938384711742401,0,0,0,0,0,0,1,2,8.709316730499268,14.216796875,50,4.968158738734325,4.967231583999528,4.973833320477977,7,0.0035345364890919237,False,completed,7.437320232391357,14.216796875,0.05,0.01,,,1.8617021276595744,350,2.0029966831207275,67.7538,3.764,3.764,2.0441083908081055,62.1773,3.763,3.763,1.5422922372817993,5.5821,3.762,3.762,7.411231969053123,8.709317207336426,14.216796875,8.709317207336426,14.216796875,8.709317207336426,14.216796875,7.722270220411801,8.709317207336426,14.216796875,8.709317207336426,14.216796875,8.709317207336426,14.216796875,4.675294882779572,8.709316730499268,14.216796875,8.709316730499268,14.216796875,8.709316730499268,14.216796875,4.967487110460643,4.967371649996494,4.969425277996197,0.001337598302807102,50,,,,,
llama3_8b_qlora_l40_protocol_v3_phase1_r16_seed42__1776782871,llama3_8b_qlora_l40_protocol_v3_phase1_r16_seed42,qlora,train_and_eval,protocol_v3,logging_v2,meta-llama/Meta-Llama-3-8B,True,False,42,16,32,350,8,1024,8.316989216966332,7.411231969053123,7.411231969053123,2694.5849,0.13,completed,outputs/experiments/protocol_v3/llama3_8b_qlora_l40_protocol_v3_phase1_r16_seed42/reports/comparison_row.json,outputs/experiments/protocol_v3/llama3_8b_qlora_l40_protocol_v3_phase1_r16_seed42/reports/metrics_history.jsonl,350,1.8617021276595744,system,2026-04-21T15:35:00.374176+00:00,,8.768091201782227,9.31640625,8.646641110051549,5.311128582088765,7.722270220411801,4.675294882779572,350,-0.9057572479132094,-0.9243708896397482,-0.6358336993091926,-0.9057572479132094,-0.9243708896397482,-0.6358336993091926,50,7.722270220411801,4.675294882779572,350,4,350,0.0002,10,0.05,8.709317207336426,14.216796875,0.46159154176712036,0.2938384711742401,0,0,0,0,0,0,1,2,8.709316730499268,14.216796875,50,4.968158738734325,4.967231583999528,4.973833320477977,7,0.0035345364890919237,False,completed,7.437320232391357,14.216796875,0.05,0.01,,,1.8617021276595744,350,,,,,,,,,,,,,,,,,,,,,,,,,,,,,,,,,,,,,,,2694.5849,1.039,0.13,1.29343225331712e+17,1.9398502894810268
llama3_8b_qlora_l40_protocol_v3_phase1_r16_seed43__1776443933,llama3_8b_qlora_l40_protocol_v3_phase1_r16_seed43,qlora,train_and_eval,protocol_v3,logging_v2,meta-llama/Meta-Llama-3-8B,True,False,43,16,32,350,8,1024,8.316989216966332,7.413253664602583,7.413253664602583,2688.7174,0.13,completed,outputs/experiments/protocol_v3/llama3_8b_qlora_l40_protocol_v3_phase1_r16_seed43/reports/comparison_row.json,outputs/experiments/protocol_v3/llama3_8b_qlora_l40_protocol_v3_phase1_r16_seed43/reports/metrics_history.jsonl,10,0.05319148936170213,train_log,2026-04-17T17:25:55.063830+00:00,2.0843,8.768091201782227,9.31640625,8.646641110051549,5.311128582088765,7.724402546412773,4.677424958585711,350,-0.9037355523637496,-0.9222385636387758,-0.6337036235030542,-0.9037355523637496,-0.9222385636387758,-0.6337036235030542,50,7.724402546412773,4.677424958585711,350,4,350,0.0002,10,0.05,8.709317207336426,14.216796875,0.4713030457496643,0.28777340054512024,0,0,0,0,0,0,1,2,8.709316730499268,14.216796875,50,4.957723052487043,4.960996500630863,4.963067523085978,7,0.005484079949761098,False,completed,7.437320232391357,14.216796875,0.05,0.01,0.28777340054512024,0.00011111111111111112,0.05319148936170213,10,,,,,,,,,,,,,,,,,,,,,,,,,,,,,,,,,,,,,,,,,,,
llama3_8b_qlora_l40_protocol_v3_phase1_r16_seed43__1776443933,llama3_8b_qlora_l40_protocol_v3_phase1_r16_seed43,qlora,train_and_eval,protocol_v3,logging_v2,meta-llama/Meta-Llama-3-8B,True,False,43,16,32,350,8,1024,8.316989216966332,7.413253664602583,7.413253664602583,2688.7174,0.13,completed,outputs/experiments/protocol_v3/llama3_8b_qlora_l40_protocol_v3_phase1_r16_seed43/reports/comparison_row.json,outputs/experiments/protocol_v3/llama3_8b_qlora_l40_protocol_v3_phase1_r16_seed43/reports/metrics_history.jsonl,20,0.10638297872340426,train_log,2026-04-17T17:25:55.063853+00:00,2.1044,8.768091201782227,9.31640625,8.646641110051549,5.311128582088765,7.724402546412773,4.677424958585711,350,-0.9037355523637496,-0.9222385636387758,-0.6337036235030542,-0.9037355523637496,-0.9222385636387758,-0.6337036235030542,50,7.724402546412773,4.677424958585711,350,4,350,0.0002,10,0.05,8.709317207336426,14.216796875,0.4713030457496643,0.28777340054512024,0,0,0,0,0,0,1,2,8.709316730499268,14.216796875,50,4.957723052487043,4.960996500630863,4.963067523085978,7,0.005484079949761098,False,completed,7.437320232391357,14.216796875,0.05,0.01,0.4004850387573242,0.00019879518072289158,0.10638297872340426,20,,,,,,,,,,,,,,,,,,,,,,,,,,,,,,,,,,,,,,,,,,,
llama3_8b_qlora_l40_protocol_v3_phase1_r16_seed43__1776443933,llama3_8b_qlora_l40_protocol_v3_phase1_r16_seed43,qlora,train_and_eval,protocol_v3,logging_v2,meta-llama/Meta-Llama-3-8B,True,False,43,16,32,350,8,1024,8.316989216966332,7.413253664602583,7.413253664602583,2688.7174,0.13,completed,outputs/experiments/protocol_v3/llama3_8b_qlora_l40_protocol_v3_phase1_r16_seed43/reports/comparison_row.json,outputs/experiments/protocol_v3/llama3_8b_qlora_l40_protocol_v3_phase1_r16_seed43/reports/metrics_history.jsonl,30,0.1595744680851064,train_log,2026-04-17T17:25:55.063859+00:00,2.0155,8.768091201782227,9.31640625,8.646641110051549,5.311128582088765,7.724402546412773,4.677424958585711,350,-0.9037355523637496,-0.9222385636387758,-0.6337036235030542,-0.9037355523637496,-0.9222385636387758,-0.6337036235030542,50,7.724402546412773,4.677424958585711,350,4,350,0.0002,10,0.05,8.709317207336426,14.216796875,0.4713030457496643,0.28777340054512024,0,0,0,0,0,0,1,2,8.709316730499268,14.216796875,50,4.957723052487043,4.960996500630863,4.963067523085978,7,0.005484079949761098,False,completed,7.437320232391357,14.216796875,0.05,0.01,0.352946400642395,0.00019277108433734942,0.1595744680851064,30,,,,,,,,,,,,,,,,,,,,,,,,,,,,,,,,,,,,,,,,,,,
llama3_8b_qlora_l40_protocol_v3_phase1_r16_seed43__1776443933,llama3_8b_qlora_l40_protocol_v3_phase1_r16_seed43,qlora,train_and_eval,protocol_v3,logging_v2,meta-llama/Meta-Llama-3-8B,True,False,43,16,32,350,8,1024,8.316989216966332,7.413253664602583,7.413253664602583,2688.7174,0.13,completed,outputs/experiments/protocol_v3/llama3_8b_qlora_l40_protocol_v3_phase1_r16_seed43/reports/comparison_row.json,outputs/experiments/protocol_v3/llama3_8b_qlora_l40_protocol_v3_phase1_r16_seed43/reports/metrics_history.jsonl,40,0.2127659574468085,train_log,2026-04-17T17:25:55.063863+00:00,1.9759,8.768091201782227,9.31640625,8.646641110051549,5.311128582088765,7.724402546412773,4.677424958585711,350,-0.9037355523637496,-0.9222385636387758,-0.6337036235030542,-0.9037355523637496,-0.9222385636387758,-0.6337036235030542,50,7.724402546412773,4.677424958585711,350,4,350,0.0002,10,0.05,8.709317207336426,14.216796875,0.4713030457496643,0.28777340054512024,0,0,0,0,0,0,1,2,8.709316730499268,14.216796875,50,4.957723052487043,4.960996500630863,4.963067523085978,7,0.005484079949761098,False,completed,7.437320232391357,14.216796875,0.05,0.01,0.36061444878578186,0.00018674698795180723,0.2127659574468085,40,,,,,,,,,,,,,,,,,,,,,,,,,,,,,,,,,,,,,,,,,,,
llama3_8b_qlora_l40_protocol_v3_phase1_r16_seed43__1776443933,llama3_8b_qlora_l40_protocol_v3_phase1_r16_seed43,qlora,train_and_eval,protocol_v3,logging_v2,meta-llama/Meta-Llama-3-8B,True,False,43,16,32,350,8,1024,8.316989216966332,7.413253664602583,7.413253664602583,2688.7174,0.13,completed,outputs/experiments/protocol_v3/llama3_8b_qlora_l40_protocol_v3_phase1_r16_seed43/reports/comparison_row.json,outputs/experiments/protocol_v3/llama3_8b_qlora_l40_protocol_v3_phase1_r16_seed43/reports/metrics_history.jsonl,50,0.26595744680851063,train_log,2026-04-17T17:25:55.063868+00:00,1.9775,8.768091201782227,9.31640625,8.646641110051549,5.311128582088765,7.724402546412773,4.677424958585711,350,-0.9037355523637496,-0.9222385636387758,-0.6337036235030542,-0.9037355523637496,-0.9222385636387758,-0.6337036235030542,50,7.724402546412773,4.677424958585711,350,4,350,0.0002,10,0.05,8.709317207336426,14.216796875,0.4713030457496643,0.28777340054512024,0,0,0,0,0,0,1,2,8.709316730499268,14.216796875,50,4.957723052487043,4.960996500630863,4.963067523085978,7,0.005484079949761098,False,completed,7.437320232391357,14.216796875,0.05,0.01,0.3371652364730835,0.00018072289156626507,0.26595744680851063,50,,,,,,,,,,,,,,,,,,,,,,,,,,,,,,,,,,,,,,,,,,,
llama3_8b_qlora_l40_protocol_v3_phase1_r16_seed43__1776443933,llama3_8b_qlora_l40_protocol_v3_phase1_r16_seed43,qlora,train_and_eval,protocol_v3,logging_v2,meta-llama/Meta-Llama-3-8B,True,False,43,16,32,350,8,1024,8.316989216966332,7.413253664602583,7.413253664602583,2688.7174,0.13,completed,outputs/experiments/protocol_v3/llama3_8b_qlora_l40_protocol_v3_phase1_r16_seed43/reports/comparison_row.json,outputs/experiments/protocol_v3/llama3_8b_qlora_l40_protocol_v3_phase1_r16_seed43/reports/metrics_history.jsonl,50,0.26595744680851063,eval,2026-04-17T17:25:55.063874+00:00,,8.768091201782227,9.31640625,8.646641110051549,5.311128582088765,7.724402546412773,4.677424958585711,350,-0.9037355523637496,-0.9222385636387758,-0.6337036235030542,-0.9037355523637496,-0.9222385636387758,-0.6337036235030542,50,7.724402546412773,4.677424958585711,350,4,350,0.0002,10,0.05,8.709317207336426,14.216796875,0.4713030457496643,0.28777340054512024,0,0,0,0,0,0,1,2,8.709316730499268,14.216796875,50,4.957723052487043,4.960996500630863,4.963067523085978,7,0.005484079949761098,False,completed,7.437320232391357,14.216796875,0.05,0.01,,,0.26595744680851063,50,2.043626308441162,67.4777,3.779,3.779,,,,,,,,,,,,,,,,,,,,,,,,,,,,,,,,,,,,,,,
llama3_8b_qlora_l40_protocol_v3_phase1_r16_seed43__1776443933,llama3_8b_qlora_l40_protocol_v3_phase1_r16_seed43,qlora,train_and_eval,protocol_v3,logging_v2,meta-llama/Meta-Llama-3-8B,True,False,43,16,32,350,8,1024,8.316989216966332,7.413253664602583,7.413253664602583,2688.7174,0.13,completed,outputs/experiments/protocol_v3/llama3_8b_qlora_l40_protocol_v3_phase1_r16_seed43/reports/comparison_row.json,outputs/experiments/protocol_v3/llama3_8b_qlora_l40_protocol_v3_phase1_r16_seed43/reports/metrics_history.jsonl,50,0.26595744680851063,eval,2026-04-17T17:25:55.063880+00:00,,8.768091201782227,9.31640625,8.646641110051549,5.311128582088765,7.724402546412773,4.677424958585711,350,-0.9037355523637496,-0.9222385636387758,-0.6337036235030542,-0.9037355523637496,-0.9222385636387758,-0.6337036235030542,50,7.724402546412773,4.677424958585711,350,4,350,0.0002,10,0.05,8.709317207336426,14.216796875,0.4713030457496643,0.28777340054512024,0,0,0,0,0,0,1,2,8.709316730499268,14.216796875,50,4.957723052487043,4.960996500630863,4.963067523085978,7,0.005484079949761098,False,completed,7.437320232391357,14.216796875,0.05,0.01,,,0.26595744680851063,50,,,,,2.082754611968994,61.9419,3.778,3.778,,,,,,,,,,,,,,,,,,,,,,,,,,,,,,,,,,,
llama3_8b_qlora_l40_protocol_v3_phase1_r16_seed43__1776443933,llama3_8b_qlora_l40_protocol_v3_phase1_r16_seed43,qlora,train_and_eval,protocol_v3,logging_v2,meta-llama/Meta-Llama-3-8B,True,False,43,16,32,350,8,1024,8.316989216966332,7.413253664602583,7.413253664602583,2688.7174,0.13,completed,outputs/experiments/protocol_v3/llama3_8b_qlora_l40_protocol_v3_phase1_r16_seed43/reports/comparison_row.json,outputs/experiments/protocol_v3/llama3_8b_qlora_l40_protocol_v3_phase1_r16_seed43/reports/metrics_history.jsonl,50,0.26595744680851063,eval,2026-04-17T17:25:55.063886+00:00,,8.768091201782227,9.31640625,8.646641110051549,5.311128582088765,7.724402546412773,4.677424958585711,350,-0.9037355523637496,-0.9222385636387758,-0.6337036235030542,-0.9037355523637496,-0.9222385636387758,-0.6337036235030542,50,7.724402546412773,4.677424958585711,350,4,350,0.0002,10,0.05,8.709317207336426,14.216796875,0.4713030457496643,0.28777340054512024,0,0,0,0,0,0,1,2,8.709316730499268,14.216796875,50,4.957723052487043,4.960996500630863,4.963067523085978,7,0.005484079949761098,False,completed,7.437320232391357,14.216796875,0.05,0.01,,,0.26595744680851063,50,,,,,,,,,1.6016137599945068,5.5594,3.777,3.777,,,,,,,,,,,,,,,,,,,,,,,,,,,,,,,
llama3_8b_qlora_l40_protocol_v3_phase1_r16_seed43__1776443933,llama3_8b_qlora_l40_protocol_v3_phase1_r16_seed43,qlora,train_and_eval,protocol_v3,logging_v2,meta-llama/Meta-Llama-3-8B,True,False,43,16,32,350,8,1024,8.316989216966332,7.413253664602583,7.413253664602583,2688.7174,0.13,completed,outputs/experiments/protocol_v3/llama3_8b_qlora_l40_protocol_v3_phase1_r16_seed43/reports/comparison_row.json,outputs/experiments/protocol_v3/llama3_8b_qlora_l40_protocol_v3_phase1_r16_seed43/reports/metrics_history.jsonl,50,0.26595744680851063,eval,2026-04-17T17:25:55.063895+00:00,,8.768091201782227,9.31640625,8.646641110051549,5.311128582088765,7.724402546412773,4.677424958585711,350,-0.9037355523637496,-0.9222385636387758,-0.6337036235030542,-0.9037355523637496,-0.9222385636387758,-0.6337036235030542,50,7.724402546412773,4.677424958585711,350,4,350,0.0002,10,0.05,8.709317207336426,14.216796875,0.4713030457496643,0.28777340054512024,0,0,0,0,0,0,1,2,8.709316730499268,14.216796875,50,4.957723052487043,4.960996500630863,4.963067523085978,7,0.005484079949761098,False,completed,7.437320232391357,14.216796875,0.05,0.01,,,0.26595744680851063,50,2.043626308441162,67.4777,3.779,3.779,2.082754611968994,61.9419,3.778,3.778,1.6016137599945068,5.5594,3.777,3.777,7.71854834730255,8.709317207336426,14.216796875,8.709317207336426,14.216796875,8.709317207336426,14.216796875,8.026548516580016,8.709317207336426,14.216796875,8.709317207336426,14.216796875,8.709317207336426,14.216796875,4.961031882840077,8.709316730499268,14.216796875,8.709316730499268,14.216796875,8.709316730499268,14.216796875,4.9499786077439785,4.948863590601832,4.954093671578448,0.008588399165633143,50,,,,,
llama3_8b_qlora_l40_protocol_v3_phase1_r16_seed43__1776443933,llama3_8b_qlora_l40_protocol_v3_phase1_r16_seed43,qlora,train_and_eval,protocol_v3,logging_v2,meta-llama/Meta-Llama-3-8B,True,False,43,16,32,350,8,1024,8.316989216966332,7.413253664602583,7.413253664602583,2688.7174,0.13,completed,outputs/experiments/protocol_v3/llama3_8b_qlora_l40_protocol_v3_phase1_r16_seed43/reports/comparison_row.json,outputs/experiments/protocol_v3/llama3_8b_qlora_l40_protocol_v3_phase1_r16_seed43/reports/metrics_history.jsonl,60,0.3191489361702128,train_log,2026-04-17T17:25:55.063904+00:00,1.8952,8.768091201782227,9.31640625,8.646641110051549,5.311128582088765,7.724402546412773,4.677424958585711,350,-0.9037355523637496,-0.9222385636387758,-0.6337036235030542,-0.9037355523637496,-0.9222385636387758,-0.6337036235030542,50,7.724402546412773,4.677424958585711,350,4,350,0.0002,10,0.05,8.709317207336426,14.216796875,0.4713030457496643,0.28777340054512024,0,0,0,0,0,0,1,2,8.709316730499268,14.216796875,50,4.957723052487043,4.960996500630863,4.963067523085978,7,0.005484079949761098,False,completed,7.437320232391357,14.216796875,0.05,0.01,0.36556217074394226,0.0001746987951807229,0.3191489361702128,60,,,,,,,,,,,,,,,,,,,,,,,,,,,,,,,,,,,,,,,,,,,
llama3_8b_qlora_l40_protocol_v3_phase1_r16_seed43__1776443933,llama3_8b_qlora_l40_protocol_v3_phase1_r16_seed43,qlora,train_and_eval,protocol_v3,logging_v2,meta-llama/Meta-Llama-3-8B,True,False,43,16,32,350,8,1024,8.316989216966332,7.413253664602583,7.413253664602583,2688.7174,0.13,completed,outputs/experiments/protocol_v3/llama3_8b_qlora_l40_protocol_v3_phase1_r16_seed43/reports/comparison_row.json,outputs/experiments/protocol_v3/llama3_8b_qlora_l40_protocol_v3_phase1_r16_seed43/reports/metrics_history.jsonl,70,0.3723404255319149,train_log,2026-04-17T17:25:55.063909+00:00,1.939,8.768091201782227,9.31640625,8.646641110051549,5.311128582088765,7.724402546412773,4.677424958585711,350,-0.9037355523637496,-0.9222385636387758,-0.6337036235030542,-0.9037355523637496,-0.9222385636387758,-0.6337036235030542,50,7.724402546412773,4.677424958585711,350,4,350,0.0002,10,0.05,8.709317207336426,14.216796875,0.4713030457496643,0.28777340054512024,0,0,0,0,0,0,1,2,8.709316730499268,14.216796875,50,4.957723052487043,4.960996500630863,4.963067523085978,7,0.005484079949761098,False,completed,7.437320232391357,14.216796875,0.05,0.01,0.45780032873153687,0.00016867469879518074,0.3723404255319149,70,,,,,,,,,,,,,,,,,,,,,,,,,,,,,,,,,,,,,,,,,,,
llama3_8b_qlora_l40_protocol_v3_phase1_r16_seed43__1776443933,llama3_8b_qlora_l40_protocol_v3_phase1_r16_seed43,qlora,train_and_eval,protocol_v3,logging_v2,meta-llama/Meta-Llama-3-8B,True,False,43,16,32,350,8,1024,8.316989216966332,7.413253664602583,7.413253664602583,2688.7174,0.13,completed,outputs/experiments/protocol_v3/llama3_8b_qlora_l40_protocol_v3_phase1_r16_seed43/reports/comparison_row.json,outputs/experiments/protocol_v3/llama3_8b_qlora_l40_protocol_v3_phase1_r16_seed43/reports/metrics_history.jsonl,80,0.425531914893617,train_log,2026-04-17T17:25:55.063913+00:00,1.9986,8.768091201782227,9.31640625,8.646641110051549,5.311128582088765,7.724402546412773,4.677424958585711,350,-0.9037355523637496,-0.9222385636387758,-0.6337036235030542,-0.9037355523637496,-0.9222385636387758,-0.6337036235030542,50,7.724402546412773,4.677424958585711,350,4,350,0.0002,10,0.05,8.709317207336426,14.216796875,0.4713030457496643,0.28777340054512024,0,0,0,0,0,0,1,2,8.709316730499268,14.216796875,50,4.957723052487043,4.960996500630863,4.963067523085978,7,0.005484079949761098,False,completed,7.437320232391357,14.216796875,0.05,0.01,0.3256321847438812,0.00016265060240963855,0.425531914893617,80,,,,,,,,,,,,,,,,,,,,,,,,,,,,,,,,,,,,,,,,,,,
llama3_8b_qlora_l40_protocol_v3_phase1_r16_seed43__1776443933,llama3_8b_qlora_l40_protocol_v3_phase1_r16_seed43,qlora,train_and_eval,protocol_v3,logging_v2,meta-llama/Meta-Llama-3-8B,True,False,43,16,32,350,8,1024,8.316989216966332,7.413253664602583,7.413253664602583,2688.7174,0.13,completed,outputs/experiments/protocol_v3/llama3_8b_qlora_l40_protocol_v3_phase1_r16_seed43/reports/comparison_row.json,outputs/experiments/protocol_v3/llama3_8b_qlora_l40_protocol_v3_phase1_r16_seed43/reports/metrics_history.jsonl,90,0.4787234042553192,train_log,2026-04-17T17:25:55.063917+00:00,1.9663,8.768091201782227,9.31640625,8.646641110051549,5.311128582088765,7.724402546412773,4.677424958585711,350,-0.9037355523637496,-0.9222385636387758,-0.6337036235030542,-0.9037355523637496,-0.9222385636387758,-0.6337036235030542,50,7.724402546412773,4.677424958585711,350,4,350,0.0002,10,0.05,8.709317207336426,14.216796875,0.4713030457496643,0.28777340054512024,0,0,0,0,0,0,1,2,8.709316730499268,14.216796875,50,4.957723052487043,4.960996500630863,4.963067523085978,7,0.005484079949761098,False,completed,7.437320232391357,14.216796875,0.05,0.01,0.3184734582901001,0.0001566265060240964,0.4787234042553192,90,,,,,,,,,,,,,,,,,,,,,,,,,,,,,,,,,,,,,,,,,,,
llama3_8b_qlora_l40_protocol_v3_phase1_r16_seed43__1776443933,llama3_8b_qlora_l40_protocol_v3_phase1_r16_seed43,qlora,train_and_eval,protocol_v3,logging_v2,meta-llama/Meta-Llama-3-8B,True,False,43,16,32,350,8,1024,8.316989216966332,7.413253664602583,7.413253664602583,2688.7174,0.13,completed,outputs/experiments/protocol_v3/llama3_8b_qlora_l40_protocol_v3_phase1_r16_seed43/reports/comparison_row.json,outputs/experiments/protocol_v3/llama3_8b_qlora_l40_protocol_v3_phase1_r16_seed43/reports/metrics_history.jsonl,100,0.5319148936170213,train_log,2026-04-17T17:25:55.063921+00:00,1.9834,8.768091201782227,9.31640625,8.646641110051549,5.311128582088765,7.724402546412773,4.677424958585711,350,-0.9037355523637496,-0.9222385636387758,-0.6337036235030542,-0.9037355523637496,-0.9222385636387758,-0.6337036235030542,50,7.724402546412773,4.677424958585711,350,4,350,0.0002,10,0.05,8.709317207336426,14.216796875,0.4713030457496643,0.28777340054512024,0,0,0,0,0,0,1,2,8.709316730499268,14.216796875,50,4.957723052487043,4.960996500630863,4.963067523085978,7,0.005484079949761098,False,completed,7.437320232391357,14.216796875,0.05,0.01,0.3444351851940155,0.00015060240963855423,0.5319148936170213,100,,,,,,,,,,,,,,,,,,,,,,,,,,,,,,,,,,,,,,,,,,,
llama3_8b_qlora_l40_protocol_v3_phase1_r16_seed43__1776443933,llama3_8b_qlora_l40_protocol_v3_phase1_r16_seed43,qlora,train_and_eval,protocol_v3,logging_v2,meta-llama/Meta-Llama-3-8B,True,False,43,16,32,350,8,1024,8.316989216966332,7.413253664602583,7.413253664602583,2688.7174,0.13,completed,outputs/experiments/protocol_v3/llama3_8b_qlora_l40_protocol_v3_phase1_r16_seed43/reports/comparison_row.json,outputs/experiments/protocol_v3/llama3_8b_qlora_l40_protocol_v3_phase1_r16_seed43/reports/metrics_history.jsonl,100,0.5319148936170213,eval,2026-04-17T17:25:55.063925+00:00,,8.768091201782227,9.31640625,8.646641110051549,5.311128582088765,7.724402546412773,4.677424958585711,350,-0.9037355523637496,-0.9222385636387758,-0.6337036235030542,-0.9037355523637496,-0.9222385636387758,-0.6337036235030542,50,7.724402546412773,4.677424958585711,350,4,350,0.0002,10,0.05,8.709317207336426,14.216796875,0.4713030457496643,0.28777340054512024,0,0,0,0,0,0,1,2,8.709316730499268,14.216796875,50,4.957723052487043,4.960996500630863,4.963067523085978,7,0.005484079949761098,False,completed,7.437320232391357,14.216796875,0.05,0.01,,,0.5319148936170213,100,2.02418851852417,67.4865,3.779,3.779,,,,,,,,,,,,,,,,,,,,,,,,,,,,,,,,,,,,,,,
llama3_8b_qlora_l40_protocol_v3_phase1_r16_seed43__1776443933,llama3_8b_qlora_l40_protocol_v3_phase1_r16_seed43,qlora,train_and_eval,protocol_v3,logging_v2,meta-llama/Meta-Llama-3-8B,True,False,43,16,32,350,8,1024,8.316989216966332,7.413253664602583,7.413253664602583,2688.7174,0.13,completed,outputs/experiments/protocol_v3/llama3_8b_qlora_l40_protocol_v3_phase1_r16_seed43/reports/comparison_row.json,outputs/experiments/protocol_v3/llama3_8b_qlora_l40_protocol_v3_phase1_r16_seed43/reports/metrics_history.jsonl,100,0.5319148936170213,eval,2026-04-17T17:25:55.063929+00:00,,8.768091201782227,9.31640625,8.646641110051549,5.311128582088765,7.724402546412773,4.677424958585711,350,-0.9037355523637496,-0.9222385636387758,-0.6337036235030542,-0.9037355523637496,-0.9222385636387758,-0.6337036235030542,50,7.724402546412773,4.677424958585711,350,4,350,0.0002,10,0.05,8.709317207336426,14.216796875,0.4713030457496643,0.28777340054512024,0,0,0,0,0,0,1,2,8.709316730499268,14.216796875,50,4.957723052487043,4.960996500630863,4.963067523085978,7,0.005484079949761098,False,completed,7.437320232391357,14.216796875,0.05,0.01,,,0.5319148936170213,100,,,,,2.06442928314209,61.9229,3.779,3.779,,,,,,,,,,,,,,,,,,,,,,,,,,,,,,,,,,,
llama3_8b_qlora_l40_protocol_v3_phase1_r16_seed43__1776443933,llama3_8b_qlora_l40_protocol_v3_phase1_r16_seed43,qlora,train_and_eval,protocol_v3,logging_v2,meta-llama/Meta-Llama-3-8B,True,False,43,16,32,350,8,1024,8.316989216966332,7.413253664602583,7.413253664602583,2688.7174,0.13,completed,outputs/experiments/protocol_v3/llama3_8b_qlora_l40_protocol_v3_phase1_r16_seed43/reports/comparison_row.json,outputs/experiments/protocol_v3/llama3_8b_qlora_l40_protocol_v3_phase1_r16_seed43/reports/metrics_history.jsonl,100,0.5319148936170213,eval,2026-04-17T17:25:55.063934+00:00,,8.768091201782227,9.31640625,8.646641110051549,5.311128582088765,7.724402546412773,4.677424958585711,350,-0.9037355523637496,-0.9222385636387758,-0.6337036235030542,-0.9037355523637496,-0.9222385636387758,-0.6337036235030542,50,7.724402546412773,4.677424958585711,350,4,350,0.0002,10,0.05,8.709317207336426,14.216796875,0.4713030457496643,0.28777340054512024,0,0,0,0,0,0,1,2,8.709316730499268,14.216796875,50,4.957723052487043,4.960996500630863,4.963067523085978,7,0.005484079949761098,False,completed,7.437320232391357,14.216796875,0.05,0.01,,,0.5319148936170213,100,,,,,,,,,1.5727087259292603,5.5613,3.776,3.776,,,,,,,,,,,,,,,,,,,,,,,,,,,,,,,
llama3_8b_qlora_l40_protocol_v3_phase1_r16_seed43__1776443933,llama3_8b_qlora_l40_protocol_v3_phase1_r16_seed43,qlora,train_and_eval,protocol_v3,logging_v2,meta-llama/Meta-Llama-3-8B,True,False,43,16,32,350,8,1024,8.316989216966332,7.413253664602583,7.413253664602583,2688.7174,0.13,completed,outputs/experiments/protocol_v3/llama3_8b_qlora_l40_protocol_v3_phase1_r16_seed43/reports/comparison_row.json,outputs/experiments/protocol_v3/llama3_8b_qlora_l40_protocol_v3_phase1_r16_seed43/reports/metrics_history.jsonl,100,0.5319148936170213,eval,2026-04-17T17:25:55.063942+00:00,,8.768091201782227,9.31640625,8.646641110051549,5.311128582088765,7.724402546412773,4.677424958585711,350,-0.9037355523637496,-0.9222385636387758,-0.6337036235030542,-0.9037355523637496,-0.9222385636387758,-0.6337036235030542,50,7.724402546412773,4.677424958585711,350,4,350,0.0002,10,0.05,8.709317207336426,14.216796875,0.4713030457496643,0.28777340054512024,0,0,0,0,0,0,1,2,8.709316730499268,14.216796875,50,4.957723052487043,4.960996500630863,4.963067523085978,7,0.005484079949761098,False,completed,7.437320232391357,14.216796875,0.05,0.01,,,0.5319148936170213,100,2.02418851852417,67.4865,3.779,3.779,2.06442928314209,61.9229,3.779,3.779,1.5727087259292603,5.5613,3.776,3.776,7.569965564714653,8.709317207336426,14.216796875,8.709317207336426,14.216796875,8.709317207336426,14.216796875,7.880798909161471,8.709317207336426,14.216796875,8.709317207336426,14.216796875,8.709317207336426,14.216796875,4.819685735963195,8.709316730499268,14.216796875,8.709316730499268,14.216796875,8.709316730499268,14.216796875,4.948957810993306,4.949396205949597,4.953141057293396,0.002862822518383481,50,,,,,
llama3_8b_qlora_l40_protocol_v3_phase1_r16_seed43__1776443933,llama3_8b_qlora_l40_protocol_v3_phase1_r16_seed43,qlora,train_and_eval,protocol_v3,logging_v2,meta-llama/Meta-Llama-3-8B,True,False,43,16,32,350,8,1024,8.316989216966332,7.413253664602583,7.413253664602583,2688.7174,0.13,completed,outputs/experiments/protocol_v3/llama3_8b_qlora_l40_protocol_v3_phase1_r16_seed43/reports/comparison_row.json,outputs/experiments/protocol_v3/llama3_8b_qlora_l40_protocol_v3_phase1_r16_seed43/reports/metrics_history.jsonl,110,0.5851063829787234,train_log,2026-04-17T17:25:55.063950+00:00,2.0285,8.768091201782227,9.31640625,8.646641110051549,5.311128582088765,7.724402546412773,4.677424958585711,350,-0.9037355523637496,-0.9222385636387758,-0.6337036235030542,-0.9037355523637496,-0.9222385636387758,-0.6337036235030542,50,7.724402546412773,4.677424958585711,350,4,350,0.0002,10,0.05,8.709317207336426,14.216796875,0.4713030457496643,0.28777340054512024,0,0,0,0,0,0,1,2,8.709316730499268,14.216796875,50,4.957723052487043,4.960996500630863,4.963067523085978,7,0.005484079949761098,False,completed,7.437320232391357,14.216796875,0.05,0.01,0.3346385955810547,0.00014457831325301204,0.5851063829787234,110,,,,,,,,,,,,,,,,,,,,,,,,,,,,,,,,,,,,,,,,,,,
llama3_8b_qlora_l40_protocol_v3_phase1_r16_seed43__1776443933,llama3_8b_qlora_l40_protocol_v3_phase1_r16_seed43,qlora,train_and_eval,protocol_v3,logging_v2,meta-llama/Meta-Llama-3-8B,True,False,43,16,32,350,8,1024,8.316989216966332,7.413253664602583,7.413253664602583,2688.7174,0.13,completed,outputs/experiments/protocol_v3/llama3_8b_qlora_l40_protocol_v3_phase1_r16_seed43/reports/comparison_row.json,outputs/experiments/protocol_v3/llama3_8b_qlora_l40_protocol_v3_phase1_r16_seed43/reports/metrics_history.jsonl,120,0.6382978723404256,train_log,2026-04-17T17:25:55.063953+00:00,1.9667,8.768091201782227,9.31640625,8.646641110051549,5.311128582088765,7.724402546412773,4.677424958585711,350,-0.9037355523637496,-0.9222385636387758,-0.6337036235030542,-0.9037355523637496,-0.9222385636387758,-0.6337036235030542,50,7.724402546412773,4.677424958585711,350,4,350,0.0002,10,0.05,8.709317207336426,14.216796875,0.4713030457496643,0.28777340054512024,0,0,0,0,0,0,1,2,8.709316730499268,14.216796875,50,4.957723052487043,4.960996500630863,4.963067523085978,7,0.005484079949761098,False,completed,7.437320232391357,14.216796875,0.05,0.01,0.33707118034362793,0.00013855421686746988,0.6382978723404256,120,,,,,,,,,,,,,,,,,,,,,,,,,,,,,,,,,,,,,,,,,,,
llama3_8b_qlora_l40_protocol_v3_phase1_r16_seed43__1776443933,llama3_8b_qlora_l40_protocol_v3_phase1_r16_seed43,qlora,train_and_eval,protocol_v3,logging_v2,meta-llama/Meta-Llama-3-8B,True,False,43,16,32,350,8,1024,8.316989216966332,7.413253664602583,7.413253664602583,2688.7174,0.13,completed,outputs/experiments/protocol_v3/llama3_8b_qlora_l40_protocol_v3_phase1_r16_seed43/reports/comparison_row.json,outputs/experiments/protocol_v3/llama3_8b_qlora_l40_protocol_v3_phase1_r16_seed43/reports/metrics_history.jsonl,130,0.6914893617021277,train_log,2026-04-17T17:25:55.063957+00:00,1.9819,8.768091201782227,9.31640625,8.646641110051549,5.311128582088765,7.724402546412773,4.677424958585711,350,-0.9037355523637496,-0.9222385636387758,-0.6337036235030542,-0.9037355523637496,-0.9222385636387758,-0.6337036235030542,50,7.724402546412773,4.677424958585711,350,4,350,0.0002,10,0.05,8.709317207336426,14.216796875,0.4713030457496643,0.28777340054512024,0,0,0,0,0,0,1,2,8.709316730499268,14.216796875,50,4.957723052487043,4.960996500630863,4.963067523085978,7,0.005484079949761098,False,completed,7.437320232391357,14.216796875,0.05,0.01,0.32861652970314026,0.00013253012048192772,0.6914893617021277,130,,,,,,,,,,,,,,,,,,,,,,,,,,,,,,,,,,,,,,,,,,,
llama3_8b_qlora_l40_protocol_v3_phase1_r16_seed43__1776443933,llama3_8b_qlora_l40_protocol_v3_phase1_r16_seed43,qlora,train_and_eval,protocol_v3,logging_v2,meta-llama/Meta-Llama-3-8B,True,False,43,16,32,350,8,1024,8.316989216966332,7.413253664602583,7.413253664602583,2688.7174,0.13,completed,outputs/experiments/protocol_v3/llama3_8b_qlora_l40_protocol_v3_phase1_r16_seed43/reports/comparison_row.json,outputs/experiments/protocol_v3/llama3_8b_qlora_l40_protocol_v3_phase1_r16_seed43/reports/metrics_history.jsonl,140,0.7446808510638298,train_log,2026-04-17T17:25:55.063961+00:00,2.0131,8.768091201782227,9.31640625,8.646641110051549,5.311128582088765,7.724402546412773,4.677424958585711,350,-0.9037355523637496,-0.9222385636387758,-0.6337036235030542,-0.9037355523637496,-0.9222385636387758,-0.6337036235030542,50,7.724402546412773,4.677424958585711,350,4,350,0.0002,10,0.05,8.709317207336426,14.216796875,0.4713030457496643,0.28777340054512024,0,0,0,0,0,0,1,2,8.709316730499268,14.216796875,50,4.957723052487043,4.960996500630863,4.963067523085978,7,0.005484079949761098,False,completed,7.437320232391357,14.216796875,0.05,0.01,0.3580675423145294,0.00012650602409638556,0.7446808510638298,140,,,,,,,,,,,,,,,,,,,,,,,,,,,,,,,,,,,,,,,,,,,
llama3_8b_qlora_l40_protocol_v3_phase1_r16_seed43__1776443933,llama3_8b_qlora_l40_protocol_v3_phase1_r16_seed43,qlora,train_and_eval,protocol_v3,logging_v2,meta-llama/Meta-Llama-3-8B,True,False,43,16,32,350,8,1024,8.316989216966332,7.413253664602583,7.413253664602583,2688.7174,0.13,completed,outputs/experiments/protocol_v3/llama3_8b_qlora_l40_protocol_v3_phase1_r16_seed43/reports/comparison_row.json,outputs/experiments/protocol_v3/llama3_8b_qlora_l40_protocol_v3_phase1_r16_seed43/reports/metrics_history.jsonl,150,0.7978723404255319,train_log,2026-04-17T17:25:55.063965+00:00,1.9693,8.768091201782227,9.31640625,8.646641110051549,5.311128582088765,7.724402546412773,4.677424958585711,350,-0.9037355523637496,-0.9222385636387758,-0.6337036235030542,-0.9037355523637496,-0.9222385636387758,-0.6337036235030542,50,7.724402546412773,4.677424958585711,350,4,350,0.0002,10,0.05,8.709317207336426,14.216796875,0.4713030457496643,0.28777340054512024,0,0,0,0,0,0,1,2,8.709316730499268,14.216796875,50,4.957723052487043,4.960996500630863,4.963067523085978,7,0.005484079949761098,False,completed,7.437320232391357,14.216796875,0.05,0.01,0.35101738572120667,0.0001204819277108434,0.7978723404255319,150,,,,,,,,,,,,,,,,,,,,,,,,,,,,,,,,,,,,,,,,,,,
llama3_8b_qlora_l40_protocol_v3_phase1_r16_seed43__1776443933,llama3_8b_qlora_l40_protocol_v3_phase1_r16_seed43,qlora,train_and_eval,protocol_v3,logging_v2,meta-llama/Meta-Llama-3-8B,True,False,43,16,32,350,8,1024,8.316989216966332,7.413253664602583,7.413253664602583,2688.7174,0.13,completed,outputs/experiments/protocol_v3/llama3_8b_qlora_l40_protocol_v3_phase1_r16_seed43/reports/comparison_row.json,outputs/experiments/protocol_v3/llama3_8b_qlora_l40_protocol_v3_phase1_r16_seed43/reports/metrics_history.jsonl,150,0.7978723404255319,eval,2026-04-17T17:25:55.063969+00:00,,8.768091201782227,9.31640625,8.646641110051549,5.311128582088765,7.724402546412773,4.677424958585711,350,-0.9037355523637496,-0.9222385636387758,-0.6337036235030542,-0.9037355523637496,-0.9222385636387758,-0.6337036235030542,50,7.724402546412773,4.677424958585711,350,4,350,0.0002,10,0.05,8.709317207336426,14.216796875,0.4713030457496643,0.28777340054512024,0,0,0,0,0,0,1,2,8.709316730499268,14.216796875,50,4.957723052487043,4.960996500630863,4.963067523085978,7,0.005484079949761098,False,completed,7.437320232391357,14.216796875,0.05,0.01,,,0.7978723404255319,150,2.014498710632324,68.8637,3.703,3.703,,,,,,,,,,,,,,,,,,,,,,,,,,,,,,,,,,,,,,,
llama3_8b_qlora_l40_protocol_v3_phase1_r16_seed43__1776443933,llama3_8b_qlora_l40_protocol_v3_phase1_r16_seed43,qlora,train_and_eval,protocol_v3,logging_v2,meta-llama/Meta-Llama-3-8B,True,False,43,16,32,350,8,1024,8.316989216966332,7.413253664602583,7.413253664602583,2688.7174,0.13,completed,outputs/experiments/protocol_v3/llama3_8b_qlora_l40_protocol_v3_phase1_r16_seed43/reports/comparison_row.json,outputs/experiments/protocol_v3/llama3_8b_qlora_l40_protocol_v3_phase1_r16_seed43/reports/metrics_history.jsonl,150,0.7978723404255319,eval,2026-04-17T17:25:55.063973+00:00,,8.768091201782227,9.31640625,8.646641110051549,5.311128582088765,7.724402546412773,4.677424958585711,350,-0.9037355523637496,-0.9222385636387758,-0.6337036235030542,-0.9037355523637496,-0.9222385636387758,-0.6337036235030542,50,7.724402546412773,4.677424958585711,350,4,350,0.0002,10,0.05,8.709317207336426,14.216796875,0.4713030457496643,0.28777340054512024,0,0,0,0,0,0,1,2,8.709316730499268,14.216796875,50,4.957723052487043,4.960996500630863,4.963067523085978,7,0.005484079949761098,False,completed,7.437320232391357,14.216796875,0.05,0.01,,,0.7978723404255319,150,,,,,2.0546469688415527,62.0423,3.772,3.772,,,,,,,,,,,,,,,,,,,,,,,,,,,,,,,,,,,
llama3_8b_qlora_l40_protocol_v3_phase1_r16_seed43__1776443933,llama3_8b_qlora_l40_protocol_v3_phase1_r16_seed43,qlora,train_and_eval,protocol_v3,logging_v2,meta-llama/Meta-Llama-3-8B,True,False,43,16,32,350,8,1024,8.316989216966332,7.413253664602583,7.413253664602583,2688.7174,0.13,completed,outputs/experiments/protocol_v3/llama3_8b_qlora_l40_protocol_v3_phase1_r16_seed43/reports/comparison_row.json,outputs/experiments/protocol_v3/llama3_8b_qlora_l40_protocol_v3_phase1_r16_seed43/reports/metrics_history.jsonl,150,0.7978723404255319,eval,2026-04-17T17:25:55.063977+00:00,,8.768091201782227,9.31640625,8.646641110051549,5.311128582088765,7.724402546412773,4.677424958585711,350,-0.9037355523637496,-0.9222385636387758,-0.6337036235030542,-0.9037355523637496,-0.9222385636387758,-0.6337036235030542,50,7.724402546412773,4.677424958585711,350,4,350,0.0002,10,0.05,8.709317207336426,14.216796875,0.4713030457496643,0.28777340054512024,0,0,0,0,0,0,1,2,8.709316730499268,14.216796875,50,4.957723052487043,4.960996500630863,4.963067523085978,7,0.005484079949761098,False,completed,7.437320232391357,14.216796875,0.05,0.01,,,0.7978723404255319,150,,,,,,,,,1.5634297132492065,5.5681,3.771,3.771,,,,,,,,,,,,,,,,,,,,,,,,,,,,,,,
llama3_8b_qlora_l40_protocol_v3_phase1_r16_seed43__1776443933,llama3_8b_qlora_l40_protocol_v3_phase1_r16_seed43,qlora,train_and_eval,protocol_v3,logging_v2,meta-llama/Meta-Llama-3-8B,True,False,43,16,32,350,8,1024,8.316989216966332,7.413253664602583,7.413253664602583,2688.7174,0.13,completed,outputs/experiments/protocol_v3/llama3_8b_qlora_l40_protocol_v3_phase1_r16_seed43/reports/comparison_row.json,outputs/experiments/protocol_v3/llama3_8b_qlora_l40_protocol_v3_phase1_r16_seed43/reports/metrics_history.jsonl,150,0.7978723404255319,eval,2026-04-17T17:25:55.063984+00:00,,8.768091201782227,9.31640625,8.646641110051549,5.311128582088765,7.724402546412773,4.677424958585711,350,-0.9037355523637496,-0.9222385636387758,-0.6337036235030542,-0.9037355523637496,-0.9222385636387758,-0.6337036235030542,50,7.724402546412773,4.677424958585711,350,4,350,0.0002,10,0.05,8.709317207336426,14.216796875,0.4713030457496643,0.28777340054512024,0,0,0,0,0,0,1,2,8.709316730499268,14.216796875,50,4.957723052487043,4.960996500630863,4.963067523085978,7,0.005484079949761098,False,completed,7.437320232391357,14.216796875,0.05,0.01,,,0.7978723404255319,150,2.014498710632324,68.8637,3.703,3.703,2.0546469688415527,62.0423,3.772,3.772,1.5634297132492065,5.5681,3.771,3.771,7.496968288592227,8.709317207336426,14.216796875,8.709317207336426,14.216796875,8.709317207336426,14.216796875,7.80408230204767,8.709317207336426,14.216796875,8.709317207336426,14.216796875,8.709317207336426,14.216796875,4.775170658285936,8.709316730499268,14.216796875,8.709316730499268,14.216796875,8.709316730499268,14.216796875,4.961135613862425,4.9577093130210415,4.963090479688253,0.020631627997399263,50,,,,,
llama3_8b_qlora_l40_protocol_v3_phase1_r16_seed43__1776443933,llama3_8b_qlora_l40_protocol_v3_phase1_r16_seed43,qlora,train_and_eval,protocol_v3,logging_v2,meta-llama/Meta-Llama-3-8B,True,False,43,16,32,350,8,1024,8.316989216966332,7.413253664602583,7.413253664602583,2688.7174,0.13,completed,outputs/experiments/protocol_v3/llama3_8b_qlora_l40_protocol_v3_phase1_r16_seed43/reports/comparison_row.json,outputs/experiments/protocol_v3/llama3_8b_qlora_l40_protocol_v3_phase1_r16_seed43/reports/metrics_history.jsonl,160,0.851063829787234,train_log,2026-04-17T17:25:55.063992+00:00,1.9391,8.768091201782227,9.31640625,8.646641110051549,5.311128582088765,7.724402546412773,4.677424958585711,350,-0.9037355523637496,-0.9222385636387758,-0.6337036235030542,-0.9037355523637496,-0.9222385636387758,-0.6337036235030542,50,7.724402546412773,4.677424958585711,350,4,350,0.0002,10,0.05,8.709317207336426,14.216796875,0.4713030457496643,0.28777340054512024,0,0,0,0,0,0,1,2,8.709316730499268,14.216796875,50,4.957723052487043,4.960996500630863,4.963067523085978,7,0.005484079949761098,False,completed,7.437320232391357,14.216796875,0.05,0.01,0.35975560545921326,0.0001144578313253012,0.851063829787234,160,,,,,,,,,,,,,,,,,,,,,,,,,,,,,,,,,,,,,,,,,,,
llama3_8b_qlora_l40_protocol_v3_phase1_r16_seed43__1776443933,llama3_8b_qlora_l40_protocol_v3_phase1_r16_seed43,qlora,train_and_eval,protocol_v3,logging_v2,meta-llama/Meta-Llama-3-8B,True,False,43,16,32,350,8,1024,8.316989216966332,7.413253664602583,7.413253664602583,2688.7174,0.13,completed,outputs/experiments/protocol_v3/llama3_8b_qlora_l40_protocol_v3_phase1_r16_seed43/reports/comparison_row.json,outputs/experiments/protocol_v3/llama3_8b_qlora_l40_protocol_v3_phase1_r16_seed43/reports/metrics_history.jsonl,170,0.9042553191489362,train_log,2026-04-17T17:25:55.063996+00:00,1.9635,8.768091201782227,9.31640625,8.646641110051549,5.311128582088765,7.724402546412773,4.677424958585711,350,-0.9037355523637496,-0.9222385636387758,-0.6337036235030542,-0.9037355523637496,-0.9222385636387758,-0.6337036235030542,50,7.724402546412773,4.677424958585711,350,4,350,0.0002,10,0.05,8.709317207336426,14.216796875,0.4713030457496643,0.28777340054512024,0,0,0,0,0,0,1,2,8.709316730499268,14.216796875,50,4.957723052487043,4.960996500630863,4.963067523085978,7,0.005484079949761098,False,completed,7.437320232391357,14.216796875,0.05,0.01,0.3623933494091034,0.00010843373493975903,0.9042553191489362,170,,,,,,,,,,,,,,,,,,,,,,,,,,,,,,,,,,,,,,,,,,,
llama3_8b_qlora_l40_protocol_v3_phase1_r16_seed43__1776443933,llama3_8b_qlora_l40_protocol_v3_phase1_r16_seed43,qlora,train_and_eval,protocol_v3,logging_v2,meta-llama/Meta-Llama-3-8B,True,False,43,16,32,350,8,1024,8.316989216966332,7.413253664602583,7.413253664602583,2688.7174,0.13,completed,outputs/experiments/protocol_v3/llama3_8b_qlora_l40_protocol_v3_phase1_r16_seed43/reports/comparison_row.json,outputs/experiments/protocol_v3/llama3_8b_qlora_l40_protocol_v3_phase1_r16_seed43/reports/metrics_history.jsonl,180,0.9574468085106383,train_log,2026-04-17T17:25:55.064000+00:00,1.9897,8.768091201782227,9.31640625,8.646641110051549,5.311128582088765,7.724402546412773,4.677424958585711,350,-0.9037355523637496,-0.9222385636387758,-0.6337036235030542,-0.9037355523637496,-0.9222385636387758,-0.6337036235030542,50,7.724402546412773,4.677424958585711,350,4,350,0.0002,10,0.05,8.709317207336426,14.216796875,0.4713030457496643,0.28777340054512024,0,0,0,0,0,0,1,2,8.709316730499268,14.216796875,50,4.957723052487043,4.960996500630863,4.963067523085978,7,0.005484079949761098,False,completed,7.437320232391357,14.216796875,0.05,0.01,0.33254027366638184,0.00010240963855421688,0.9574468085106383,180,,,,,,,,,,,,,,,,,,,,,,,,,,,,,,,,,,,,,,,,,,,
llama3_8b_qlora_l40_protocol_v3_phase1_r16_seed43__1776443933,llama3_8b_qlora_l40_protocol_v3_phase1_r16_seed43,qlora,train_and_eval,protocol_v3,logging_v2,meta-llama/Meta-Llama-3-8B,True,False,43,16,32,350,8,1024,8.316989216966332,7.413253664602583,7.413253664602583,2688.7174,0.13,completed,outputs/experiments/protocol_v3/llama3_8b_qlora_l40_protocol_v3_phase1_r16_seed43/reports/comparison_row.json,outputs/experiments/protocol_v3/llama3_8b_qlora_l40_protocol_v3_phase1_r16_seed43/reports/metrics_history.jsonl,190,1.0106382978723405,train_log,2026-04-17T17:25:55.064004+00:00,1.9529,8.768091201782227,9.31640625,8.646641110051549,5.311128582088765,7.724402546412773,4.677424958585711,350,-0.9037355523637496,-0.9222385636387758,-0.6337036235030542,-0.9037355523637496,-0.9222385636387758,-0.6337036235030542,50,7.724402546412773,4.677424958585711,350,4,350,0.0002,10,0.05,8.709317207336426,14.216796875,0.4713030457496643,0.28777340054512024,0,0,0,0,0,0,1,2,8.709316730499268,14.216796875,50,4.957723052487043,4.960996500630863,4.963067523085978,7,0.005484079949761098,False,completed,7.437320232391357,14.216796875,0.05,0.01,0.4379916191101074,9.638554216867471e-05,1.0106382978723405,190,,,,,,,,,,,,,,,,,,,,,,,,,,,,,,,,,,,,,,,,,,,
llama3_8b_qlora_l40_protocol_v3_phase1_r16_seed43__1776443933,llama3_8b_qlora_l40_protocol_v3_phase1_r16_seed43,qlora,train_and_eval,protocol_v3,logging_v2,meta-llama/Meta-Llama-3-8B,True,False,43,16,32,350,8,1024,8.316989216966332,7.413253664602583,7.413253664602583,2688.7174,0.13,completed,outputs/experiments/protocol_v3/llama3_8b_qlora_l40_protocol_v3_phase1_r16_seed43/reports/comparison_row.json,outputs/experiments/protocol_v3/llama3_8b_qlora_l40_protocol_v3_phase1_r16_seed43/reports/metrics_history.jsonl,200,1.0638297872340425,train_log,2026-04-17T17:25:55.064008+00:00,1.9147,8.768091201782227,9.31640625,8.646641110051549,5.311128582088765,7.724402546412773,4.677424958585711,350,-0.9037355523637496,-0.9222385636387758,-0.6337036235030542,-0.9037355523637496,-0.9222385636387758,-0.6337036235030542,50,7.724402546412773,4.677424958585711,350,4,350,0.0002,10,0.05,8.709317207336426,14.216796875,0.4713030457496643,0.28777340054512024,0,0,0,0,0,0,1,2,8.709316730499268,14.216796875,50,4.957723052487043,4.960996500630863,4.963067523085978,7,0.005484079949761098,False,completed,7.437320232391357,14.216796875,0.05,0.01,0.34766820073127747,9.036144578313253e-05,1.0638297872340425,200,,,,,,,,,,,,,,,,,,,,,,,,,,,,,,,,,,,,,,,,,,,
llama3_8b_qlora_l40_protocol_v3_phase1_r16_seed43__1776443933,llama3_8b_qlora_l40_protocol_v3_phase1_r16_seed43,qlora,train_and_eval,protocol_v3,logging_v2,meta-llama/Meta-Llama-3-8B,True,False,43,16,32,350,8,1024,8.316989216966332,7.413253664602583,7.413253664602583,2688.7174,0.13,completed,outputs/experiments/protocol_v3/llama3_8b_qlora_l40_protocol_v3_phase1_r16_seed43/reports/comparison_row.json,outputs/experiments/protocol_v3/llama3_8b_qlora_l40_protocol_v3_phase1_r16_seed43/reports/metrics_history.jsonl,200,1.0638297872340425,eval,2026-04-17T17:25:55.064012+00:00,,8.768091201782227,9.31640625,8.646641110051549,5.311128582088765,7.724402546412773,4.677424958585711,350,-0.9037355523637496,-0.9222385636387758,-0.6337036235030542,-0.9037355523637496,-0.9222385636387758,-0.6337036235030542,50,7.724402546412773,4.677424958585711,350,4,350,0.0002,10,0.05,8.709317207336426,14.216796875,0.4713030457496643,0.28777340054512024,0,0,0,0,0,0,1,2,8.709316730499268,14.216796875,50,4.957723052487043,4.960996500630863,4.963067523085978,7,0.005484079949761098,False,completed,7.437320232391357,14.216796875,0.05,0.01,,,1.0638297872340425,200,2.0098166465759277,67.6517,3.769,3.769,,,,,,,,,,,,,,,,,,,,,,,,,,,,,,,,,,,,,,,
llama3_8b_qlora_l40_protocol_v3_phase1_r16_seed43__1776443933,llama3_8b_qlora_l40_protocol_v3_phase1_r16_seed43,qlora,train_and_eval,protocol_v3,logging_v2,meta-llama/Meta-Llama-3-8B,True,False,43,16,32,350,8,1024,8.316989216966332,7.413253664602583,7.413253664602583,2688.7174,0.13,completed,outputs/experiments/protocol_v3/llama3_8b_qlora_l40_protocol_v3_phase1_r16_seed43/reports/comparison_row.json,outputs/experiments/protocol_v3/llama3_8b_qlora_l40_protocol_v3_phase1_r16_seed43/reports/metrics_history.jsonl,200,1.0638297872340425,eval,2026-04-17T17:25:55.064017+00:00,,8.768091201782227,9.31640625,8.646641110051549,5.311128582088765,7.724402546412773,4.677424958585711,350,-0.9037355523637496,-0.9222385636387758,-0.6337036235030542,-0.9037355523637496,-0.9222385636387758,-0.6337036235030542,50,7.724402546412773,4.677424958585711,350,4,350,0.0002,10,0.05,8.709317207336426,14.216796875,0.4713030457496643,0.28777340054512024,0,0,0,0,0,0,1,2,8.709316730499268,14.216796875,50,4.957723052487043,4.960996500630863,4.963067523085978,7,0.005484079949761098,False,completed,7.437320232391357,14.216796875,0.05,0.01,,,1.0638297872340425,200,,,,,2.0507094860076904,62.0804,3.769,3.769,,,,,,,,,,,,,,,,,,,,,,,,,,,,,,,,,,,
llama3_8b_qlora_l40_protocol_v3_phase1_r16_seed43__1776443933,llama3_8b_qlora_l40_protocol_v3_phase1_r16_seed43,qlora,train_and_eval,protocol_v3,logging_v2,meta-llama/Meta-Llama-3-8B,True,False,43,16,32,350,8,1024,8.316989216966332,7.413253664602583,7.413253664602583,2688.7174,0.13,completed,outputs/experiments/protocol_v3/llama3_8b_qlora_l40_protocol_v3_phase1_r16_seed43/reports/comparison_row.json,outputs/experiments/protocol_v3/llama3_8b_qlora_l40_protocol_v3_phase1_r16_seed43/reports/metrics_history.jsonl,200,1.0638297872340425,eval,2026-04-17T17:25:55.064021+00:00,,8.768091201782227,9.31640625,8.646641110051549,5.311128582088765,7.724402546412773,4.677424958585711,350,-0.9037355523637496,-0.9222385636387758,-0.6337036235030542,-0.9037355523637496,-0.9222385636387758,-0.6337036235030542,50,7.724402546412773,4.677424958585711,350,4,350,0.0002,10,0.05,8.709317207336426,14.216796875,0.4713030457496643,0.28777340054512024,0,0,0,0,0,0,1,2,8.709316730499268,14.216796875,50,4.957723052487043,4.960996500630863,4.963067523085978,7,0.005484079949761098,False,completed,7.437320232391357,14.216796875,0.05,0.01,,,1.0638297872340425,200,,,,,,,,,1.5512733459472656,5.5899,3.757,3.757,,,,,,,,,,,,,,,,,,,,,,,,,,,,,,,
llama3_8b_qlora_l40_protocol_v3_phase1_r16_seed43__1776443933,llama3_8b_qlora_l40_protocol_v3_phase1_r16_seed43,qlora,train_and_eval,protocol_v3,logging_v2,meta-llama/Meta-Llama-3-8B,True,False,43,16,32,350,8,1024,8.316989216966332,7.413253664602583,7.413253664602583,2688.7174,0.13,completed,outputs/experiments/protocol_v3/llama3_8b_qlora_l40_protocol_v3_phase1_r16_seed43/reports/comparison_row.json,outputs/experiments/protocol_v3/llama3_8b_qlora_l40_protocol_v3_phase1_r16_seed43/reports/metrics_history.jsonl,200,1.0638297872340425,eval,2026-04-17T17:25:55.064028+00:00,,8.768091201782227,9.31640625,8.646641110051549,5.311128582088765,7.724402546412773,4.677424958585711,350,-0.9037355523637496,-0.9222385636387758,-0.6337036235030542,-0.9037355523637496,-0.9222385636387758,-0.6337036235030542,50,7.724402546412773,4.677424958585711,350,4,350,0.0002,10,0.05,8.709317207336426,14.216796875,0.4713030457496643,0.28777340054512024,0,0,0,0,0,0,1,2,8.709316730499268,14.216796875,50,4.957723052487043,4.960996500630863,4.963067523085978,7,0.005484079949761098,False,completed,7.437320232391357,14.216796875,0.05,0.01,,,1.0638297872340425,200,2.0098166465759277,67.6517,3.769,3.769,2.0507094860076904,62.0804,3.769,3.769,1.5512733459472656,5.5899,3.757,3.757,7.4619490479736434,8.709317207336426,14.216796875,8.709317207336426,14.216796875,8.709317207336426,14.216796875,7.77341427897899,8.709317207336426,14.216796875,8.709317207336426,14.216796875,8.709317207336426,14.216796875,4.7174733352873535,8.709316730499268,14.216796875,8.709316730499268,14.216796875,8.709316730499268,14.216796875,4.963603889299557,4.963017518515699,4.97203662013635,0.004500581501190065,50,,,,,
llama3_8b_qlora_l40_protocol_v3_phase1_r16_seed43__1776443933,llama3_8b_qlora_l40_protocol_v3_phase1_r16_seed43,qlora,train_and_eval,protocol_v3,logging_v2,meta-llama/Meta-Llama-3-8B,True,False,43,16,32,350,8,1024,8.316989216966332,7.413253664602583,7.413253664602583,2688.7174,0.13,completed,outputs/experiments/protocol_v3/llama3_8b_qlora_l40_protocol_v3_phase1_r16_seed43/reports/comparison_row.json,outputs/experiments/protocol_v3/llama3_8b_qlora_l40_protocol_v3_phase1_r16_seed43/reports/metrics_history.jsonl,210,1.1170212765957448,train_log,2026-04-17T17:25:55.064036+00:00,1.8494,8.768091201782227,9.31640625,8.646641110051549,5.311128582088765,7.724402546412773,4.677424958585711,350,-0.9037355523637496,-0.9222385636387758,-0.6337036235030542,-0.9037355523637496,-0.9222385636387758,-0.6337036235030542,50,7.724402546412773,4.677424958585711,350,4,350,0.0002,10,0.05,8.709317207336426,14.216796875,0.4713030457496643,0.28777340054512024,0,0,0,0,0,0,1,2,8.709316730499268,14.216796875,50,4.957723052487043,4.960996500630863,4.963067523085978,7,0.005484079949761098,False,completed,7.437320232391357,14.216796875,0.05,0.01,0.417122483253479,8.433734939759037e-05,1.1170212765957448,210,,,,,,,,,,,,,,,,,,,,,,,,,,,,,,,,,,,,,,,,,,,
llama3_8b_qlora_l40_protocol_v3_phase1_r16_seed43__1776443933,llama3_8b_qlora_l40_protocol_v3_phase1_r16_seed43,qlora,train_and_eval,protocol_v3,logging_v2,meta-llama/Meta-Llama-3-8B,True,False,43,16,32,350,8,1024,8.316989216966332,7.413253664602583,7.413253664602583,2688.7174,0.13,completed,outputs/experiments/protocol_v3/llama3_8b_qlora_l40_protocol_v3_phase1_r16_seed43/reports/comparison_row.json,outputs/experiments/protocol_v3/llama3_8b_qlora_l40_protocol_v3_phase1_r16_seed43/reports/metrics_history.jsonl,220,1.1702127659574468,train_log,2026-04-17T17:25:55.064040+00:00,1.9758,8.768091201782227,9.31640625,8.646641110051549,5.311128582088765,7.724402546412773,4.677424958585711,350,-0.9037355523637496,-0.9222385636387758,-0.6337036235030542,-0.9037355523637496,-0.9222385636387758,-0.6337036235030542,50,7.724402546412773,4.677424958585711,350,4,350,0.0002,10,0.05,8.709317207336426,14.216796875,0.4713030457496643,0.28777340054512024,0,0,0,0,0,0,1,2,8.709316730499268,14.216796875,50,4.957723052487043,4.960996500630863,4.963067523085978,7,0.005484079949761098,False,completed,7.437320232391357,14.216796875,0.05,0.01,0.364687442779541,7.83132530120482e-05,1.1702127659574468,220,,,,,,,,,,,,,,,,,,,,,,,,,,,,,,,,,,,,,,,,,,,
llama3_8b_qlora_l40_protocol_v3_phase1_r16_seed43__1776443933,llama3_8b_qlora_l40_protocol_v3_phase1_r16_seed43,qlora,train_and_eval,protocol_v3,logging_v2,meta-llama/Meta-Llama-3-8B,True,False,43,16,32,350,8,1024,8.316989216966332,7.413253664602583,7.413253664602583,2688.7174,0.13,completed,outputs/experiments/protocol_v3/llama3_8b_qlora_l40_protocol_v3_phase1_r16_seed43/reports/comparison_row.json,outputs/experiments/protocol_v3/llama3_8b_qlora_l40_protocol_v3_phase1_r16_seed43/reports/metrics_history.jsonl,230,1.2234042553191489,train_log,2026-04-17T17:25:55.064044+00:00,1.863,8.768091201782227,9.31640625,8.646641110051549,5.311128582088765,7.724402546412773,4.677424958585711,350,-0.9037355523637496,-0.9222385636387758,-0.6337036235030542,-0.9037355523637496,-0.9222385636387758,-0.6337036235030542,50,7.724402546412773,4.677424958585711,350,4,350,0.0002,10,0.05,8.709317207336426,14.216796875,0.4713030457496643,0.28777340054512024,0,0,0,0,0,0,1,2,8.709316730499268,14.216796875,50,4.957723052487043,4.960996500630863,4.963067523085978,7,0.005484079949761098,False,completed,7.437320232391357,14.216796875,0.05,0.01,0.37651365995407104,7.228915662650602e-05,1.2234042553191489,230,,,,,,,,,,,,,,,,,,,,,,,,,,,,,,,,,,,,,,,,,,,
llama3_8b_qlora_l40_protocol_v3_phase1_r16_seed43__1776443933,llama3_8b_qlora_l40_protocol_v3_phase1_r16_seed43,qlora,train_and_eval,protocol_v3,logging_v2,meta-llama/Meta-Llama-3-8B,True,False,43,16,32,350,8,1024,8.316989216966332,7.413253664602583,7.413253664602583,2688.7174,0.13,completed,outputs/experiments/protocol_v3/llama3_8b_qlora_l40_protocol_v3_phase1_r16_seed43/reports/comparison_row.json,outputs/experiments/protocol_v3/llama3_8b_qlora_l40_protocol_v3_phase1_r16_seed43/reports/metrics_history.jsonl,240,1.2765957446808511,train_log,2026-04-17T17:25:55.064048+00:00,1.9114,8.768091201782227,9.31640625,8.646641110051549,5.311128582088765,7.724402546412773,4.677424958585711,350,-0.9037355523637496,-0.9222385636387758,-0.6337036235030542,-0.9037355523637496,-0.9222385636387758,-0.6337036235030542,50,7.724402546412773,4.677424958585711,350,4,350,0.0002,10,0.05,8.709317207336426,14.216796875,0.4713030457496643,0.28777340054512024,0,0,0,0,0,0,1,2,8.709316730499268,14.216796875,50,4.957723052487043,4.960996500630863,4.963067523085978,7,0.005484079949761098,False,completed,7.437320232391357,14.216796875,0.05,0.01,0.37355026602745056,6.626506024096386e-05,1.2765957446808511,240,,,,,,,,,,,,,,,,,,,,,,,,,,,,,,,,,,,,,,,,,,,
llama3_8b_qlora_l40_protocol_v3_phase1_r16_seed43__1776443933,llama3_8b_qlora_l40_protocol_v3_phase1_r16_seed43,qlora,train_and_eval,protocol_v3,logging_v2,meta-llama/Meta-Llama-3-8B,True,False,43,16,32,350,8,1024,8.316989216966332,7.413253664602583,7.413253664602583,2688.7174,0.13,completed,outputs/experiments/protocol_v3/llama3_8b_qlora_l40_protocol_v3_phase1_r16_seed43/reports/comparison_row.json,outputs/experiments/protocol_v3/llama3_8b_qlora_l40_protocol_v3_phase1_r16_seed43/reports/metrics_history.jsonl,250,1.3297872340425532,train_log,2026-04-17T17:25:55.064052+00:00,1.8896,8.768091201782227,9.31640625,8.646641110051549,5.311128582088765,7.724402546412773,4.677424958585711,350,-0.9037355523637496,-0.9222385636387758,-0.6337036235030542,-0.9037355523637496,-0.9222385636387758,-0.6337036235030542,50,7.724402546412773,4.677424958585711,350,4,350,0.0002,10,0.05,8.709317207336426,14.216796875,0.4713030457496643,0.28777340054512024,0,0,0,0,0,0,1,2,8.709316730499268,14.216796875,50,4.957723052487043,4.960996500630863,4.963067523085978,7,0.005484079949761098,False,completed,7.437320232391357,14.216796875,0.05,0.01,0.4009837210178375,6.02409638554217e-05,1.3297872340425532,250,,,,,,,,,,,,,,,,,,,,,,,,,,,,,,,,,,,,,,,,,,,
llama3_8b_qlora_l40_protocol_v3_phase1_r16_seed43__1776443933,llama3_8b_qlora_l40_protocol_v3_phase1_r16_seed43,qlora,train_and_eval,protocol_v3,logging_v2,meta-llama/Meta-Llama-3-8B,True,False,43,16,32,350,8,1024,8.316989216966332,7.413253664602583,7.413253664602583,2688.7174,0.13,completed,outputs/experiments/protocol_v3/llama3_8b_qlora_l40_protocol_v3_phase1_r16_seed43/reports/comparison_row.json,outputs/experiments/protocol_v3/llama3_8b_qlora_l40_protocol_v3_phase1_r16_seed43/reports/metrics_history.jsonl,250,1.3297872340425532,eval,2026-04-17T17:25:55.064057+00:00,,8.768091201782227,9.31640625,8.646641110051549,5.311128582088765,7.724402546412773,4.677424958585711,350,-0.9037355523637496,-0.9222385636387758,-0.6337036235030542,-0.9037355523637496,-0.9222385636387758,-0.6337036235030542,50,7.724402546412773,4.677424958585711,350,4,350,0.0002,10,0.05,8.709317207336426,14.216796875,0.4713030457496643,0.28777340054512024,0,0,0,0,0,0,1,2,8.709316730499268,14.216796875,50,4.957723052487043,4.960996500630863,4.963067523085978,7,0.005484079949761098,False,completed,7.437320232391357,14.216796875,0.05,0.01,,,1.3297872340425532,250,2.0069472789764404,67.6724,3.768,3.768,,,,,,,,,,,,,,,,,,,,,,,,,,,,,,,,,,,,,,,
llama3_8b_qlora_l40_protocol_v3_phase1_r16_seed43__1776443933,llama3_8b_qlora_l40_protocol_v3_phase1_r16_seed43,qlora,train_and_eval,protocol_v3,logging_v2,meta-llama/Meta-Llama-3-8B,True,False,43,16,32,350,8,1024,8.316989216966332,7.413253664602583,7.413253664602583,2688.7174,0.13,completed,outputs/experiments/protocol_v3/llama3_8b_qlora_l40_protocol_v3_phase1_r16_seed43/reports/comparison_row.json,outputs/experiments/protocol_v3/llama3_8b_qlora_l40_protocol_v3_phase1_r16_seed43/reports/metrics_history.jsonl,250,1.3297872340425532,eval,2026-04-17T17:25:55.064061+00:00,,8.768091201782227,9.31640625,8.646641110051549,5.311128582088765,7.724402546412773,4.677424958585711,350,-0.9037355523637496,-0.9222385636387758,-0.6337036235030542,-0.9037355523637496,-0.9222385636387758,-0.6337036235030542,50,7.724402546412773,4.677424958585711,350,4,350,0.0002,10,0.05,8.709317207336426,14.216796875,0.4713030457496643,0.28777340054512024,0,0,0,0,0,0,1,2,8.709316730499268,14.216796875,50,4.957723052487043,4.960996500630863,4.963067523085978,7,0.005484079949761098,False,completed,7.437320232391357,14.216796875,0.05,0.01,,,1.3297872340425532,250,,,,,2.047882556915283,62.1092,3.768,3.768,,,,,,,,,,,,,,,,,,,,,,,,,,,,,,,,,,,
llama3_8b_qlora_l40_protocol_v3_phase1_r16_seed43__1776443933,llama3_8b_qlora_l40_protocol_v3_phase1_r16_seed43,qlora,train_and_eval,protocol_v3,logging_v2,meta-llama/Meta-Llama-3-8B,True,False,43,16,32,350,8,1024,8.316989216966332,7.413253664602583,7.413253664602583,2688.7174,0.13,completed,outputs/experiments/protocol_v3/llama3_8b_qlora_l40_protocol_v3_phase1_r16_seed43/reports/comparison_row.json,outputs/experiments/protocol_v3/llama3_8b_qlora_l40_protocol_v3_phase1_r16_seed43/reports/metrics_history.jsonl,250,1.3297872340425532,eval,2026-04-17T17:25:55.064065+00:00,,8.768091201782227,9.31640625,8.646641110051549,5.311128582088765,7.724402546412773,4.677424958585711,350,-0.9037355523637496,-0.9222385636387758,-0.6337036235030542,-0.9037355523637496,-0.9222385636387758,-0.6337036235030542,50,7.724402546412773,4.677424958585711,350,4,350,0.0002,10,0.05,8.709317207336426,14.216796875,0.4713030457496643,0.28777340054512024,0,0,0,0,0,0,1,2,8.709316730499268,14.216796875,50,4.957723052487043,4.960996500630863,4.963067523085978,7,0.005484079949761098,False,completed,7.437320232391357,14.216796875,0.05,0.01,,,1.3297872340425532,250,,,,,,,,,1.547430157661438,5.5795,3.764,3.764,,,,,,,,,,,,,,,,,,,,,,,,,,,,,,,
llama3_8b_qlora_l40_protocol_v3_phase1_r16_seed43__1776443933,llama3_8b_qlora_l40_protocol_v3_phase1_r16_seed43,qlora,train_and_eval,protocol_v3,logging_v2,meta-llama/Meta-Llama-3-8B,True,False,43,16,32,350,8,1024,8.316989216966332,7.413253664602583,7.413253664602583,2688.7174,0.13,completed,outputs/experiments/protocol_v3/llama3_8b_qlora_l40_protocol_v3_phase1_r16_seed43/reports/comparison_row.json,outputs/experiments/protocol_v3/llama3_8b_qlora_l40_protocol_v3_phase1_r16_seed43/reports/metrics_history.jsonl,250,1.3297872340425532,eval,2026-04-17T17:25:55.064072+00:00,,8.768091201782227,9.31640625,8.646641110051549,5.311128582088765,7.724402546412773,4.677424958585711,350,-0.9037355523637496,-0.9222385636387758,-0.6337036235030542,-0.9037355523637496,-0.9222385636387758,-0.6337036235030542,50,7.724402546412773,4.677424958585711,350,4,350,0.0002,10,0.05,8.709317207336426,14.216796875,0.4713030457496643,0.28777340054512024,0,0,0,0,0,0,1,2,8.709316730499268,14.216796875,50,4.957723052487043,4.960996500630863,4.963067523085978,7,0.005484079949761098,False,completed,7.437320232391357,14.216796875,0.05,0.01,,,1.3297872340425532,250,2.0069472789764404,67.6724,3.768,3.768,2.047882556915283,62.1092,3.768,3.768,1.547430157661438,5.5795,3.764,3.764,7.440568661909088,8.709317207336426,14.216796875,8.709317207336426,14.216796875,8.709317207336426,14.216796875,7.751470419487554,8.709317207336426,14.216796875,8.709317207336426,14.216796875,8.709317207336426,14.216796875,4.699377991206166,8.709316730499268,14.216796875,8.709316730499268,14.216796875,8.709316730499268,14.216796875,4.961816001920961,4.9617452988168225,4.967616336629726,0.0033951260439959944,50,,,,,
llama3_8b_qlora_l40_protocol_v3_phase1_r16_seed43__1776443933,llama3_8b_qlora_l40_protocol_v3_phase1_r16_seed43,qlora,train_and_eval,protocol_v3,logging_v2,meta-llama/Meta-Llama-3-8B,True,False,43,16,32,350,8,1024,8.316989216966332,7.413253664602583,7.413253664602583,2688.7174,0.13,completed,outputs/experiments/protocol_v3/llama3_8b_qlora_l40_protocol_v3_phase1_r16_seed43/reports/comparison_row.json,outputs/experiments/protocol_v3/llama3_8b_qlora_l40_protocol_v3_phase1_r16_seed43/reports/metrics_history.jsonl,260,1.3829787234042552,train_log,2026-04-17T17:25:55.064079+00:00,1.8767,8.768091201782227,9.31640625,8.646641110051549,5.311128582088765,7.724402546412773,4.677424958585711,350,-0.9037355523637496,-0.9222385636387758,-0.6337036235030542,-0.9037355523637496,-0.9222385636387758,-0.6337036235030542,50,7.724402546412773,4.677424958585711,350,4,350,0.0002,10,0.05,8.709317207336426,14.216796875,0.4713030457496643,0.28777340054512024,0,0,0,0,0,0,1,2,8.709316730499268,14.216796875,50,4.957723052487043,4.960996500630863,4.963067523085978,7,0.005484079949761098,False,completed,7.437320232391357,14.216796875,0.05,0.01,0.3911983072757721,5.4216867469879516e-05,1.3829787234042552,260,,,,,,,,,,,,,,,,,,,,,,,,,,,,,,,,,,,,,,,,,,,
llama3_8b_qlora_l40_protocol_v3_phase1_r16_seed43__1776443933,llama3_8b_qlora_l40_protocol_v3_phase1_r16_seed43,qlora,train_and_eval,protocol_v3,logging_v2,meta-llama/Meta-Llama-3-8B,True,False,43,16,32,350,8,1024,8.316989216966332,7.413253664602583,7.413253664602583,2688.7174,0.13,completed,outputs/experiments/protocol_v3/llama3_8b_qlora_l40_protocol_v3_phase1_r16_seed43/reports/comparison_row.json,outputs/experiments/protocol_v3/llama3_8b_qlora_l40_protocol_v3_phase1_r16_seed43/reports/metrics_history.jsonl,270,1.4361702127659575,train_log,2026-04-17T17:25:55.064083+00:00,1.8826,8.768091201782227,9.31640625,8.646641110051549,5.311128582088765,7.724402546412773,4.677424958585711,350,-0.9037355523637496,-0.9222385636387758,-0.6337036235030542,-0.9037355523637496,-0.9222385636387758,-0.6337036235030542,50,7.724402546412773,4.677424958585711,350,4,350,0.0002,10,0.05,8.709317207336426,14.216796875,0.4713030457496643,0.28777340054512024,0,0,0,0,0,0,1,2,8.709316730499268,14.216796875,50,4.957723052487043,4.960996500630863,4.963067523085978,7,0.005484079949761098,False,completed,7.437320232391357,14.216796875,0.05,0.01,0.44409269094467163,4.8192771084337354e-05,1.4361702127659575,270,,,,,,,,,,,,,,,,,,,,,,,,,,,,,,,,,,,,,,,,,,,
llama3_8b_qlora_l40_protocol_v3_phase1_r16_seed43__1776443933,llama3_8b_qlora_l40_protocol_v3_phase1_r16_seed43,qlora,train_and_eval,protocol_v3,logging_v2,meta-llama/Meta-Llama-3-8B,True,False,43,16,32,350,8,1024,8.316989216966332,7.413253664602583,7.413253664602583,2688.7174,0.13,completed,outputs/experiments/protocol_v3/llama3_8b_qlora_l40_protocol_v3_phase1_r16_seed43/reports/comparison_row.json,outputs/experiments/protocol_v3/llama3_8b_qlora_l40_protocol_v3_phase1_r16_seed43/reports/metrics_history.jsonl,280,1.4893617021276595,train_log,2026-04-17T17:25:55.064087+00:00,1.8367,8.768091201782227,9.31640625,8.646641110051549,5.311128582088765,7.724402546412773,4.677424958585711,350,-0.9037355523637496,-0.9222385636387758,-0.6337036235030542,-0.9037355523637496,-0.9222385636387758,-0.6337036235030542,50,7.724402546412773,4.677424958585711,350,4,350,0.0002,10,0.05,8.709317207336426,14.216796875,0.4713030457496643,0.28777340054512024,0,0,0,0,0,0,1,2,8.709316730499268,14.216796875,50,4.957723052487043,4.960996500630863,4.963067523085978,7,0.005484079949761098,False,completed,7.437320232391357,14.216796875,0.05,0.01,0.4713030457496643,4.2168674698795186e-05,1.4893617021276595,280,,,,,,,,,,,,,,,,,,,,,,,,,,,,,,,,,,,,,,,,,,,
llama3_8b_qlora_l40_protocol_v3_phase1_r16_seed43__1776443933,llama3_8b_qlora_l40_protocol_v3_phase1_r16_seed43,qlora,train_and_eval,protocol_v3,logging_v2,meta-llama/Meta-Llama-3-8B,True,False,43,16,32,350,8,1024,8.316989216966332,7.413253664602583,7.413253664602583,2688.7174,0.13,completed,outputs/experiments/protocol_v3/llama3_8b_qlora_l40_protocol_v3_phase1_r16_seed43/reports/comparison_row.json,outputs/experiments/protocol_v3/llama3_8b_qlora_l40_protocol_v3_phase1_r16_seed43/reports/metrics_history.jsonl,290,1.5425531914893615,train_log,2026-04-17T17:25:55.064091+00:00,1.858,8.768091201782227,9.31640625,8.646641110051549,5.311128582088765,7.724402546412773,4.677424958585711,350,-0.9037355523637496,-0.9222385636387758,-0.6337036235030542,-0.9037355523637496,-0.9222385636387758,-0.6337036235030542,50,7.724402546412773,4.677424958585711,350,4,350,0.0002,10,0.05,8.709317207336426,14.216796875,0.4713030457496643,0.28777340054512024,0,0,0,0,0,0,1,2,8.709316730499268,14.216796875,50,4.957723052487043,4.960996500630863,4.963067523085978,7,0.005484079949761098,False,completed,7.437320232391357,14.216796875,0.05,0.01,0.4404715299606323,3.614457831325301e-05,1.5425531914893615,290,,,,,,,,,,,,,,,,,,,,,,,,,,,,,,,,,,,,,,,,,,,
llama3_8b_qlora_l40_protocol_v3_phase1_r16_seed43__1776443933,llama3_8b_qlora_l40_protocol_v3_phase1_r16_seed43,qlora,train_and_eval,protocol_v3,logging_v2,meta-llama/Meta-Llama-3-8B,True,False,43,16,32,350,8,1024,8.316989216966332,7.413253664602583,7.413253664602583,2688.7174,0.13,completed,outputs/experiments/protocol_v3/llama3_8b_qlora_l40_protocol_v3_phase1_r16_seed43/reports/comparison_row.json,outputs/experiments/protocol_v3/llama3_8b_qlora_l40_protocol_v3_phase1_r16_seed43/reports/metrics_history.jsonl,300,1.5957446808510638,train_log,2026-04-17T17:25:55.064095+00:00,1.8769,8.768091201782227,9.31640625,8.646641110051549,5.311128582088765,7.724402546412773,4.677424958585711,350,-0.9037355523637496,-0.9222385636387758,-0.6337036235030542,-0.9037355523637496,-0.9222385636387758,-0.6337036235030542,50,7.724402546412773,4.677424958585711,350,4,350,0.0002,10,0.05,8.709317207336426,14.216796875,0.4713030457496643,0.28777340054512024,0,0,0,0,0,0,1,2,8.709316730499268,14.216796875,50,4.957723052487043,4.960996500630863,4.963067523085978,7,0.005484079949761098,False,completed,7.437320232391357,14.216796875,0.05,0.01,0.4517868161201477,3.012048192771085e-05,1.5957446808510638,300,,,,,,,,,,,,,,,,,,,,,,,,,,,,,,,,,,,,,,,,,,,
llama3_8b_qlora_l40_protocol_v3_phase1_r16_seed43__1776443933,llama3_8b_qlora_l40_protocol_v3_phase1_r16_seed43,qlora,train_and_eval,protocol_v3,logging_v2,meta-llama/Meta-Llama-3-8B,True,False,43,16,32,350,8,1024,8.316989216966332,7.413253664602583,7.413253664602583,2688.7174,0.13,completed,outputs/experiments/protocol_v3/llama3_8b_qlora_l40_protocol_v3_phase1_r16_seed43/reports/comparison_row.json,outputs/experiments/protocol_v3/llama3_8b_qlora_l40_protocol_v3_phase1_r16_seed43/reports/metrics_history.jsonl,300,1.5957446808510638,eval,2026-04-17T17:25:55.064099+00:00,,8.768091201782227,9.31640625,8.646641110051549,5.311128582088765,7.724402546412773,4.677424958585711,350,-0.9037355523637496,-0.9222385636387758,-0.6337036235030542,-0.9037355523637496,-0.9222385636387758,-0.6337036235030542,50,7.724402546412773,4.677424958585711,350,4,350,0.0002,10,0.05,8.709317207336426,14.216796875,0.4713030457496643,0.28777340054512024,0,0,0,0,0,0,1,2,8.709316730499268,14.216796875,50,4.957723052487043,4.960996500630863,4.963067523085978,7,0.005484079949761098,False,completed,7.437320232391357,14.216796875,0.05,0.01,,,1.5957446808510638,300,2.00510835647583,67.6725,3.768,3.768,,,,,,,,,,,,,,,,,,,,,,,,,,,,,,,,,,,,,,,
llama3_8b_qlora_l40_protocol_v3_phase1_r16_seed43__1776443933,llama3_8b_qlora_l40_protocol_v3_phase1_r16_seed43,qlora,train_and_eval,protocol_v3,logging_v2,meta-llama/Meta-Llama-3-8B,True,False,43,16,32,350,8,1024,8.316989216966332,7.413253664602583,7.413253664602583,2688.7174,0.13,completed,outputs/experiments/protocol_v3/llama3_8b_qlora_l40_protocol_v3_phase1_r16_seed43/reports/comparison_row.json,outputs/experiments/protocol_v3/llama3_8b_qlora_l40_protocol_v3_phase1_r16_seed43/reports/metrics_history.jsonl,300,1.5957446808510638,eval,2026-04-17T17:25:55.064104+00:00,,8.768091201782227,9.31640625,8.646641110051549,5.311128582088765,7.724402546412773,4.677424958585711,350,-0.9037355523637496,-0.9222385636387758,-0.6337036235030542,-0.9037355523637496,-0.9222385636387758,-0.6337036235030542,50,7.724402546412773,4.677424958585711,350,4,350,0.0002,10,0.05,8.709317207336426,14.216796875,0.4713030457496643,0.28777340054512024,0,0,0,0,0,0,1,2,8.709316730499268,14.216796875,50,4.957723052487043,4.960996500630863,4.963067523085978,7,0.005484079949761098,False,completed,7.437320232391357,14.216796875,0.05,0.01,,,1.5957446808510638,300,,,,,2.0460798740386963,62.092,3.769,3.769,,,,,,,,,,,,,,,,,,,,,,,,,,,,,,,,,,,
llama3_8b_qlora_l40_protocol_v3_phase1_r16_seed43__1776443933,llama3_8b_qlora_l40_protocol_v3_phase1_r16_seed43,qlora,train_and_eval,protocol_v3,logging_v2,meta-llama/Meta-Llama-3-8B,True,False,43,16,32,350,8,1024,8.316989216966332,7.413253664602583,7.413253664602583,2688.7174,0.13,completed,outputs/experiments/protocol_v3/llama3_8b_qlora_l40_protocol_v3_phase1_r16_seed43/reports/comparison_row.json,outputs/experiments/protocol_v3/llama3_8b_qlora_l40_protocol_v3_phase1_r16_seed43/reports/metrics_history.jsonl,300,1.5957446808510638,eval,2026-04-17T17:25:55.064108+00:00,,8.768091201782227,9.31640625,8.646641110051549,5.311128582088765,7.724402546412773,4.677424958585711,350,-0.9037355523637496,-0.9222385636387758,-0.6337036235030542,-0.9037355523637496,-0.9222385636387758,-0.6337036235030542,50,7.724402546412773,4.677424958585711,350,4,350,0.0002,10,0.05,8.709317207336426,14.216796875,0.4713030457496643,0.28777340054512024,0,0,0,0,0,0,1,2,8.709316730499268,14.216796875,50,4.957723052487043,4.960996500630863,4.963067523085978,7,0.005484079949761098,False,completed,7.437320232391357,14.216796875,0.05,0.01,,,1.5957446808510638,300,,,,,,,,,1.545619010925293,5.575,3.767,3.767,,,,,,,,,,,,,,,,,,,,,,,,,,,,,,,
llama3_8b_qlora_l40_protocol_v3_phase1_r16_seed43__1776443933,llama3_8b_qlora_l40_protocol_v3_phase1_r16_seed43,qlora,train_and_eval,protocol_v3,logging_v2,meta-llama/Meta-Llama-3-8B,True,False,43,16,32,350,8,1024,8.316989216966332,7.413253664602583,7.413253664602583,2688.7174,0.13,completed,outputs/experiments/protocol_v3/llama3_8b_qlora_l40_protocol_v3_phase1_r16_seed43/reports/comparison_row.json,outputs/experiments/protocol_v3/llama3_8b_qlora_l40_protocol_v3_phase1_r16_seed43/reports/metrics_history.jsonl,300,1.5957446808510638,eval,2026-04-17T17:25:55.064115+00:00,,8.768091201782227,9.31640625,8.646641110051549,5.311128582088765,7.724402546412773,4.677424958585711,350,-0.9037355523637496,-0.9222385636387758,-0.6337036235030542,-0.9037355523637496,-0.9222385636387758,-0.6337036235030542,50,7.724402546412773,4.677424958585711,350,4,350,0.0002,10,0.05,8.709317207336426,14.216796875,0.4713030457496643,0.28777340054512024,0,0,0,0,0,0,1,2,8.709316730499268,14.216796875,50,4.957723052487043,4.960996500630863,4.963067523085978,7,0.005484079949761098,False,completed,7.437320232391357,14.216796875,0.05,0.01,,,1.5957446808510638,300,2.00510835647583,67.6725,3.768,3.768,2.0460798740386963,62.092,3.769,3.769,1.545619010925293,5.575,3.767,3.767,7.426898605718587,8.709317207336426,14.216796875,8.709317207336426,14.216796875,8.709317207336426,14.216796875,7.73750956377242,8.709317207336426,14.216796875,8.709317207336426,14.216796875,8.709317207336426,14.216796875,4.6908744310176065,8.709316730499268,14.216796875,8.709316730499268,14.216796875,8.709316730499268,14.216796875,4.960996500630863,4.96107568545267,4.964802488312126,0.0028372261395514693,50,,,,,
llama3_8b_qlora_l40_protocol_v3_phase1_r16_seed43__1776443933,llama3_8b_qlora_l40_protocol_v3_phase1_r16_seed43,qlora,train_and_eval,protocol_v3,logging_v2,meta-llama/Meta-Llama-3-8B,True,False,43,16,32,350,8,1024,8.316989216966332,7.413253664602583,7.413253664602583,2688.7174,0.13,completed,outputs/experiments/protocol_v3/llama3_8b_qlora_l40_protocol_v3_phase1_r16_seed43/reports/comparison_row.json,outputs/experiments/protocol_v3/llama3_8b_qlora_l40_protocol_v3_phase1_r16_seed43/reports/metrics_history.jsonl,310,1.648936170212766,train_log,2026-04-17T17:25:55.064123+00:00,1.8433,8.768091201782227,9.31640625,8.646641110051549,5.311128582088765,7.724402546412773,4.677424958585711,350,-0.9037355523637496,-0.9222385636387758,-0.6337036235030542,-0.9037355523637496,-0.9222385636387758,-0.6337036235030542,50,7.724402546412773,4.677424958585711,350,4,350,0.0002,10,0.05,8.709317207336426,14.216796875,0.4713030457496643,0.28777340054512024,0,0,0,0,0,0,1,2,8.709316730499268,14.216796875,50,4.957723052487043,4.960996500630863,4.963067523085978,7,0.005484079949761098,False,completed,7.437320232391357,14.216796875,0.05,0.01,0.43852487206459045,2.4096385542168677e-05,1.648936170212766,310,,,,,,,,,,,,,,,,,,,,,,,,,,,,,,,,,,,,,,,,,,,
llama3_8b_qlora_l40_protocol_v3_phase1_r16_seed43__1776443933,llama3_8b_qlora_l40_protocol_v3_phase1_r16_seed43,qlora,train_and_eval,protocol_v3,logging_v2,meta-llama/Meta-Llama-3-8B,True,False,43,16,32,350,8,1024,8.316989216966332,7.413253664602583,7.413253664602583,2688.7174,0.13,completed,outputs/experiments/protocol_v3/llama3_8b_qlora_l40_protocol_v3_phase1_r16_seed43/reports/comparison_row.json,outputs/experiments/protocol_v3/llama3_8b_qlora_l40_protocol_v3_phase1_r16_seed43/reports/metrics_history.jsonl,320,1.702127659574468,train_log,2026-04-17T17:25:55.064128+00:00,1.8767,8.768091201782227,9.31640625,8.646641110051549,5.311128582088765,7.724402546412773,4.677424958585711,350,-0.9037355523637496,-0.9222385636387758,-0.6337036235030542,-0.9037355523637496,-0.9222385636387758,-0.6337036235030542,50,7.724402546412773,4.677424958585711,350,4,350,0.0002,10,0.05,8.709317207336426,14.216796875,0.4713030457496643,0.28777340054512024,0,0,0,0,0,0,1,2,8.709316730499268,14.216796875,50,4.957723052487043,4.960996500630863,4.963067523085978,7,0.005484079949761098,False,completed,7.437320232391357,14.216796875,0.05,0.01,0.3997969627380371,1.8072289156626505e-05,1.702127659574468,320,,,,,,,,,,,,,,,,,,,,,,,,,,,,,,,,,,,,,,,,,,,
llama3_8b_qlora_l40_protocol_v3_phase1_r16_seed43__1776443933,llama3_8b_qlora_l40_protocol_v3_phase1_r16_seed43,qlora,train_and_eval,protocol_v3,logging_v2,meta-llama/Meta-Llama-3-8B,True,False,43,16,32,350,8,1024,8.316989216966332,7.413253664602583,7.413253664602583,2688.7174,0.13,completed,outputs/experiments/protocol_v3/llama3_8b_qlora_l40_protocol_v3_phase1_r16_seed43/reports/comparison_row.json,outputs/experiments/protocol_v3/llama3_8b_qlora_l40_protocol_v3_phase1_r16_seed43/reports/metrics_history.jsonl,330,1.7553191489361701,train_log,2026-04-17T17:25:55.064132+00:00,1.8377,8.768091201782227,9.31640625,8.646641110051549,5.311128582088765,7.724402546412773,4.677424958585711,350,-0.9037355523637496,-0.9222385636387758,-0.6337036235030542,-0.9037355523637496,-0.9222385636387758,-0.6337036235030542,50,7.724402546412773,4.677424958585711,350,4,350,0.0002,10,0.05,8.709317207336426,14.216796875,0.4713030457496643,0.28777340054512024,0,0,0,0,0,0,1,2,8.709316730499268,14.216796875,50,4.957723052487043,4.960996500630863,4.963067523085978,7,0.005484079949761098,False,completed,7.437320232391357,14.216796875,0.05,0.01,0.46579912304878235,1.2048192771084338e-05,1.7553191489361701,330,,,,,,,,,,,,,,,,,,,,,,,,,,,,,,,,,,,,,,,,,,,
llama3_8b_qlora_l40_protocol_v3_phase1_r16_seed43__1776443933,llama3_8b_qlora_l40_protocol_v3_phase1_r16_seed43,qlora,train_and_eval,protocol_v3,logging_v2,meta-llama/Meta-Llama-3-8B,True,False,43,16,32,350,8,1024,8.316989216966332,7.413253664602583,7.413253664602583,2688.7174,0.13,completed,outputs/experiments/protocol_v3/llama3_8b_qlora_l40_protocol_v3_phase1_r16_seed43/reports/comparison_row.json,outputs/experiments/protocol_v3/llama3_8b_qlora_l40_protocol_v3_phase1_r16_seed43/reports/metrics_history.jsonl,340,1.8085106382978724,train_log,2026-04-17T17:25:55.064136+00:00,1.9745,8.768091201782227,9.31640625,8.646641110051549,5.311128582088765,7.724402546412773,4.677424958585711,350,-0.9037355523637496,-0.9222385636387758,-0.6337036235030542,-0.9037355523637496,-0.9222385636387758,-0.6337036235030542,50,7.724402546412773,4.677424958585711,350,4,350,0.0002,10,0.05,8.709317207336426,14.216796875,0.4713030457496643,0.28777340054512024,0,0,0,0,0,0,1,2,8.709316730499268,14.216796875,50,4.957723052487043,4.960996500630863,4.963067523085978,7,0.005484079949761098,False,completed,7.437320232391357,14.216796875,0.05,0.01,0.4455450773239136,6.024096385542169e-06,1.8085106382978724,340,,,,,,,,,,,,,,,,,,,,,,,,,,,,,,,,,,,,,,,,,,,
llama3_8b_qlora_l40_protocol_v3_phase1_r16_seed43__1776443933,llama3_8b_qlora_l40_protocol_v3_phase1_r16_seed43,qlora,train_and_eval,protocol_v3,logging_v2,meta-llama/Meta-Llama-3-8B,True,False,43,16,32,350,8,1024,8.316989216966332,7.413253664602583,7.413253664602583,2688.7174,0.13,completed,outputs/experiments/protocol_v3/llama3_8b_qlora_l40_protocol_v3_phase1_r16_seed43/reports/comparison_row.json,outputs/experiments/protocol_v3/llama3_8b_qlora_l40_protocol_v3_phase1_r16_seed43/reports/metrics_history.jsonl,350,1.8617021276595744,train_log,2026-04-17T17:25:55.064140+00:00,1.8912,8.768091201782227,9.31640625,8.646641110051549,5.311128582088765,7.724402546412773,4.677424958585711,350,-0.9037355523637496,-0.9222385636387758,-0.6337036235030542,-0.9037355523637496,-0.9222385636387758,-0.6337036235030542,50,7.724402546412773,4.677424958585711,350,4,350,0.0002,10,0.05,8.709317207336426,14.216796875,0.4713030457496643,0.28777340054512024,0,0,0,0,0,0,1,2,8.709316730499268,14.216796875,50,4.957723052487043,4.960996500630863,4.963067523085978,7,0.005484079949761098,False,completed,7.437320232391357,14.216796875,0.05,0.01,0.40427151322364807,0.0,1.8617021276595744,350,,,,,,,,,,,,,,,,,,,,,,,,,,,,,,,,,,,,,,,,,,,
llama3_8b_qlora_l40_protocol_v3_phase1_r16_seed43__1776443933,llama3_8b_qlora_l40_protocol_v3_phase1_r16_seed43,qlora,train_and_eval,protocol_v3,logging_v2,meta-llama/Meta-Llama-3-8B,True,False,43,16,32,350,8,1024,8.316989216966332,7.413253664602583,7.413253664602583,2688.7174,0.13,completed,outputs/experiments/protocol_v3/llama3_8b_qlora_l40_protocol_v3_phase1_r16_seed43/reports/comparison_row.json,outputs/experiments/protocol_v3/llama3_8b_qlora_l40_protocol_v3_phase1_r16_seed43/reports/metrics_history.jsonl,350,1.8617021276595744,eval,2026-04-17T17:25:55.064145+00:00,,8.768091201782227,9.31640625,8.646641110051549,5.311128582088765,7.724402546412773,4.677424958585711,350,-0.9037355523637496,-0.9222385636387758,-0.6337036235030542,-0.9037355523637496,-0.9222385636387758,-0.6337036235030542,50,7.724402546412773,4.677424958585711,350,4,350,0.0002,10,0.05,8.709317207336426,14.216796875,0.4713030457496643,0.28777340054512024,0,0,0,0,0,0,1,2,8.709316730499268,14.216796875,50,4.957723052487043,4.960996500630863,4.963067523085978,7,0.005484079949761098,False,completed,7.437320232391357,14.216796875,0.05,0.01,,,1.8617021276595744,350,2.0032694339752197,67.6338,3.77,3.77,,,,,,,,,,,,,,,,,,,,,,,,,,,,,,,,,,,,,,,
llama3_8b_qlora_l40_protocol_v3_phase1_r16_seed43__1776443933,llama3_8b_qlora_l40_protocol_v3_phase1_r16_seed43,qlora,train_and_eval,protocol_v3,logging_v2,meta-llama/Meta-Llama-3-8B,True,False,43,16,32,350,8,1024,8.316989216966332,7.413253664602583,7.413253664602583,2688.7174,0.13,completed,outputs/experiments/protocol_v3/llama3_8b_qlora_l40_protocol_v3_phase1_r16_seed43/reports/comparison_row.json,outputs/experiments/protocol_v3/llama3_8b_qlora_l40_protocol_v3_phase1_r16_seed43/reports/metrics_history.jsonl,350,1.8617021276595744,eval,2026-04-17T17:25:55.064149+00:00,,8.768091201782227,9.31640625,8.646641110051549,5.311128582088765,7.724402546412773,4.677424958585711,350,-0.9037355523637496,-0.9222385636387758,-0.6337036235030542,-0.9037355523637496,-0.9222385636387758,-0.6337036235030542,50,7.724402546412773,4.677424958585711,350,4,350,0.0002,10,0.05,8.709317207336426,14.216796875,0.4713030457496643,0.28777340054512024,0,0,0,0,0,0,1,2,8.709316730499268,14.216796875,50,4.957723052487043,4.960996500630863,4.963067523085978,7,0.005484079949761098,False,completed,7.437320232391357,14.216796875,0.05,0.01,,,1.8617021276595744,350,,,,,2.044384479522705,62.0701,3.77,3.77,,,,,,,,,,,,,,,,,,,,,,,,,,,,,,,,,,,
llama3_8b_qlora_l40_protocol_v3_phase1_r16_seed43__1776443933,llama3_8b_qlora_l40_protocol_v3_phase1_r16_seed43,qlora,train_and_eval,protocol_v3,logging_v2,meta-llama/Meta-Llama-3-8B,True,False,43,16,32,350,8,1024,8.316989216966332,7.413253664602583,7.413253664602583,2688.7174,0.13,completed,outputs/experiments/protocol_v3/llama3_8b_qlora_l40_protocol_v3_phase1_r16_seed43/reports/comparison_row.json,outputs/experiments/protocol_v3/llama3_8b_qlora_l40_protocol_v3_phase1_r16_seed43/reports/metrics_history.jsonl,350,1.8617021276595744,eval,2026-04-17T17:25:55.064153+00:00,,8.768091201782227,9.31640625,8.646641110051549,5.311128582088765,7.724402546412773,4.677424958585711,350,-0.9037355523637496,-0.9222385636387758,-0.6337036235030542,-0.9037355523637496,-0.9222385636387758,-0.6337036235030542,50,7.724402546412773,4.677424958585711,350,4,350,0.0002,10,0.05,8.709317207336426,14.216796875,0.4713030457496643,0.28777340054512024,0,0,0,0,0,0,1,2,8.709316730499268,14.216796875,50,4.957723052487043,4.960996500630863,4.963067523085978,7,0.005484079949761098,False,completed,7.437320232391357,14.216796875,0.05,0.01,,,1.8617021276595744,350,,,,,,,,,1.5427477359771729,5.5691,3.771,3.771,,,,,,,,,,,,,,,,,,,,,,,,,,,,,,,
llama3_8b_qlora_l40_protocol_v3_phase1_r16_seed43__1776443933,llama3_8b_qlora_l40_protocol_v3_phase1_r16_seed43,qlora,train_and_eval,protocol_v3,logging_v2,meta-llama/Meta-Llama-3-8B,True,False,43,16,32,350,8,1024,8.316989216966332,7.413253664602583,7.413253664602583,2688.7174,0.13,completed,outputs/experiments/protocol_v3/llama3_8b_qlora_l40_protocol_v3_phase1_r16_seed43/reports/comparison_row.json,outputs/experiments/protocol_v3/llama3_8b_qlora_l40_protocol_v3_phase1_r16_seed43/reports/metrics_history.jsonl,350,1.8617021276595744,eval,2026-04-17T17:25:55.064160+00:00,,8.768091201782227,9.31640625,8.646641110051549,5.311128582088765,7.724402546412773,4.677424958585711,350,-0.9037355523637496,-0.9222385636387758,-0.6337036235030542,-0.9037355523637496,-0.9222385636387758,-0.6337036235030542,50,7.724402546412773,4.677424958585711,350,4,350,0.0002,10,0.05,8.709317207336426,14.216796875,0.4713030457496643,0.28777340054512024,0,0,0,0,0,0,1,2,8.709316730499268,14.216796875,50,4.957723052487043,4.960996500630863,4.963067523085978,7,0.005484079949761098,False,completed,7.437320232391357,14.216796875,0.05,0.01,,,1.8617021276595744,350,2.0032694339752197,67.6338,3.77,3.77,2.044384479522705,62.0701,3.77,3.77,1.5427477359771729,5.5691,3.771,3.771,7.413253664602583,8.709317207336426,14.216796875,8.709317207336426,14.216796875,8.709317207336426,14.216796875,7.724402546412773,8.709317207336426,14.216796875,8.709317207336426,14.216796875,8.709317207336426,14.216796875,4.677424958585711,8.709316730499268,14.216796875,8.709316730499268,14.216796875,8.709316730499268,14.216796875,4.957572942958214,4.9576254789717495,4.9612879771389995,0.002443334731333337,50,,,,,
llama3_8b_qlora_l40_protocol_v3_phase1_r16_seed43__1776443933,llama3_8b_qlora_l40_protocol_v3_phase1_r16_seed43,qlora,train_and_eval,protocol_v3,logging_v2,meta-llama/Meta-Llama-3-8B,True,False,43,16,32,350,8,1024,8.316989216966332,7.413253664602583,7.413253664602583,2688.7174,0.13,completed,outputs/experiments/protocol_v3/llama3_8b_qlora_l40_protocol_v3_phase1_r16_seed43/reports/comparison_row.json,outputs/experiments/protocol_v3/llama3_8b_qlora_l40_protocol_v3_phase1_r16_seed43/reports/metrics_history.jsonl,350,1.8617021276595744,system,2026-04-17T17:25:55.064168+00:00,,8.768091201782227,9.31640625,8.646641110051549,5.311128582088765,7.724402546412773,4.677424958585711,350,-0.9037355523637496,-0.9222385636387758,-0.6337036235030542,-0.9037355523637496,-0.9222385636387758,-0.6337036235030542,50,7.724402546412773,4.677424958585711,350,4,350,0.0002,10,0.05,8.709317207336426,14.216796875,0.4713030457496643,0.28777340054512024,0,0,0,0,0,0,1,2,8.709316730499268,14.216796875,50,4.957723052487043,4.960996500630863,4.963067523085978,7,0.005484079949761098,False,completed,7.437320232391357,14.216796875,0.05,0.01,,,1.8617021276595744,350,,,,,,,,,,,,,,,,,,,,,,,,,,,,,,,,,,,,,,,2688.7174,1.041,0.13,1.29343225331712e+17,1.9400848606654575
llama3_8b_qlora_l40_protocol_v3_phase1_r16_seed44__1776445865,llama3_8b_qlora_l40_protocol_v3_phase1_r16_seed44,qlora,train_and_eval,protocol_v3,logging_v2,meta-llama/Meta-Llama-3-8B,True,False,44,16,32,350,8,1024,8.316989216966332,7.412995620312591,7.412995620312591,2683.3983,0.13,completed,outputs/experiments/protocol_v3/llama3_8b_qlora_l40_protocol_v3_phase1_r16_seed44/reports/comparison_row.json,outputs/experiments/protocol_v3/llama3_8b_qlora_l40_protocol_v3_phase1_r16_seed44/reports/metrics_history.jsonl,10,0.05319148936170213,train_log,2026-04-17T17:58:00.969290+00:00,2.0843,8.768091201782227,9.31640625,8.646641110051549,5.311128582088765,7.724861128653589,4.671683609516331,350,-0.9039935966537413,-0.9217799813979601,-0.6394449725724334,-0.9039935966537413,-0.9217799813979601,-0.6394449725724334,50,7.724861128653589,4.671683609516331,350,4,350,0.0002,10,0.05,8.709317207336426,14.216796875,0.4724915623664856,0.29594549536705017,0,0,0,0,0,0,1,2,8.709316730499268,14.216796875,50,4.947077841673578,4.946913102674298,4.954447308663279,7,0.004762735490406029,False,completed,7.437320232391357,14.216796875,0.05,0.01,0.29594549536705017,0.00011111111111111112,0.05319148936170213,10,,,,,,,,,,,,,,,,,,,,,,,,,,,,,,,,,,,,,,,,,,,
llama3_8b_qlora_l40_protocol_v3_phase1_r16_seed44__1776445865,llama3_8b_qlora_l40_protocol_v3_phase1_r16_seed44,qlora,train_and_eval,protocol_v3,logging_v2,meta-llama/Meta-Llama-3-8B,True,False,44,16,32,350,8,1024,8.316989216966332,7.412995620312591,7.412995620312591,2683.3983,0.13,completed,outputs/experiments/protocol_v3/llama3_8b_qlora_l40_protocol_v3_phase1_r16_seed44/reports/comparison_row.json,outputs/experiments/protocol_v3/llama3_8b_qlora_l40_protocol_v3_phase1_r16_seed44/reports/metrics_history.jsonl,20,0.10638297872340426,train_log,2026-04-17T17:58:00.969316+00:00,2.1043,8.768091201782227,9.31640625,8.646641110051549,5.311128582088765,7.724861128653589,4.671683609516331,350,-0.9039935966537413,-0.9217799813979601,-0.6394449725724334,-0.9039935966537413,-0.9217799813979601,-0.6394449725724334,50,7.724861128653589,4.671683609516331,350,4,350,0.0002,10,0.05,8.709317207336426,14.216796875,0.4724915623664856,0.29594549536705017,0,0,0,0,0,0,1,2,8.709316730499268,14.216796875,50,4.947077841673578,4.946913102674298,4.954447308663279,7,0.004762735490406029,False,completed,7.437320232391357,14.216796875,0.05,0.01,0.35754162073135376,0.00019879518072289158,0.10638297872340426,20,,,,,,,,,,,,,,,,,,,,,,,,,,,,,,,,,,,,,,,,,,,
llama3_8b_qlora_l40_protocol_v3_phase1_r16_seed44__1776445865,llama3_8b_qlora_l40_protocol_v3_phase1_r16_seed44,qlora,train_and_eval,protocol_v3,logging_v2,meta-llama/Meta-Llama-3-8B,True,False,44,16,32,350,8,1024,8.316989216966332,7.412995620312591,7.412995620312591,2683.3983,0.13,completed,outputs/experiments/protocol_v3/llama3_8b_qlora_l40_protocol_v3_phase1_r16_seed44/reports/comparison_row.json,outputs/experiments/protocol_v3/llama3_8b_qlora_l40_protocol_v3_phase1_r16_seed44/reports/metrics_history.jsonl,30,0.1595744680851064,train_log,2026-04-17T17:58:00.969322+00:00,2.0155,8.768091201782227,9.31640625,8.646641110051549,5.311128582088765,7.724861128653589,4.671683609516331,350,-0.9039935966537413,-0.9217799813979601,-0.6394449725724334,-0.9039935966537413,-0.9217799813979601,-0.6394449725724334,50,7.724861128653589,4.671683609516331,350,4,350,0.0002,10,0.05,8.709317207336426,14.216796875,0.4724915623664856,0.29594549536705017,0,0,0,0,0,0,1,2,8.709316730499268,14.216796875,50,4.947077841673578,4.946913102674298,4.954447308663279,7,0.004762735490406029,False,completed,7.437320232391357,14.216796875,0.05,0.01,0.3449930250644684,0.00019277108433734942,0.1595744680851064,30,,,,,,,,,,,,,,,,,,,,,,,,,,,,,,,,,,,,,,,,,,,
llama3_8b_qlora_l40_protocol_v3_phase1_r16_seed44__1776445865,llama3_8b_qlora_l40_protocol_v3_phase1_r16_seed44,qlora,train_and_eval,protocol_v3,logging_v2,meta-llama/Meta-Llama-3-8B,True,False,44,16,32,350,8,1024,8.316989216966332,7.412995620312591,7.412995620312591,2683.3983,0.13,completed,outputs/experiments/protocol_v3/llama3_8b_qlora_l40_protocol_v3_phase1_r16_seed44/reports/comparison_row.json,outputs/experiments/protocol_v3/llama3_8b_qlora_l40_protocol_v3_phase1_r16_seed44/reports/metrics_history.jsonl,40,0.2127659574468085,train_log,2026-04-17T17:58:00.969327+00:00,1.9762,8.768091201782227,9.31640625,8.646641110051549,5.311128582088765,7.724861128653589,4.671683609516331,350,-0.9039935966537413,-0.9217799813979601,-0.6394449725724334,-0.9039935966537413,-0.9217799813979601,-0.6394449725724334,50,7.724861128653589,4.671683609516331,350,4,350,0.0002,10,0.05,8.709317207336426,14.216796875,0.4724915623664856,0.29594549536705017,0,0,0,0,0,0,1,2,8.709316730499268,14.216796875,50,4.947077841673578,4.946913102674298,4.954447308663279,7,0.004762735490406029,False,completed,7.437320232391357,14.216796875,0.05,0.01,0.3390713632106781,0.00018674698795180723,0.2127659574468085,40,,,,,,,,,,,,,,,,,,,,,,,,,,,,,,,,,,,,,,,,,,,
llama3_8b_qlora_l40_protocol_v3_phase1_r16_seed44__1776445865,llama3_8b_qlora_l40_protocol_v3_phase1_r16_seed44,qlora,train_and_eval,protocol_v3,logging_v2,meta-llama/Meta-Llama-3-8B,True,False,44,16,32,350,8,1024,8.316989216966332,7.412995620312591,7.412995620312591,2683.3983,0.13,completed,outputs/experiments/protocol_v3/llama3_8b_qlora_l40_protocol_v3_phase1_r16_seed44/reports/comparison_row.json,outputs/experiments/protocol_v3/llama3_8b_qlora_l40_protocol_v3_phase1_r16_seed44/reports/metrics_history.jsonl,50,0.26595744680851063,train_log,2026-04-17T17:58:00.969331+00:00,1.9787,8.768091201782227,9.31640625,8.646641110051549,5.311128582088765,7.724861128653589,4.671683609516331,350,-0.9039935966537413,-0.9217799813979601,-0.6394449725724334,-0.9039935966537413,-0.9217799813979601,-0.6394449725724334,50,7.724861128653589,4.671683609516331,350,4,350,0.0002,10,0.05,8.709317207336426,14.216796875,0.4724915623664856,0.29594549536705017,0,0,0,0,0,0,1,2,8.709316730499268,14.216796875,50,4.947077841673578,4.946913102674298,4.954447308663279,7,0.004762735490406029,False,completed,7.437320232391357,14.216796875,0.05,0.01,0.3402741253376007,0.00018072289156626507,0.26595744680851063,50,,,,,,,,,,,,,,,,,,,,,,,,,,,,,,,,,,,,,,,,,,,
llama3_8b_qlora_l40_protocol_v3_phase1_r16_seed44__1776445865,llama3_8b_qlora_l40_protocol_v3_phase1_r16_seed44,qlora,train_and_eval,protocol_v3,logging_v2,meta-llama/Meta-Llama-3-8B,True,False,44,16,32,350,8,1024,8.316989216966332,7.412995620312591,7.412995620312591,2683.3983,0.13,completed,outputs/experiments/protocol_v3/llama3_8b_qlora_l40_protocol_v3_phase1_r16_seed44/reports/comparison_row.json,outputs/experiments/protocol_v3/llama3_8b_qlora_l40_protocol_v3_phase1_r16_seed44/reports/metrics_history.jsonl,50,0.26595744680851063,eval,2026-04-17T17:58:00.969338+00:00,,8.768091201782227,9.31640625,8.646641110051549,5.311128582088765,7.724861128653589,4.671683609516331,350,-0.9039935966537413,-0.9217799813979601,-0.6394449725724334,-0.9039935966537413,-0.9217799813979601,-0.6394449725724334,50,7.724861128653589,4.671683609516331,350,4,350,0.0002,10,0.05,8.709317207336426,14.216796875,0.4724915623664856,0.29594549536705017,0,0,0,0,0,0,1,2,8.709316730499268,14.216796875,50,4.947077841673578,4.946913102674298,4.954447308663279,7,0.004762735490406029,False,completed,7.437320232391357,14.216796875,0.05,0.01,,,0.26595744680851063,50,2.043997049331665,67.6047,3.772,3.772,,,,,,,,,,,,,,,,,,,,,,,,,,,,,,,,,,,,,,,
llama3_8b_qlora_l40_protocol_v3_phase1_r16_seed44__1776445865,llama3_8b_qlora_l40_protocol_v3_phase1_r16_seed44,qlora,train_and_eval,protocol_v3,logging_v2,meta-llama/Meta-Llama-3-8B,True,False,44,16,32,350,8,1024,8.316989216966332,7.412995620312591,7.412995620312591,2683.3983,0.13,completed,outputs/experiments/protocol_v3/llama3_8b_qlora_l40_protocol_v3_phase1_r16_seed44/reports/comparison_row.json,outputs/experiments/protocol_v3/llama3_8b_qlora_l40_protocol_v3_phase1_r16_seed44/reports/metrics_history.jsonl,50,0.26595744680851063,eval,2026-04-17T17:58:00.969344+00:00,,8.768091201782227,9.31640625,8.646641110051549,5.311128582088765,7.724861128653589,4.671683609516331,350,-0.9039935966537413,-0.9217799813979601,-0.6394449725724334,-0.9039935966537413,-0.9217799813979601,-0.6394449725724334,50,7.724861128653589,4.671683609516331,350,4,350,0.0002,10,0.05,8.709317207336426,14.216796875,0.4724915623664856,0.29594549536705017,0,0,0,0,0,0,1,2,8.709316730499268,14.216796875,50,4.947077841673578,4.946913102674298,4.954447308663279,7,0.004762735490406029,False,completed,7.437320232391357,14.216796875,0.05,0.01,,,0.26595744680851063,50,,,,,2.083178997039795,62.0265,3.773,3.773,,,,,,,,,,,,,,,,,,,,,,,,,,,,,,,,,,,
llama3_8b_qlora_l40_protocol_v3_phase1_r16_seed44__1776445865,llama3_8b_qlora_l40_protocol_v3_phase1_r16_seed44,qlora,train_and_eval,protocol_v3,logging_v2,meta-llama/Meta-Llama-3-8B,True,False,44,16,32,350,8,1024,8.316989216966332,7.412995620312591,7.412995620312591,2683.3983,0.13,completed,outputs/experiments/protocol_v3/llama3_8b_qlora_l40_protocol_v3_phase1_r16_seed44/reports/comparison_row.json,outputs/experiments/protocol_v3/llama3_8b_qlora_l40_protocol_v3_phase1_r16_seed44/reports/metrics_history.jsonl,50,0.26595744680851063,eval,2026-04-17T17:58:00.969352+00:00,,8.768091201782227,9.31640625,8.646641110051549,5.311128582088765,7.724861128653589,4.671683609516331,350,-0.9039935966537413,-0.9217799813979601,-0.6394449725724334,-0.9039935966537413,-0.9217799813979601,-0.6394449725724334,50,7.724861128653589,4.671683609516331,350,4,350,0.0002,10,0.05,8.709317207336426,14.216796875,0.4724915623664856,0.29594549536705017,0,0,0,0,0,0,1,2,8.709316730499268,14.216796875,50,4.947077841673578,4.946913102674298,4.954447308663279,7,0.004762735490406029,False,completed,7.437320232391357,14.216796875,0.05,0.01,,,0.26595744680851063,50,,,,,,,,,1.6010888814926147,5.5723,3.769,3.769,,,,,,,,,,,,,,,,,,,,,,,,,,,,,,,
llama3_8b_qlora_l40_protocol_v3_phase1_r16_seed44__1776445865,llama3_8b_qlora_l40_protocol_v3_phase1_r16_seed44,qlora,train_and_eval,protocol_v3,logging_v2,meta-llama/Meta-Llama-3-8B,True,False,44,16,32,350,8,1024,8.316989216966332,7.412995620312591,7.412995620312591,2683.3983,0.13,completed,outputs/experiments/protocol_v3/llama3_8b_qlora_l40_protocol_v3_phase1_r16_seed44/reports/comparison_row.json,outputs/experiments/protocol_v3/llama3_8b_qlora_l40_protocol_v3_phase1_r16_seed44/reports/metrics_history.jsonl,50,0.26595744680851063,eval,2026-04-17T17:58:00.969363+00:00,,8.768091201782227,9.31640625,8.646641110051549,5.311128582088765,7.724861128653589,4.671683609516331,350,-0.9039935966537413,-0.9217799813979601,-0.6394449725724334,-0.9039935966537413,-0.9217799813979601,-0.6394449725724334,50,7.724861128653589,4.671683609516331,350,4,350,0.0002,10,0.05,8.709317207336426,14.216796875,0.4724915623664856,0.29594549536705017,0,0,0,0,0,0,1,2,8.709316730499268,14.216796875,50,4.947077841673578,4.946913102674298,4.954447308663279,7,0.004762735490406029,False,completed,7.437320232391357,14.216796875,0.05,0.01,,,0.26595744680851063,50,2.043997049331665,67.6047,3.772,3.772,2.083178997039795,62.0265,3.773,3.773,1.6010888814926147,5.5723,3.769,3.769,7.721410459308412,8.709317207336426,14.216796875,8.709317207336426,14.216796875,8.709317207336426,14.216796875,8.029955586844254,8.709317207336426,14.216796875,8.709317207336426,14.216796875,8.709317207336426,14.216796875,4.958428627113822,8.709316730499268,14.216796875,8.709316730499268,14.216796875,8.709316730499268,14.216796875,4.951022506081499,4.946366487536579,4.951052631263155,0.03221717858602221,50,,,,,
llama3_8b_qlora_l40_protocol_v3_phase1_r16_seed44__1776445865,llama3_8b_qlora_l40_protocol_v3_phase1_r16_seed44,qlora,train_and_eval,protocol_v3,logging_v2,meta-llama/Meta-Llama-3-8B,True,False,44,16,32,350,8,1024,8.316989216966332,7.412995620312591,7.412995620312591,2683.3983,0.13,completed,outputs/experiments/protocol_v3/llama3_8b_qlora_l40_protocol_v3_phase1_r16_seed44/reports/comparison_row.json,outputs/experiments/protocol_v3/llama3_8b_qlora_l40_protocol_v3_phase1_r16_seed44/reports/metrics_history.jsonl,60,0.3191489361702128,train_log,2026-04-17T17:58:00.969373+00:00,1.8951,8.768091201782227,9.31640625,8.646641110051549,5.311128582088765,7.724861128653589,4.671683609516331,350,-0.9039935966537413,-0.9217799813979601,-0.6394449725724334,-0.9039935966537413,-0.9217799813979601,-0.6394449725724334,50,7.724861128653589,4.671683609516331,350,4,350,0.0002,10,0.05,8.709317207336426,14.216796875,0.4724915623664856,0.29594549536705017,0,0,0,0,0,0,1,2,8.709316730499268,14.216796875,50,4.947077841673578,4.946913102674298,4.954447308663279,7,0.004762735490406029,False,completed,7.437320232391357,14.216796875,0.05,0.01,0.33901357650756836,0.0001746987951807229,0.3191489361702128,60,,,,,,,,,,,,,,,,,,,,,,,,,,,,,,,,,,,,,,,,,,,
llama3_8b_qlora_l40_protocol_v3_phase1_r16_seed44__1776445865,llama3_8b_qlora_l40_protocol_v3_phase1_r16_seed44,qlora,train_and_eval,protocol_v3,logging_v2,meta-llama/Meta-Llama-3-8B,True,False,44,16,32,350,8,1024,8.316989216966332,7.412995620312591,7.412995620312591,2683.3983,0.13,completed,outputs/experiments/protocol_v3/llama3_8b_qlora_l40_protocol_v3_phase1_r16_seed44/reports/comparison_row.json,outputs/experiments/protocol_v3/llama3_8b_qlora_l40_protocol_v3_phase1_r16_seed44/reports/metrics_history.jsonl,70,0.3723404255319149,train_log,2026-04-17T17:58:00.969377+00:00,1.9401,8.768091201782227,9.31640625,8.646641110051549,5.311128582088765,7.724861128653589,4.671683609516331,350,-0.9039935966537413,-0.9217799813979601,-0.6394449725724334,-0.9039935966537413,-0.9217799813979601,-0.6394449725724334,50,7.724861128653589,4.671683609516331,350,4,350,0.0002,10,0.05,8.709317207336426,14.216796875,0.4724915623664856,0.29594549536705017,0,0,0,0,0,0,1,2,8.709316730499268,14.216796875,50,4.947077841673578,4.946913102674298,4.954447308663279,7,0.004762735490406029,False,completed,7.437320232391357,14.216796875,0.05,0.01,0.3449462652206421,0.00016867469879518074,0.3723404255319149,70,,,,,,,,,,,,,,,,,,,,,,,,,,,,,,,,,,,,,,,,,,,
llama3_8b_qlora_l40_protocol_v3_phase1_r16_seed44__1776445865,llama3_8b_qlora_l40_protocol_v3_phase1_r16_seed44,qlora,train_and_eval,protocol_v3,logging_v2,meta-llama/Meta-Llama-3-8B,True,False,44,16,32,350,8,1024,8.316989216966332,7.412995620312591,7.412995620312591,2683.3983,0.13,completed,outputs/experiments/protocol_v3/llama3_8b_qlora_l40_protocol_v3_phase1_r16_seed44/reports/comparison_row.json,outputs/experiments/protocol_v3/llama3_8b_qlora_l40_protocol_v3_phase1_r16_seed44/reports/metrics_history.jsonl,80,0.425531914893617,train_log,2026-04-17T17:58:00.969382+00:00,1.999,8.768091201782227,9.31640625,8.646641110051549,5.311128582088765,7.724861128653589,4.671683609516331,350,-0.9039935966537413,-0.9217799813979601,-0.6394449725724334,-0.9039935966537413,-0.9217799813979601,-0.6394449725724334,50,7.724861128653589,4.671683609516331,350,4,350,0.0002,10,0.05,8.709317207336426,14.216796875,0.4724915623664856,0.29594549536705017,0,0,0,0,0,0,1,2,8.709316730499268,14.216796875,50,4.947077841673578,4.946913102674298,4.954447308663279,7,0.004762735490406029,False,completed,7.437320232391357,14.216796875,0.05,0.01,0.3190266788005829,0.00016265060240963855,0.425531914893617,80,,,,,,,,,,,,,,,,,,,,,,,,,,,,,,,,,,,,,,,,,,,
llama3_8b_qlora_l40_protocol_v3_phase1_r16_seed44__1776445865,llama3_8b_qlora_l40_protocol_v3_phase1_r16_seed44,qlora,train_and_eval,protocol_v3,logging_v2,meta-llama/Meta-Llama-3-8B,True,False,44,16,32,350,8,1024,8.316989216966332,7.412995620312591,7.412995620312591,2683.3983,0.13,completed,outputs/experiments/protocol_v3/llama3_8b_qlora_l40_protocol_v3_phase1_r16_seed44/reports/comparison_row.json,outputs/experiments/protocol_v3/llama3_8b_qlora_l40_protocol_v3_phase1_r16_seed44/reports/metrics_history.jsonl,90,0.4787234042553192,train_log,2026-04-17T17:58:00.969386+00:00,1.9667,8.768091201782227,9.31640625,8.646641110051549,5.311128582088765,7.724861128653589,4.671683609516331,350,-0.9039935966537413,-0.9217799813979601,-0.6394449725724334,-0.9039935966537413,-0.9217799813979601,-0.6394449725724334,50,7.724861128653589,4.671683609516331,350,4,350,0.0002,10,0.05,8.709317207336426,14.216796875,0.4724915623664856,0.29594549536705017,0,0,0,0,0,0,1,2,8.709316730499268,14.216796875,50,4.947077841673578,4.946913102674298,4.954447308663279,7,0.004762735490406029,False,completed,7.437320232391357,14.216796875,0.05,0.01,0.32024532556533813,0.0001566265060240964,0.4787234042553192,90,,,,,,,,,,,,,,,,,,,,,,,,,,,,,,,,,,,,,,,,,,,
llama3_8b_qlora_l40_protocol_v3_phase1_r16_seed44__1776445865,llama3_8b_qlora_l40_protocol_v3_phase1_r16_seed44,qlora,train_and_eval,protocol_v3,logging_v2,meta-llama/Meta-Llama-3-8B,True,False,44,16,32,350,8,1024,8.316989216966332,7.412995620312591,7.412995620312591,2683.3983,0.13,completed,outputs/experiments/protocol_v3/llama3_8b_qlora_l40_protocol_v3_phase1_r16_seed44/reports/comparison_row.json,outputs/experiments/protocol_v3/llama3_8b_qlora_l40_protocol_v3_phase1_r16_seed44/reports/metrics_history.jsonl,100,0.5319148936170213,train_log,2026-04-17T17:58:00.969390+00:00,1.9838,8.768091201782227,9.31640625,8.646641110051549,5.311128582088765,7.724861128653589,4.671683609516331,350,-0.9039935966537413,-0.9217799813979601,-0.6394449725724334,-0.9039935966537413,-0.9217799813979601,-0.6394449725724334,50,7.724861128653589,4.671683609516331,350,4,350,0.0002,10,0.05,8.709317207336426,14.216796875,0.4724915623664856,0.29594549536705017,0,0,0,0,0,0,1,2,8.709316730499268,14.216796875,50,4.947077841673578,4.946913102674298,4.954447308663279,7,0.004762735490406029,False,completed,7.437320232391357,14.216796875,0.05,0.01,0.3611680567264557,0.00015060240963855423,0.5319148936170213,100,,,,,,,,,,,,,,,,,,,,,,,,,,,,,,,,,,,,,,,,,,,
llama3_8b_qlora_l40_protocol_v3_phase1_r16_seed44__1776445865,llama3_8b_qlora_l40_protocol_v3_phase1_r16_seed44,qlora,train_and_eval,protocol_v3,logging_v2,meta-llama/Meta-Llama-3-8B,True,False,44,16,32,350,8,1024,8.316989216966332,7.412995620312591,7.412995620312591,2683.3983,0.13,completed,outputs/experiments/protocol_v3/llama3_8b_qlora_l40_protocol_v3_phase1_r16_seed44/reports/comparison_row.json,outputs/experiments/protocol_v3/llama3_8b_qlora_l40_protocol_v3_phase1_r16_seed44/reports/metrics_history.jsonl,100,0.5319148936170213,eval,2026-04-17T17:58:00.969394+00:00,,8.768091201782227,9.31640625,8.646641110051549,5.311128582088765,7.724861128653589,4.671683609516331,350,-0.9039935966537413,-0.9217799813979601,-0.6394449725724334,-0.9039935966537413,-0.9217799813979601,-0.6394449725724334,50,7.724861128653589,4.671683609516331,350,4,350,0.0002,10,0.05,8.709317207336426,14.216796875,0.4724915623664856,0.29594549536705017,0,0,0,0,0,0,1,2,8.709316730499268,14.216796875,50,4.947077841673578,4.946913102674298,4.954447308663279,7,0.004762735490406029,False,completed,7.437320232391357,14.216796875,0.05,0.01,,,0.5319148936170213,100,2.0238125324249268,67.5555,3.775,3.775,,,,,,,,,,,,,,,,,,,,,,,,,,,,,,,,,,,,,,,
llama3_8b_qlora_l40_protocol_v3_phase1_r16_seed44__1776445865,llama3_8b_qlora_l40_protocol_v3_phase1_r16_seed44,qlora,train_and_eval,protocol_v3,logging_v2,meta-llama/Meta-Llama-3-8B,True,False,44,16,32,350,8,1024,8.316989216966332,7.412995620312591,7.412995620312591,2683.3983,0.13,completed,outputs/experiments/protocol_v3/llama3_8b_qlora_l40_protocol_v3_phase1_r16_seed44/reports/comparison_row.json,outputs/experiments/protocol_v3/llama3_8b_qlora_l40_protocol_v3_phase1_r16_seed44/reports/metrics_history.jsonl,100,0.5319148936170213,eval,2026-04-17T17:58:00.969399+00:00,,8.768091201782227,9.31640625,8.646641110051549,5.311128582088765,7.724861128653589,4.671683609516331,350,-0.9039935966537413,-0.9217799813979601,-0.6394449725724334,-0.9039935966537413,-0.9217799813979601,-0.6394449725724334,50,7.724861128653589,4.671683609516331,350,4,350,0.0002,10,0.05,8.709317207336426,14.216796875,0.4724915623664856,0.29594549536705017,0,0,0,0,0,0,1,2,8.709316730499268,14.216796875,50,4.947077841673578,4.946913102674298,4.954447308663279,7,0.004762735490406029,False,completed,7.437320232391357,14.216796875,0.05,0.01,,,0.5319148936170213,100,,,,,2.0640971660614014,61.9926,3.775,3.775,,,,,,,,,,,,,,,,,,,,,,,,,,,,,,,,,,,
llama3_8b_qlora_l40_protocol_v3_phase1_r16_seed44__1776445865,llama3_8b_qlora_l40_protocol_v3_phase1_r16_seed44,qlora,train_and_eval,protocol_v3,logging_v2,meta-llama/Meta-Llama-3-8B,True,False,44,16,32,350,8,1024,8.316989216966332,7.412995620312591,7.412995620312591,2683.3983,0.13,completed,outputs/experiments/protocol_v3/llama3_8b_qlora_l40_protocol_v3_phase1_r16_seed44/reports/comparison_row.json,outputs/experiments/protocol_v3/llama3_8b_qlora_l40_protocol_v3_phase1_r16_seed44/reports/metrics_history.jsonl,100,0.5319148936170213,eval,2026-04-17T17:58:00.969403+00:00,,8.768091201782227,9.31640625,8.646641110051549,5.311128582088765,7.724861128653589,4.671683609516331,350,-0.9039935966537413,-0.9217799813979601,-0.6394449725724334,-0.9039935966537413,-0.9217799813979601,-0.6394449725724334,50,7.724861128653589,4.671683609516331,350,4,350,0.0002,10,0.05,8.709317207336426,14.216796875,0.4724915623664856,0.29594549536705017,0,0,0,0,0,0,1,2,8.709316730499268,14.216796875,50,4.947077841673578,4.946913102674298,4.954447308663279,7,0.004762735490406029,False,completed,7.437320232391357,14.216796875,0.05,0.01,,,0.5319148936170213,100,,,,,,,,,1.5710872411727905,5.5658,3.773,3.773,,,,,,,,,,,,,,,,,,,,,,,,,,,,,,,
llama3_8b_qlora_l40_protocol_v3_phase1_r16_seed44__1776445865,llama3_8b_qlora_l40_protocol_v3_phase1_r16_seed44,qlora,train_and_eval,protocol_v3,logging_v2,meta-llama/Meta-Llama-3-8B,True,False,44,16,32,350,8,1024,8.316989216966332,7.412995620312591,7.412995620312591,2683.3983,0.13,completed,outputs/experiments/protocol_v3/llama3_8b_qlora_l40_protocol_v3_phase1_r16_seed44/reports/comparison_row.json,outputs/experiments/protocol_v3/llama3_8b_qlora_l40_protocol_v3_phase1_r16_seed44/reports/metrics_history.jsonl,100,0.5319148936170213,eval,2026-04-17T17:58:00.969412+00:00,,8.768091201782227,9.31640625,8.646641110051549,5.311128582088765,7.724861128653589,4.671683609516331,350,-0.9039935966537413,-0.9217799813979601,-0.6394449725724334,-0.9039935966537413,-0.9217799813979601,-0.6394449725724334,50,7.724861128653589,4.671683609516331,350,4,350,0.0002,10,0.05,8.709317207336426,14.216796875,0.4724915623664856,0.29594549536705017,0,0,0,0,0,0,1,2,8.709316730499268,14.216796875,50,4.947077841673578,4.946913102674298,4.954447308663279,7,0.004762735490406029,False,completed,7.437320232391357,14.216796875,0.05,0.01,,,0.5319148936170213,100,2.0238125324249268,67.5555,3.775,3.775,2.0640971660614014,61.9926,3.775,3.775,1.5710872411727905,5.5658,3.773,3.773,7.567119897889678,8.709317207336426,14.216796875,8.709317207336426,14.216796875,8.709317207336426,14.216796875,7.878181995819132,8.709317207336426,14.216796875,8.709317207336426,14.216796875,8.709317207336426,14.216796875,4.811877021577926,8.709316730499268,14.216796875,8.709316730499268,14.216796875,8.709316730499268,14.216796875,4.943898699856363,4.9437267979374155,4.94591778368922,0.0014084285710022502,50,,,,,
llama3_8b_qlora_l40_protocol_v3_phase1_r16_seed44__1776445865,llama3_8b_qlora_l40_protocol_v3_phase1_r16_seed44,qlora,train_and_eval,protocol_v3,logging_v2,meta-llama/Meta-Llama-3-8B,True,False,44,16,32,350,8,1024,8.316989216966332,7.412995620312591,7.412995620312591,2683.3983,0.13,completed,outputs/experiments/protocol_v3/llama3_8b_qlora_l40_protocol_v3_phase1_r16_seed44/reports/comparison_row.json,outputs/experiments/protocol_v3/llama3_8b_qlora_l40_protocol_v3_phase1_r16_seed44/reports/metrics_history.jsonl,110,0.5851063829787234,train_log,2026-04-17T17:58:00.969421+00:00,2.0281,8.768091201782227,9.31640625,8.646641110051549,5.311128582088765,7.724861128653589,4.671683609516331,350,-0.9039935966537413,-0.9217799813979601,-0.6394449725724334,-0.9039935966537413,-0.9217799813979601,-0.6394449725724334,50,7.724861128653589,4.671683609516331,350,4,350,0.0002,10,0.05,8.709317207336426,14.216796875,0.4724915623664856,0.29594549536705017,0,0,0,0,0,0,1,2,8.709316730499268,14.216796875,50,4.947077841673578,4.946913102674298,4.954447308663279,7,0.004762735490406029,False,completed,7.437320232391357,14.216796875,0.05,0.01,0.3264566957950592,0.00014457831325301204,0.5851063829787234,110,,,,,,,,,,,,,,,,,,,,,,,,,,,,,,,,,,,,,,,,,,,
llama3_8b_qlora_l40_protocol_v3_phase1_r16_seed44__1776445865,llama3_8b_qlora_l40_protocol_v3_phase1_r16_seed44,qlora,train_and_eval,protocol_v3,logging_v2,meta-llama/Meta-Llama-3-8B,True,False,44,16,32,350,8,1024,8.316989216966332,7.412995620312591,7.412995620312591,2683.3983,0.13,completed,outputs/experiments/protocol_v3/llama3_8b_qlora_l40_protocol_v3_phase1_r16_seed44/reports/comparison_row.json,outputs/experiments/protocol_v3/llama3_8b_qlora_l40_protocol_v3_phase1_r16_seed44/reports/metrics_history.jsonl,120,0.6382978723404256,train_log,2026-04-17T17:58:00.969425+00:00,1.9664,8.768091201782227,9.31640625,8.646641110051549,5.311128582088765,7.724861128653589,4.671683609516331,350,-0.9039935966537413,-0.9217799813979601,-0.6394449725724334,-0.9039935966537413,-0.9217799813979601,-0.6394449725724334,50,7.724861128653589,4.671683609516331,350,4,350,0.0002,10,0.05,8.709317207336426,14.216796875,0.4724915623664856,0.29594549536705017,0,0,0,0,0,0,1,2,8.709316730499268,14.216796875,50,4.947077841673578,4.946913102674298,4.954447308663279,7,0.004762735490406029,False,completed,7.437320232391357,14.216796875,0.05,0.01,0.3420216739177704,0.00013855421686746988,0.6382978723404256,120,,,,,,,,,,,,,,,,,,,,,,,,,,,,,,,,,,,,,,,,,,,
llama3_8b_qlora_l40_protocol_v3_phase1_r16_seed44__1776445865,llama3_8b_qlora_l40_protocol_v3_phase1_r16_seed44,qlora,train_and_eval,protocol_v3,logging_v2,meta-llama/Meta-Llama-3-8B,True,False,44,16,32,350,8,1024,8.316989216966332,7.412995620312591,7.412995620312591,2683.3983,0.13,completed,outputs/experiments/protocol_v3/llama3_8b_qlora_l40_protocol_v3_phase1_r16_seed44/reports/comparison_row.json,outputs/experiments/protocol_v3/llama3_8b_qlora_l40_protocol_v3_phase1_r16_seed44/reports/metrics_history.jsonl,130,0.6914893617021277,train_log,2026-04-17T17:58:00.969430+00:00,1.9816,8.768091201782227,9.31640625,8.646641110051549,5.311128582088765,7.724861128653589,4.671683609516331,350,-0.9039935966537413,-0.9217799813979601,-0.6394449725724334,-0.9039935966537413,-0.9217799813979601,-0.6394449725724334,50,7.724861128653589,4.671683609516331,350,4,350,0.0002,10,0.05,8.709317207336426,14.216796875,0.4724915623664856,0.29594549536705017,0,0,0,0,0,0,1,2,8.709316730499268,14.216796875,50,4.947077841673578,4.946913102674298,4.954447308663279,7,0.004762735490406029,False,completed,7.437320232391357,14.216796875,0.05,0.01,0.34732070565223694,0.00013253012048192772,0.6914893617021277,130,,,,,,,,,,,,,,,,,,,,,,,,,,,,,,,,,,,,,,,,,,,
llama3_8b_qlora_l40_protocol_v3_phase1_r16_seed44__1776445865,llama3_8b_qlora_l40_protocol_v3_phase1_r16_seed44,qlora,train_and_eval,protocol_v3,logging_v2,meta-llama/Meta-Llama-3-8B,True,False,44,16,32,350,8,1024,8.316989216966332,7.412995620312591,7.412995620312591,2683.3983,0.13,completed,outputs/experiments/protocol_v3/llama3_8b_qlora_l40_protocol_v3_phase1_r16_seed44/reports/comparison_row.json,outputs/experiments/protocol_v3/llama3_8b_qlora_l40_protocol_v3_phase1_r16_seed44/reports/metrics_history.jsonl,140,0.7446808510638298,train_log,2026-04-17T17:58:00.969434+00:00,2.0139,8.768091201782227,9.31640625,8.646641110051549,5.311128582088765,7.724861128653589,4.671683609516331,350,-0.9039935966537413,-0.9217799813979601,-0.6394449725724334,-0.9039935966537413,-0.9217799813979601,-0.6394449725724334,50,7.724861128653589,4.671683609516331,350,4,350,0.0002,10,0.05,8.709317207336426,14.216796875,0.4724915623664856,0.29594549536705017,0,0,0,0,0,0,1,2,8.709316730499268,14.216796875,50,4.947077841673578,4.946913102674298,4.954447308663279,7,0.004762735490406029,False,completed,7.437320232391357,14.216796875,0.05,0.01,0.35704195499420166,0.00012650602409638556,0.7446808510638298,140,,,,,,,,,,,,,,,,,,,,,,,,,,,,,,,,,,,,,,,,,,,
llama3_8b_qlora_l40_protocol_v3_phase1_r16_seed44__1776445865,llama3_8b_qlora_l40_protocol_v3_phase1_r16_seed44,qlora,train_and_eval,protocol_v3,logging_v2,meta-llama/Meta-Llama-3-8B,True,False,44,16,32,350,8,1024,8.316989216966332,7.412995620312591,7.412995620312591,2683.3983,0.13,completed,outputs/experiments/protocol_v3/llama3_8b_qlora_l40_protocol_v3_phase1_r16_seed44/reports/comparison_row.json,outputs/experiments/protocol_v3/llama3_8b_qlora_l40_protocol_v3_phase1_r16_seed44/reports/metrics_history.jsonl,150,0.7978723404255319,train_log,2026-04-17T17:58:00.969438+00:00,1.9692,8.768091201782227,9.31640625,8.646641110051549,5.311128582088765,7.724861128653589,4.671683609516331,350,-0.9039935966537413,-0.9217799813979601,-0.6394449725724334,-0.9039935966537413,-0.9217799813979601,-0.6394449725724334,50,7.724861128653589,4.671683609516331,350,4,350,0.0002,10,0.05,8.709317207336426,14.216796875,0.4724915623664856,0.29594549536705017,0,0,0,0,0,0,1,2,8.709316730499268,14.216796875,50,4.947077841673578,4.946913102674298,4.954447308663279,7,0.004762735490406029,False,completed,7.437320232391357,14.216796875,0.05,0.01,0.3585146367549896,0.0001204819277108434,0.7978723404255319,150,,,,,,,,,,,,,,,,,,,,,,,,,,,,,,,,,,,,,,,,,,,
llama3_8b_qlora_l40_protocol_v3_phase1_r16_seed44__1776445865,llama3_8b_qlora_l40_protocol_v3_phase1_r16_seed44,qlora,train_and_eval,protocol_v3,logging_v2,meta-llama/Meta-Llama-3-8B,True,False,44,16,32,350,8,1024,8.316989216966332,7.412995620312591,7.412995620312591,2683.3983,0.13,completed,outputs/experiments/protocol_v3/llama3_8b_qlora_l40_protocol_v3_phase1_r16_seed44/reports/comparison_row.json,outputs/experiments/protocol_v3/llama3_8b_qlora_l40_protocol_v3_phase1_r16_seed44/reports/metrics_history.jsonl,150,0.7978723404255319,eval,2026-04-17T17:58:00.969443+00:00,,8.768091201782227,9.31640625,8.646641110051549,5.311128582088765,7.724861128653589,4.671683609516331,350,-0.9039935966537413,-0.9217799813979601,-0.6394449725724334,-0.9039935966537413,-0.9217799813979601,-0.6394449725724334,50,7.724861128653589,4.671683609516331,350,4,350,0.0002,10,0.05,8.709317207336426,14.216796875,0.4724915623664856,0.29594549536705017,0,0,0,0,0,0,1,2,8.709316730499268,14.216796875,50,4.947077841673578,4.946913102674298,4.954447308663279,7,0.004762735490406029,False,completed,7.437320232391357,14.216796875,0.05,0.01,,,0.7978723404255319,150,2.014759063720703,67.5054,3.777,3.777,,,,,,,,,,,,,,,,,,,,,,,,,,,,,,,,,,,,,,,
llama3_8b_qlora_l40_protocol_v3_phase1_r16_seed44__1776445865,llama3_8b_qlora_l40_protocol_v3_phase1_r16_seed44,qlora,train_and_eval,protocol_v3,logging_v2,meta-llama/Meta-Llama-3-8B,True,False,44,16,32,350,8,1024,8.316989216966332,7.412995620312591,7.412995620312591,2683.3983,0.13,completed,outputs/experiments/protocol_v3/llama3_8b_qlora_l40_protocol_v3_phase1_r16_seed44/reports/comparison_row.json,outputs/experiments/protocol_v3/llama3_8b_qlora_l40_protocol_v3_phase1_r16_seed44/reports/metrics_history.jsonl,150,0.7978723404255319,eval,2026-04-17T17:58:00.969447+00:00,,8.768091201782227,9.31640625,8.646641110051549,5.311128582088765,7.724861128653589,4.671683609516331,350,-0.9039935966537413,-0.9217799813979601,-0.6394449725724334,-0.9039935966537413,-0.9217799813979601,-0.6394449725724334,50,7.724861128653589,4.671683609516331,350,4,350,0.0002,10,0.05,8.709317207336426,14.216796875,0.4724915623664856,0.29594549536705017,0,0,0,0,0,0,1,2,8.709316730499268,14.216796875,50,4.947077841673578,4.946913102674298,4.954447308663279,7,0.004762735490406029,False,completed,7.437320232391357,14.216796875,0.05,0.01,,,0.7978723404255319,150,,,,,2.0550999641418457,61.9503,3.777,3.777,,,,,,,,,,,,,,,,,,,,,,,,,,,,,,,,,,,
llama3_8b_qlora_l40_protocol_v3_phase1_r16_seed44__1776445865,llama3_8b_qlora_l40_protocol_v3_phase1_r16_seed44,qlora,train_and_eval,protocol_v3,logging_v2,meta-llama/Meta-Llama-3-8B,True,False,44,16,32,350,8,1024,8.316989216966332,7.412995620312591,7.412995620312591,2683.3983,0.13,completed,outputs/experiments/protocol_v3/llama3_8b_qlora_l40_protocol_v3_phase1_r16_seed44/reports/comparison_row.json,outputs/experiments/protocol_v3/llama3_8b_qlora_l40_protocol_v3_phase1_r16_seed44/reports/metrics_history.jsonl,150,0.7978723404255319,eval,2026-04-17T17:58:00.969451+00:00,,8.768091201782227,9.31640625,8.646641110051549,5.311128582088765,7.724861128653589,4.671683609516331,350,-0.9039935966537413,-0.9217799813979601,-0.6394449725724334,-0.9039935966537413,-0.9217799813979601,-0.6394449725724334,50,7.724861128653589,4.671683609516331,350,4,350,0.0002,10,0.05,8.709317207336426,14.216796875,0.4724915623664856,0.29594549536705017,0,0,0,0,0,0,1,2,8.709316730499268,14.216796875,50,4.947077841673578,4.946913102674298,4.954447308663279,7,0.004762735490406029,False,completed,7.437320232391357,14.216796875,0.05,0.01,,,0.7978723404255319,150,,,,,,,,,1.562046766281128,5.5635,3.775,3.775,,,,,,,,,,,,,,,,,,,,,,,,,,,,,,,
llama3_8b_qlora_l40_protocol_v3_phase1_r16_seed44__1776445865,llama3_8b_qlora_l40_protocol_v3_phase1_r16_seed44,qlora,train_and_eval,protocol_v3,logging_v2,meta-llama/Meta-Llama-3-8B,True,False,44,16,32,350,8,1024,8.316989216966332,7.412995620312591,7.412995620312591,2683.3983,0.13,completed,outputs/experiments/protocol_v3/llama3_8b_qlora_l40_protocol_v3_phase1_r16_seed44/reports/comparison_row.json,outputs/experiments/protocol_v3/llama3_8b_qlora_l40_protocol_v3_phase1_r16_seed44/reports/metrics_history.jsonl,150,0.7978723404255319,eval,2026-04-17T17:58:00.969460+00:00,,8.768091201782227,9.31640625,8.646641110051549,5.311128582088765,7.724861128653589,4.671683609516331,350,-0.9039935966537413,-0.9217799813979601,-0.6394449725724334,-0.9039935966537413,-0.9217799813979601,-0.6394449725724334,50,7.724861128653589,4.671683609516331,350,4,350,0.0002,10,0.05,8.709317207336426,14.216796875,0.4724915623664856,0.29594549536705017,0,0,0,0,0,0,1,2,8.709316730499268,14.216796875,50,4.947077841673578,4.946913102674298,4.954447308663279,7,0.004762735490406029,False,completed,7.437320232391357,14.216796875,0.05,0.01,,,0.7978723404255319,150,2.014759063720703,67.5054,3.777,3.777,2.0550999641418457,61.9503,3.777,3.777,1.562046766281128,5.5635,3.775,3.775,7.498920401547933,8.709317207336426,14.216796875,8.709317207336426,14.216796875,8.709317207336426,14.216796875,7.807618315491866,8.709317207336426,14.216796875,8.709317207336426,14.216796875,8.709317207336426,14.216796875,4.768571414755695,8.709316730499268,14.216796875,8.709316730499268,14.216796875,8.709316730499268,14.216796875,4.940062361625023,4.940046684583649,4.941660391597543,0.0011530769272146354,50,,,,,
llama3_8b_qlora_l40_protocol_v3_phase1_r16_seed44__1776445865,llama3_8b_qlora_l40_protocol_v3_phase1_r16_seed44,qlora,train_and_eval,protocol_v3,logging_v2,meta-llama/Meta-Llama-3-8B,True,False,44,16,32,350,8,1024,8.316989216966332,7.412995620312591,7.412995620312591,2683.3983,0.13,completed,outputs/experiments/protocol_v3/llama3_8b_qlora_l40_protocol_v3_phase1_r16_seed44/reports/comparison_row.json,outputs/experiments/protocol_v3/llama3_8b_qlora_l40_protocol_v3_phase1_r16_seed44/reports/metrics_history.jsonl,160,0.851063829787234,train_log,2026-04-17T17:58:00.969468+00:00,1.9387,8.768091201782227,9.31640625,8.646641110051549,5.311128582088765,7.724861128653589,4.671683609516331,350,-0.9039935966537413,-0.9217799813979601,-0.6394449725724334,-0.9039935966537413,-0.9217799813979601,-0.6394449725724334,50,7.724861128653589,4.671683609516331,350,4,350,0.0002,10,0.05,8.709317207336426,14.216796875,0.4724915623664856,0.29594549536705017,0,0,0,0,0,0,1,2,8.709316730499268,14.216796875,50,4.947077841673578,4.946913102674298,4.954447308663279,7,0.004762735490406029,False,completed,7.437320232391357,14.216796875,0.05,0.01,0.35956940054893494,0.0001144578313253012,0.851063829787234,160,,,,,,,,,,,,,,,,,,,,,,,,,,,,,,,,,,,,,,,,,,,
llama3_8b_qlora_l40_protocol_v3_phase1_r16_seed44__1776445865,llama3_8b_qlora_l40_protocol_v3_phase1_r16_seed44,qlora,train_and_eval,protocol_v3,logging_v2,meta-llama/Meta-Llama-3-8B,True,False,44,16,32,350,8,1024,8.316989216966332,7.412995620312591,7.412995620312591,2683.3983,0.13,completed,outputs/experiments/protocol_v3/llama3_8b_qlora_l40_protocol_v3_phase1_r16_seed44/reports/comparison_row.json,outputs/experiments/protocol_v3/llama3_8b_qlora_l40_protocol_v3_phase1_r16_seed44/reports/metrics_history.jsonl,170,0.9042553191489362,train_log,2026-04-17T17:58:00.969472+00:00,1.9633,8.768091201782227,9.31640625,8.646641110051549,5.311128582088765,7.724861128653589,4.671683609516331,350,-0.9039935966537413,-0.9217799813979601,-0.6394449725724334,-0.9039935966537413,-0.9217799813979601,-0.6394449725724334,50,7.724861128653589,4.671683609516331,350,4,350,0.0002,10,0.05,8.709317207336426,14.216796875,0.4724915623664856,0.29594549536705017,0,0,0,0,0,0,1,2,8.709316730499268,14.216796875,50,4.947077841673578,4.946913102674298,4.954447308663279,7,0.004762735490406029,False,completed,7.437320232391357,14.216796875,0.05,0.01,0.3607495129108429,0.00010843373493975903,0.9042553191489362,170,,,,,,,,,,,,,,,,,,,,,,,,,,,,,,,,,,,,,,,,,,,
llama3_8b_qlora_l40_protocol_v3_phase1_r16_seed44__1776445865,llama3_8b_qlora_l40_protocol_v3_phase1_r16_seed44,qlora,train_and_eval,protocol_v3,logging_v2,meta-llama/Meta-Llama-3-8B,True,False,44,16,32,350,8,1024,8.316989216966332,7.412995620312591,7.412995620312591,2683.3983,0.13,completed,outputs/experiments/protocol_v3/llama3_8b_qlora_l40_protocol_v3_phase1_r16_seed44/reports/comparison_row.json,outputs/experiments/protocol_v3/llama3_8b_qlora_l40_protocol_v3_phase1_r16_seed44/reports/metrics_history.jsonl,180,0.9574468085106383,train_log,2026-04-17T17:58:00.969476+00:00,1.9902,8.768091201782227,9.31640625,8.646641110051549,5.311128582088765,7.724861128653589,4.671683609516331,350,-0.9039935966537413,-0.9217799813979601,-0.6394449725724334,-0.9039935966537413,-0.9217799813979601,-0.6394449725724334,50,7.724861128653589,4.671683609516331,350,4,350,0.0002,10,0.05,8.709317207336426,14.216796875,0.4724915623664856,0.29594549536705017,0,0,0,0,0,0,1,2,8.709316730499268,14.216796875,50,4.947077841673578,4.946913102674298,4.954447308663279,7,0.004762735490406029,False,completed,7.437320232391357,14.216796875,0.05,0.01,0.3409745395183563,0.00010240963855421688,0.9574468085106383,180,,,,,,,,,,,,,,,,,,,,,,,,,,,,,,,,,,,,,,,,,,,
llama3_8b_qlora_l40_protocol_v3_phase1_r16_seed44__1776445865,llama3_8b_qlora_l40_protocol_v3_phase1_r16_seed44,qlora,train_and_eval,protocol_v3,logging_v2,meta-llama/Meta-Llama-3-8B,True,False,44,16,32,350,8,1024,8.316989216966332,7.412995620312591,7.412995620312591,2683.3983,0.13,completed,outputs/experiments/protocol_v3/llama3_8b_qlora_l40_protocol_v3_phase1_r16_seed44/reports/comparison_row.json,outputs/experiments/protocol_v3/llama3_8b_qlora_l40_protocol_v3_phase1_r16_seed44/reports/metrics_history.jsonl,190,1.0106382978723405,train_log,2026-04-17T17:58:00.969480+00:00,1.9528,8.768091201782227,9.31640625,8.646641110051549,5.311128582088765,7.724861128653589,4.671683609516331,350,-0.9039935966537413,-0.9217799813979601,-0.6394449725724334,-0.9039935966537413,-0.9217799813979601,-0.6394449725724334,50,7.724861128653589,4.671683609516331,350,4,350,0.0002,10,0.05,8.709317207336426,14.216796875,0.4724915623664856,0.29594549536705017,0,0,0,0,0,0,1,2,8.709316730499268,14.216796875,50,4.947077841673578,4.946913102674298,4.954447308663279,7,0.004762735490406029,False,completed,7.437320232391357,14.216796875,0.05,0.01,0.44577616453170776,9.638554216867471e-05,1.0106382978723405,190,,,,,,,,,,,,,,,,,,,,,,,,,,,,,,,,,,,,,,,,,,,
llama3_8b_qlora_l40_protocol_v3_phase1_r16_seed44__1776445865,llama3_8b_qlora_l40_protocol_v3_phase1_r16_seed44,qlora,train_and_eval,protocol_v3,logging_v2,meta-llama/Meta-Llama-3-8B,True,False,44,16,32,350,8,1024,8.316989216966332,7.412995620312591,7.412995620312591,2683.3983,0.13,completed,outputs/experiments/protocol_v3/llama3_8b_qlora_l40_protocol_v3_phase1_r16_seed44/reports/comparison_row.json,outputs/experiments/protocol_v3/llama3_8b_qlora_l40_protocol_v3_phase1_r16_seed44/reports/metrics_history.jsonl,200,1.0638297872340425,train_log,2026-04-17T17:58:00.969484+00:00,1.9143,8.768091201782227,9.31640625,8.646641110051549,5.311128582088765,7.724861128653589,4.671683609516331,350,-0.9039935966537413,-0.9217799813979601,-0.6394449725724334,-0.9039935966537413,-0.9217799813979601,-0.6394449725724334,50,7.724861128653589,4.671683609516331,350,4,350,0.0002,10,0.05,8.709317207336426,14.216796875,0.4724915623664856,0.29594549536705017,0,0,0,0,0,0,1,2,8.709316730499268,14.216796875,50,4.947077841673578,4.946913102674298,4.954447308663279,7,0.004762735490406029,False,completed,7.437320232391357,14.216796875,0.05,0.01,0.3485938310623169,9.036144578313253e-05,1.0638297872340425,200,,,,,,,,,,,,,,,,,,,,,,,,,,,,,,,,,,,,,,,,,,,
llama3_8b_qlora_l40_protocol_v3_phase1_r16_seed44__1776445865,llama3_8b_qlora_l40_protocol_v3_phase1_r16_seed44,qlora,train_and_eval,protocol_v3,logging_v2,meta-llama/Meta-Llama-3-8B,True,False,44,16,32,350,8,1024,8.316989216966332,7.412995620312591,7.412995620312591,2683.3983,0.13,completed,outputs/experiments/protocol_v3/llama3_8b_qlora_l40_protocol_v3_phase1_r16_seed44/reports/comparison_row.json,outputs/experiments/protocol_v3/llama3_8b_qlora_l40_protocol_v3_phase1_r16_seed44/reports/metrics_history.jsonl,200,1.0638297872340425,eval,2026-04-17T17:58:00.969489+00:00,,8.768091201782227,9.31640625,8.646641110051549,5.311128582088765,7.724861128653589,4.671683609516331,350,-0.9039935966537413,-0.9217799813979601,-0.6394449725724334,-0.9039935966537413,-0.9217799813979601,-0.6394449725724334,50,7.724861128653589,4.671683609516331,350,4,350,0.0002,10,0.05,8.709317207336426,14.216796875,0.4724915623664856,0.29594549536705017,0,0,0,0,0,0,1,2,8.709316730499268,14.216796875,50,4.947077841673578,4.946913102674298,4.954447308663279,7,0.004762735490406029,False,completed,7.437320232391357,14.216796875,0.05,0.01,,,1.0638297872340425,200,2.0095558166503906,67.6462,3.77,3.77,,,,,,,,,,,,,,,,,,,,,,,,,,,,,,,,,,,,,,,
llama3_8b_qlora_l40_protocol_v3_phase1_r16_seed44__1776445865,llama3_8b_qlora_l40_protocol_v3_phase1_r16_seed44,qlora,train_and_eval,protocol_v3,logging_v2,meta-llama/Meta-Llama-3-8B,True,False,44,16,32,350,8,1024,8.316989216966332,7.412995620312591,7.412995620312591,2683.3983,0.13,completed,outputs/experiments/protocol_v3/llama3_8b_qlora_l40_protocol_v3_phase1_r16_seed44/reports/comparison_row.json,outputs/experiments/protocol_v3/llama3_8b_qlora_l40_protocol_v3_phase1_r16_seed44/reports/metrics_history.jsonl,200,1.0638297872340425,eval,2026-04-17T17:58:00.969493+00:00,,8.768091201782227,9.31640625,8.646641110051549,5.311128582088765,7.724861128653589,4.671683609516331,350,-0.9039935966537413,-0.9217799813979601,-0.6394449725724334,-0.9039935966537413,-0.9217799813979601,-0.6394449725724334,50,7.724861128653589,4.671683609516331,350,4,350,0.0002,10,0.05,8.709317207336426,14.216796875,0.4724915623664856,0.29594549536705017,0,0,0,0,0,0,1,2,8.709316730499268,14.216796875,50,4.947077841673578,4.946913102674298,4.954447308663279,7,0.004762735490406029,False,completed,7.437320232391357,14.216796875,0.05,0.01,,,1.0638297872340425,200,,,,,2.0505332946777344,62.1071,3.768,3.768,,,,,,,,,,,,,,,,,,,,,,,,,,,,,,,,,,,
llama3_8b_qlora_l40_protocol_v3_phase1_r16_seed44__1776445865,llama3_8b_qlora_l40_protocol_v3_phase1_r16_seed44,qlora,train_and_eval,protocol_v3,logging_v2,meta-llama/Meta-Llama-3-8B,True,False,44,16,32,350,8,1024,8.316989216966332,7.412995620312591,7.412995620312591,2683.3983,0.13,completed,outputs/experiments/protocol_v3/llama3_8b_qlora_l40_protocol_v3_phase1_r16_seed44/reports/comparison_row.json,outputs/experiments/protocol_v3/llama3_8b_qlora_l40_protocol_v3_phase1_r16_seed44/reports/metrics_history.jsonl,200,1.0638297872340425,eval,2026-04-17T17:58:00.969498+00:00,,8.768091201782227,9.31640625,8.646641110051549,5.311128582088765,7.724861128653589,4.671683609516331,350,-0.9039935966537413,-0.9217799813979601,-0.6394449725724334,-0.9039935966537413,-0.9217799813979601,-0.6394449725724334,50,7.724861128653589,4.671683609516331,350,4,350,0.0002,10,0.05,8.709317207336426,14.216796875,0.4724915623664856,0.29594549536705017,0,0,0,0,0,0,1,2,8.709316730499268,14.216796875,50,4.947077841673578,4.946913102674298,4.954447308663279,7,0.004762735490406029,False,completed,7.437320232391357,14.216796875,0.05,0.01,,,1.0638297872340425,200,,,,,,,,,1.5489962100982666,5.5792,3.764,3.764,,,,,,,,,,,,,,,,,,,,,,,,,,,,,,,
llama3_8b_qlora_l40_protocol_v3_phase1_r16_seed44__1776445865,llama3_8b_qlora_l40_protocol_v3_phase1_r16_seed44,qlora,train_and_eval,protocol_v3,logging_v2,meta-llama/Meta-Llama-3-8B,True,False,44,16,32,350,8,1024,8.316989216966332,7.412995620312591,7.412995620312591,2683.3983,0.13,completed,outputs/experiments/protocol_v3/llama3_8b_qlora_l40_protocol_v3_phase1_r16_seed44/reports/comparison_row.json,outputs/experiments/protocol_v3/llama3_8b_qlora_l40_protocol_v3_phase1_r16_seed44/reports/metrics_history.jsonl,200,1.0638297872340425,eval,2026-04-17T17:58:00.969506+00:00,,8.768091201782227,9.31640625,8.646641110051549,5.311128582088765,7.724861128653589,4.671683609516331,350,-0.9039935966537413,-0.9217799813979601,-0.6394449725724334,-0.9039935966537413,-0.9217799813979601,-0.6394449725724334,50,7.724861128653589,4.671683609516331,350,4,350,0.0002,10,0.05,8.709317207336426,14.216796875,0.4724915623664856,0.29594549536705017,0,0,0,0,0,0,1,2,8.709316730499268,14.216796875,50,4.947077841673578,4.946913102674298,4.954447308663279,7,0.004762735490406029,False,completed,7.437320232391357,14.216796875,0.05,0.01,,,1.0638297872340425,200,2.0095558166503906,67.6462,3.77,3.77,2.0505332946777344,62.1071,3.768,3.768,1.5489962100982666,5.5792,3.764,3.764,7.460003002163623,8.709317207336426,14.216796875,8.709317207336426,14.216796875,8.709317207336426,14.216796875,7.772044791428336,8.709317207336426,14.216796875,8.709317207336426,14.216796875,8.709317207336426,14.216796875,4.706743229230067,8.709316730499268,14.216796875,8.709316730499268,14.216796875,8.709316730499268,14.216796875,4.947058829832822,4.946708861389197,4.949149215372745,0.0014275645257869356,50,,,,,
llama3_8b_qlora_l40_protocol_v3_phase1_r16_seed44__1776445865,llama3_8b_qlora_l40_protocol_v3_phase1_r16_seed44,qlora,train_and_eval,protocol_v3,logging_v2,meta-llama/Meta-Llama-3-8B,True,False,44,16,32,350,8,1024,8.316989216966332,7.412995620312591,7.412995620312591,2683.3983,0.13,completed,outputs/experiments/protocol_v3/llama3_8b_qlora_l40_protocol_v3_phase1_r16_seed44/reports/comparison_row.json,outputs/experiments/protocol_v3/llama3_8b_qlora_l40_protocol_v3_phase1_r16_seed44/reports/metrics_history.jsonl,210,1.1170212765957448,train_log,2026-04-17T17:58:00.969514+00:00,1.8494,8.768091201782227,9.31640625,8.646641110051549,5.311128582088765,7.724861128653589,4.671683609516331,350,-0.9039935966537413,-0.9217799813979601,-0.6394449725724334,-0.9039935966537413,-0.9217799813979601,-0.6394449725724334,50,7.724861128653589,4.671683609516331,350,4,350,0.0002,10,0.05,8.709317207336426,14.216796875,0.4724915623664856,0.29594549536705017,0,0,0,0,0,0,1,2,8.709316730499268,14.216796875,50,4.947077841673578,4.946913102674298,4.954447308663279,7,0.004762735490406029,False,completed,7.437320232391357,14.216796875,0.05,0.01,0.41248226165771484,8.433734939759037e-05,1.1170212765957448,210,,,,,,,,,,,,,,,,,,,,,,,,,,,,,,,,,,,,,,,,,,,
llama3_8b_qlora_l40_protocol_v3_phase1_r16_seed44__1776445865,llama3_8b_qlora_l40_protocol_v3_phase1_r16_seed44,qlora,train_and_eval,protocol_v3,logging_v2,meta-llama/Meta-Llama-3-8B,True,False,44,16,32,350,8,1024,8.316989216966332,7.412995620312591,7.412995620312591,2683.3983,0.13,completed,outputs/experiments/protocol_v3/llama3_8b_qlora_l40_protocol_v3_phase1_r16_seed44/reports/comparison_row.json,outputs/experiments/protocol_v3/llama3_8b_qlora_l40_protocol_v3_phase1_r16_seed44/reports/metrics_history.jsonl,220,1.1702127659574468,train_log,2026-04-17T17:58:00.969519+00:00,1.9751,8.768091201782227,9.31640625,8.646641110051549,5.311128582088765,7.724861128653589,4.671683609516331,350,-0.9039935966537413,-0.9217799813979601,-0.6394449725724334,-0.9039935966537413,-0.9217799813979601,-0.6394449725724334,50,7.724861128653589,4.671683609516331,350,4,350,0.0002,10,0.05,8.709317207336426,14.216796875,0.4724915623664856,0.29594549536705017,0,0,0,0,0,0,1,2,8.709316730499268,14.216796875,50,4.947077841673578,4.946913102674298,4.954447308663279,7,0.004762735490406029,False,completed,7.437320232391357,14.216796875,0.05,0.01,0.37037238478660583,7.83132530120482e-05,1.1702127659574468,220,,,,,,,,,,,,,,,,,,,,,,,,,,,,,,,,,,,,,,,,,,,
llama3_8b_qlora_l40_protocol_v3_phase1_r16_seed44__1776445865,llama3_8b_qlora_l40_protocol_v3_phase1_r16_seed44,qlora,train_and_eval,protocol_v3,logging_v2,meta-llama/Meta-Llama-3-8B,True,False,44,16,32,350,8,1024,8.316989216966332,7.412995620312591,7.412995620312591,2683.3983,0.13,completed,outputs/experiments/protocol_v3/llama3_8b_qlora_l40_protocol_v3_phase1_r16_seed44/reports/comparison_row.json,outputs/experiments/protocol_v3/llama3_8b_qlora_l40_protocol_v3_phase1_r16_seed44/reports/metrics_history.jsonl,230,1.2234042553191489,train_log,2026-04-17T17:58:00.969523+00:00,1.8629,8.768091201782227,9.31640625,8.646641110051549,5.311128582088765,7.724861128653589,4.671683609516331,350,-0.9039935966537413,-0.9217799813979601,-0.6394449725724334,-0.9039935966537413,-0.9217799813979601,-0.6394449725724334,50,7.724861128653589,4.671683609516331,350,4,350,0.0002,10,0.05,8.709317207336426,14.216796875,0.4724915623664856,0.29594549536705017,0,0,0,0,0,0,1,2,8.709316730499268,14.216796875,50,4.947077841673578,4.946913102674298,4.954447308663279,7,0.004762735490406029,False,completed,7.437320232391357,14.216796875,0.05,0.01,0.3756377100944519,7.228915662650602e-05,1.2234042553191489,230,,,,,,,,,,,,,,,,,,,,,,,,,,,,,,,,,,,,,,,,,,,
llama3_8b_qlora_l40_protocol_v3_phase1_r16_seed44__1776445865,llama3_8b_qlora_l40_protocol_v3_phase1_r16_seed44,qlora,train_and_eval,protocol_v3,logging_v2,meta-llama/Meta-Llama-3-8B,True,False,44,16,32,350,8,1024,8.316989216966332,7.412995620312591,7.412995620312591,2683.3983,0.13,completed,outputs/experiments/protocol_v3/llama3_8b_qlora_l40_protocol_v3_phase1_r16_seed44/reports/comparison_row.json,outputs/experiments/protocol_v3/llama3_8b_qlora_l40_protocol_v3_phase1_r16_seed44/reports/metrics_history.jsonl,240,1.2765957446808511,train_log,2026-04-17T17:58:00.969527+00:00,1.9112,8.768091201782227,9.31640625,8.646641110051549,5.311128582088765,7.724861128653589,4.671683609516331,350,-0.9039935966537413,-0.9217799813979601,-0.6394449725724334,-0.9039935966537413,-0.9217799813979601,-0.6394449725724334,50,7.724861128653589,4.671683609516331,350,4,350,0.0002,10,0.05,8.709317207336426,14.216796875,0.4724915623664856,0.29594549536705017,0,0,0,0,0,0,1,2,8.709316730499268,14.216796875,50,4.947077841673578,4.946913102674298,4.954447308663279,7,0.004762735490406029,False,completed,7.437320232391357,14.216796875,0.05,0.01,0.3931756913661957,6.626506024096386e-05,1.2765957446808511,240,,,,,,,,,,,,,,,,,,,,,,,,,,,,,,,,,,,,,,,,,,,
llama3_8b_qlora_l40_protocol_v3_phase1_r16_seed44__1776445865,llama3_8b_qlora_l40_protocol_v3_phase1_r16_seed44,qlora,train_and_eval,protocol_v3,logging_v2,meta-llama/Meta-Llama-3-8B,True,False,44,16,32,350,8,1024,8.316989216966332,7.412995620312591,7.412995620312591,2683.3983,0.13,completed,outputs/experiments/protocol_v3/llama3_8b_qlora_l40_protocol_v3_phase1_r16_seed44/reports/comparison_row.json,outputs/experiments/protocol_v3/llama3_8b_qlora_l40_protocol_v3_phase1_r16_seed44/reports/metrics_history.jsonl,250,1.3297872340425532,train_log,2026-04-17T17:58:00.969531+00:00,1.8888,8.768091201782227,9.31640625,8.646641110051549,5.311128582088765,7.724861128653589,4.671683609516331,350,-0.9039935966537413,-0.9217799813979601,-0.6394449725724334,-0.9039935966537413,-0.9217799813979601,-0.6394449725724334,50,7.724861128653589,4.671683609516331,350,4,350,0.0002,10,0.05,8.709317207336426,14.216796875,0.4724915623664856,0.29594549536705017,0,0,0,0,0,0,1,2,8.709316730499268,14.216796875,50,4.947077841673578,4.946913102674298,4.954447308663279,7,0.004762735490406029,False,completed,7.437320232391357,14.216796875,0.05,0.01,0.40370598435401917,6.02409638554217e-05,1.3297872340425532,250,,,,,,,,,,,,,,,,,,,,,,,,,,,,,,,,,,,,,,,,,,,
llama3_8b_qlora_l40_protocol_v3_phase1_r16_seed44__1776445865,llama3_8b_qlora_l40_protocol_v3_phase1_r16_seed44,qlora,train_and_eval,protocol_v3,logging_v2,meta-llama/Meta-Llama-3-8B,True,False,44,16,32,350,8,1024,8.316989216966332,7.412995620312591,7.412995620312591,2683.3983,0.13,completed,outputs/experiments/protocol_v3/llama3_8b_qlora_l40_protocol_v3_phase1_r16_seed44/reports/comparison_row.json,outputs/experiments/protocol_v3/llama3_8b_qlora_l40_protocol_v3_phase1_r16_seed44/reports/metrics_history.jsonl,250,1.3297872340425532,eval,2026-04-17T17:58:00.969536+00:00,,8.768091201782227,9.31640625,8.646641110051549,5.311128582088765,7.724861128653589,4.671683609516331,350,-0.9039935966537413,-0.9217799813979601,-0.6394449725724334,-0.9039935966537413,-0.9217799813979601,-0.6394449725724334,50,7.724861128653589,4.671683609516331,350,4,350,0.0002,10,0.05,8.709317207336426,14.216796875,0.4724915623664856,0.29594549536705017,0,0,0,0,0,0,1,2,8.709316730499268,14.216796875,50,4.947077841673578,4.946913102674298,4.954447308663279,7,0.004762735490406029,False,completed,7.437320232391357,14.216796875,0.05,0.01,,,1.3297872340425532,250,2.006693124771118,67.6481,3.77,3.77,,,,,,,,,,,,,,,,,,,,,,,,,,,,,,,,,,,,,,,
llama3_8b_qlora_l40_protocol_v3_phase1_r16_seed44__1776445865,llama3_8b_qlora_l40_protocol_v3_phase1_r16_seed44,qlora,train_and_eval,protocol_v3,logging_v2,meta-llama/Meta-Llama-3-8B,True,False,44,16,32,350,8,1024,8.316989216966332,7.412995620312591,7.412995620312591,2683.3983,0.13,completed,outputs/experiments/protocol_v3/llama3_8b_qlora_l40_protocol_v3_phase1_r16_seed44/reports/comparison_row.json,outputs/experiments/protocol_v3/llama3_8b_qlora_l40_protocol_v3_phase1_r16_seed44/reports/metrics_history.jsonl,250,1.3297872340425532,eval,2026-04-17T17:58:00.969540+00:00,,8.768091201782227,9.31640625,8.646641110051549,5.311128582088765,7.724861128653589,4.671683609516331,350,-0.9039935966537413,-0.9217799813979601,-0.6394449725724334,-0.9039935966537413,-0.9217799813979601,-0.6394449725724334,50,7.724861128653589,4.671683609516331,350,4,350,0.0002,10,0.05,8.709317207336426,14.216796875,0.4724915623664856,0.29594549536705017,0,0,0,0,0,0,1,2,8.709316730499268,14.216796875,50,4.947077841673578,4.946913102674298,4.954447308663279,7,0.004762735490406029,False,completed,7.437320232391357,14.216796875,0.05,0.01,,,1.3297872340425532,250,,,,,2.0476717948913574,62.0693,3.77,3.77,,,,,,,,,,,,,,,,,,,,,,,,,,,,,,,,,,,
llama3_8b_qlora_l40_protocol_v3_phase1_r16_seed44__1776445865,llama3_8b_qlora_l40_protocol_v3_phase1_r16_seed44,qlora,train_and_eval,protocol_v3,logging_v2,meta-llama/Meta-Llama-3-8B,True,False,44,16,32,350,8,1024,8.316989216966332,7.412995620312591,7.412995620312591,2683.3983,0.13,completed,outputs/experiments/protocol_v3/llama3_8b_qlora_l40_protocol_v3_phase1_r16_seed44/reports/comparison_row.json,outputs/experiments/protocol_v3/llama3_8b_qlora_l40_protocol_v3_phase1_r16_seed44/reports/metrics_history.jsonl,250,1.3297872340425532,eval,2026-04-17T17:58:00.969545+00:00,,8.768091201782227,9.31640625,8.646641110051549,5.311128582088765,7.724861128653589,4.671683609516331,350,-0.9039935966537413,-0.9217799813979601,-0.6394449725724334,-0.9039935966537413,-0.9217799813979601,-0.6394449725724334,50,7.724861128653589,4.671683609516331,350,4,350,0.0002,10,0.05,8.709317207336426,14.216796875,0.4724915623664856,0.29594549536705017,0,0,0,0,0,0,1,2,8.709316730499268,14.216796875,50,4.947077841673578,4.946913102674298,4.954447308663279,7,0.004762735490406029,False,completed,7.437320232391357,14.216796875,0.05,0.01,,,1.3297872340425532,250,,,,,,,,,1.5468101501464844,5.5728,3.768,3.768,,,,,,,,,,,,,,,,,,,,,,,,,,,,,,,
llama3_8b_qlora_l40_protocol_v3_phase1_r16_seed44__1776445865,llama3_8b_qlora_l40_protocol_v3_phase1_r16_seed44,qlora,train_and_eval,protocol_v3,logging_v2,meta-llama/Meta-Llama-3-8B,True,False,44,16,32,350,8,1024,8.316989216966332,7.412995620312591,7.412995620312591,2683.3983,0.13,completed,outputs/experiments/protocol_v3/llama3_8b_qlora_l40_protocol_v3_phase1_r16_seed44/reports/comparison_row.json,outputs/experiments/protocol_v3/llama3_8b_qlora_l40_protocol_v3_phase1_r16_seed44/reports/metrics_history.jsonl,250,1.3297872340425532,eval,2026-04-17T17:58:00.969552+00:00,,8.768091201782227,9.31640625,8.646641110051549,5.311128582088765,7.724861128653589,4.671683609516331,350,-0.9039935966537413,-0.9217799813979601,-0.6394449725724334,-0.9039935966537413,-0.9217799813979601,-0.6394449725724334,50,7.724861128653589,4.671683609516331,350,4,350,0.0002,10,0.05,8.709317207336426,14.216796875,0.4724915623664856,0.29594549536705017,0,0,0,0,0,0,1,2,8.709316730499268,14.216796875,50,4.947077841673578,4.946913102674298,4.954447308663279,7,0.004762735490406029,False,completed,7.437320232391357,14.216796875,0.05,0.01,,,1.3297872340425532,250,2.006693124771118,67.6481,3.77,3.77,2.0476717948913574,62.0693,3.77,3.77,1.5468101501464844,5.5728,3.768,3.768,7.438677850382704,8.709317207336426,14.216796875,8.709317207336426,14.216796875,8.709317207336426,14.216796875,7.74983687604405,8.709317207336426,14.216796875,8.709317207336426,14.216796875,8.709317207336426,14.216796875,4.696465244591713,8.709316730499268,14.216796875,8.709316730499268,14.216796875,8.709316730499268,14.216796875,4.955915081198327,4.955522857489996,4.958483694435563,0.0015780578843384795,50,,,,,
llama3_8b_qlora_l40_protocol_v3_phase1_r16_seed44__1776445865,llama3_8b_qlora_l40_protocol_v3_phase1_r16_seed44,qlora,train_and_eval,protocol_v3,logging_v2,meta-llama/Meta-Llama-3-8B,True,False,44,16,32,350,8,1024,8.316989216966332,7.412995620312591,7.412995620312591,2683.3983,0.13,completed,outputs/experiments/protocol_v3/llama3_8b_qlora_l40_protocol_v3_phase1_r16_seed44/reports/comparison_row.json,outputs/experiments/protocol_v3/llama3_8b_qlora_l40_protocol_v3_phase1_r16_seed44/reports/metrics_history.jsonl,260,1.3829787234042552,train_log,2026-04-17T17:58:00.969561+00:00,1.8775,8.768091201782227,9.31640625,8.646641110051549,5.311128582088765,7.724861128653589,4.671683609516331,350,-0.9039935966537413,-0.9217799813979601,-0.6394449725724334,-0.9039935966537413,-0.9217799813979601,-0.6394449725724334,50,7.724861128653589,4.671683609516331,350,4,350,0.0002,10,0.05,8.709317207336426,14.216796875,0.4724915623664856,0.29594549536705017,0,0,0,0,0,0,1,2,8.709316730499268,14.216796875,50,4.947077841673578,4.946913102674298,4.954447308663279,7,0.004762735490406029,False,completed,7.437320232391357,14.216796875,0.05,0.01,0.3940275311470032,5.4216867469879516e-05,1.3829787234042552,260,,,,,,,,,,,,,,,,,,,,,,,,,,,,,,,,,,,,,,,,,,,
llama3_8b_qlora_l40_protocol_v3_phase1_r16_seed44__1776445865,llama3_8b_qlora_l40_protocol_v3_phase1_r16_seed44,qlora,train_and_eval,protocol_v3,logging_v2,meta-llama/Meta-Llama-3-8B,True,False,44,16,32,350,8,1024,8.316989216966332,7.412995620312591,7.412995620312591,2683.3983,0.13,completed,outputs/experiments/protocol_v3/llama3_8b_qlora_l40_protocol_v3_phase1_r16_seed44/reports/comparison_row.json,outputs/experiments/protocol_v3/llama3_8b_qlora_l40_protocol_v3_phase1_r16_seed44/reports/metrics_history.jsonl,270,1.4361702127659575,train_log,2026-04-17T17:58:00.969565+00:00,1.8827,8.768091201782227,9.31640625,8.646641110051549,5.311128582088765,7.724861128653589,4.671683609516331,350,-0.9039935966537413,-0.9217799813979601,-0.6394449725724334,-0.9039935966537413,-0.9217799813979601,-0.6394449725724334,50,7.724861128653589,4.671683609516331,350,4,350,0.0002,10,0.05,8.709317207336426,14.216796875,0.4724915623664856,0.29594549536705017,0,0,0,0,0,0,1,2,8.709316730499268,14.216796875,50,4.947077841673578,4.946913102674298,4.954447308663279,7,0.004762735490406029,False,completed,7.437320232391357,14.216796875,0.05,0.01,0.4490291476249695,4.8192771084337354e-05,1.4361702127659575,270,,,,,,,,,,,,,,,,,,,,,,,,,,,,,,,,,,,,,,,,,,,
llama3_8b_qlora_l40_protocol_v3_phase1_r16_seed44__1776445865,llama3_8b_qlora_l40_protocol_v3_phase1_r16_seed44,qlora,train_and_eval,protocol_v3,logging_v2,meta-llama/Meta-Llama-3-8B,True,False,44,16,32,350,8,1024,8.316989216966332,7.412995620312591,7.412995620312591,2683.3983,0.13,completed,outputs/experiments/protocol_v3/llama3_8b_qlora_l40_protocol_v3_phase1_r16_seed44/reports/comparison_row.json,outputs/experiments/protocol_v3/llama3_8b_qlora_l40_protocol_v3_phase1_r16_seed44/reports/metrics_history.jsonl,280,1.4893617021276595,train_log,2026-04-17T17:58:00.969569+00:00,1.8357,8.768091201782227,9.31640625,8.646641110051549,5.311128582088765,7.724861128653589,4.671683609516331,350,-0.9039935966537413,-0.9217799813979601,-0.6394449725724334,-0.9039935966537413,-0.9217799813979601,-0.6394449725724334,50,7.724861128653589,4.671683609516331,350,4,350,0.0002,10,0.05,8.709317207336426,14.216796875,0.4724915623664856,0.29594549536705017,0,0,0,0,0,0,1,2,8.709316730499268,14.216796875,50,4.947077841673578,4.946913102674298,4.954447308663279,7,0.004762735490406029,False,completed,7.437320232391357,14.216796875,0.05,0.01,0.4724915623664856,4.2168674698795186e-05,1.4893617021276595,280,,,,,,,,,,,,,,,,,,,,,,,,,,,,,,,,,,,,,,,,,,,
llama3_8b_qlora_l40_protocol_v3_phase1_r16_seed44__1776445865,llama3_8b_qlora_l40_protocol_v3_phase1_r16_seed44,qlora,train_and_eval,protocol_v3,logging_v2,meta-llama/Meta-Llama-3-8B,True,False,44,16,32,350,8,1024,8.316989216966332,7.412995620312591,7.412995620312591,2683.3983,0.13,completed,outputs/experiments/protocol_v3/llama3_8b_qlora_l40_protocol_v3_phase1_r16_seed44/reports/comparison_row.json,outputs/experiments/protocol_v3/llama3_8b_qlora_l40_protocol_v3_phase1_r16_seed44/reports/metrics_history.jsonl,290,1.5425531914893615,train_log,2026-04-17T17:58:00.969573+00:00,1.8568,8.768091201782227,9.31640625,8.646641110051549,5.311128582088765,7.724861128653589,4.671683609516331,350,-0.9039935966537413,-0.9217799813979601,-0.6394449725724334,-0.9039935966537413,-0.9217799813979601,-0.6394449725724334,50,7.724861128653589,4.671683609516331,350,4,350,0.0002,10,0.05,8.709317207336426,14.216796875,0.4724915623664856,0.29594549536705017,0,0,0,0,0,0,1,2,8.709316730499268,14.216796875,50,4.947077841673578,4.946913102674298,4.954447308663279,7,0.004762735490406029,False,completed,7.437320232391357,14.216796875,0.05,0.01,0.441526859998703,3.614457831325301e-05,1.5425531914893615,290,,,,,,,,,,,,,,,,,,,,,,,,,,,,,,,,,,,,,,,,,,,
llama3_8b_qlora_l40_protocol_v3_phase1_r16_seed44__1776445865,llama3_8b_qlora_l40_protocol_v3_phase1_r16_seed44,qlora,train_and_eval,protocol_v3,logging_v2,meta-llama/Meta-Llama-3-8B,True,False,44,16,32,350,8,1024,8.316989216966332,7.412995620312591,7.412995620312591,2683.3983,0.13,completed,outputs/experiments/protocol_v3/llama3_8b_qlora_l40_protocol_v3_phase1_r16_seed44/reports/comparison_row.json,outputs/experiments/protocol_v3/llama3_8b_qlora_l40_protocol_v3_phase1_r16_seed44/reports/metrics_history.jsonl,300,1.5957446808510638,train_log,2026-04-17T17:58:00.969577+00:00,1.8756,8.768091201782227,9.31640625,8.646641110051549,5.311128582088765,7.724861128653589,4.671683609516331,350,-0.9039935966537413,-0.9217799813979601,-0.6394449725724334,-0.9039935966537413,-0.9217799813979601,-0.6394449725724334,50,7.724861128653589,4.671683609516331,350,4,350,0.0002,10,0.05,8.709317207336426,14.216796875,0.4724915623664856,0.29594549536705017,0,0,0,0,0,0,1,2,8.709316730499268,14.216796875,50,4.947077841673578,4.946913102674298,4.954447308663279,7,0.004762735490406029,False,completed,7.437320232391357,14.216796875,0.05,0.01,0.43941739201545715,3.012048192771085e-05,1.5957446808510638,300,,,,,,,,,,,,,,,,,,,,,,,,,,,,,,,,,,,,,,,,,,,
llama3_8b_qlora_l40_protocol_v3_phase1_r16_seed44__1776445865,llama3_8b_qlora_l40_protocol_v3_phase1_r16_seed44,qlora,train_and_eval,protocol_v3,logging_v2,meta-llama/Meta-Llama-3-8B,True,False,44,16,32,350,8,1024,8.316989216966332,7.412995620312591,7.412995620312591,2683.3983,0.13,completed,outputs/experiments/protocol_v3/llama3_8b_qlora_l40_protocol_v3_phase1_r16_seed44/reports/comparison_row.json,outputs/experiments/protocol_v3/llama3_8b_qlora_l40_protocol_v3_phase1_r16_seed44/reports/metrics_history.jsonl,300,1.5957446808510638,eval,2026-04-17T17:58:00.969581+00:00,,8.768091201782227,9.31640625,8.646641110051549,5.311128582088765,7.724861128653589,4.671683609516331,350,-0.9039935966537413,-0.9217799813979601,-0.6394449725724334,-0.9039935966537413,-0.9217799813979601,-0.6394449725724334,50,7.724861128653589,4.671683609516331,350,4,350,0.0002,10,0.05,8.709317207336426,14.216796875,0.4724915623664856,0.29594549536705017,0,0,0,0,0,0,1,2,8.709316730499268,14.216796875,50,4.947077841673578,4.946913102674298,4.954447308663279,7,0.004762735490406029,False,completed,7.437320232391357,14.216796875,0.05,0.01,,,1.5957446808510638,300,2.005157947540283,67.5703,3.774,3.774,,,,,,,,,,,,,,,,,,,,,,,,,,,,,,,,,,,,,,,
llama3_8b_qlora_l40_protocol_v3_phase1_r16_seed44__1776445865,llama3_8b_qlora_l40_protocol_v3_phase1_r16_seed44,qlora,train_and_eval,protocol_v3,logging_v2,meta-llama/Meta-Llama-3-8B,True,False,44,16,32,350,8,1024,8.316989216966332,7.412995620312591,7.412995620312591,2683.3983,0.13,completed,outputs/experiments/protocol_v3/llama3_8b_qlora_l40_protocol_v3_phase1_r16_seed44/reports/comparison_row.json,outputs/experiments/protocol_v3/llama3_8b_qlora_l40_protocol_v3_phase1_r16_seed44/reports/metrics_history.jsonl,300,1.5957446808510638,eval,2026-04-17T17:58:00.969585+00:00,,8.768091201782227,9.31640625,8.646641110051549,5.311128582088765,7.724861128653589,4.671683609516331,350,-0.9039935966537413,-0.9217799813979601,-0.6394449725724334,-0.9039935966537413,-0.9217799813979601,-0.6394449725724334,50,7.724861128653589,4.671683609516331,350,4,350,0.0002,10,0.05,8.709317207336426,14.216796875,0.4724915623664856,0.29594549536705017,0,0,0,0,0,0,1,2,8.709316730499268,14.216796875,50,4.947077841673578,4.946913102674298,4.954447308663279,7,0.004762735490406029,False,completed,7.437320232391357,14.216796875,0.05,0.01,,,1.5957446808510638,300,,,,,2.0461833477020264,62.0059,3.774,3.774,,,,,,,,,,,,,,,,,,,,,,,,,,,,,,,,,,,
llama3_8b_qlora_l40_protocol_v3_phase1_r16_seed44__1776445865,llama3_8b_qlora_l40_protocol_v3_phase1_r16_seed44,qlora,train_and_eval,protocol_v3,logging_v2,meta-llama/Meta-Llama-3-8B,True,False,44,16,32,350,8,1024,8.316989216966332,7.412995620312591,7.412995620312591,2683.3983,0.13,completed,outputs/experiments/protocol_v3/llama3_8b_qlora_l40_protocol_v3_phase1_r16_seed44/reports/comparison_row.json,outputs/experiments/protocol_v3/llama3_8b_qlora_l40_protocol_v3_phase1_r16_seed44/reports/metrics_history.jsonl,300,1.5957446808510638,eval,2026-04-17T17:58:00.969589+00:00,,8.768091201782227,9.31640625,8.646641110051549,5.311128582088765,7.724861128653589,4.671683609516331,350,-0.9039935966537413,-0.9217799813979601,-0.6394449725724334,-0.9039935966537413,-0.9217799813979601,-0.6394449725724334,50,7.724861128653589,4.671683609516331,350,4,350,0.0002,10,0.05,8.709317207336426,14.216796875,0.4724915623664856,0.29594549536705017,0,0,0,0,0,0,1,2,8.709316730499268,14.216796875,50,4.947077841673578,4.946913102674298,4.954447308663279,7,0.004762735490406029,False,completed,7.437320232391357,14.216796875,0.05,0.01,,,1.5957446808510638,300,,,,,,,,,1.5455236434936523,5.5681,3.772,3.772,,,,,,,,,,,,,,,,,,,,,,,,,,,,,,,
llama3_8b_qlora_l40_protocol_v3_phase1_r16_seed44__1776445865,llama3_8b_qlora_l40_protocol_v3_phase1_r16_seed44,qlora,train_and_eval,protocol_v3,logging_v2,meta-llama/Meta-Llama-3-8B,True,False,44,16,32,350,8,1024,8.316989216966332,7.412995620312591,7.412995620312591,2683.3983,0.13,completed,outputs/experiments/protocol_v3/llama3_8b_qlora_l40_protocol_v3_phase1_r16_seed44/reports/comparison_row.json,outputs/experiments/protocol_v3/llama3_8b_qlora_l40_protocol_v3_phase1_r16_seed44/reports/metrics_history.jsonl,300,1.5957446808510638,eval,2026-04-17T17:58:00.969597+00:00,,8.768091201782227,9.31640625,8.646641110051549,5.311128582088765,7.724861128653589,4.671683609516331,350,-0.9039935966537413,-0.9217799813979601,-0.6394449725724334,-0.9039935966537413,-0.9217799813979601,-0.6394449725724334,50,7.724861128653589,4.671683609516331,350,4,350,0.0002,10,0.05,8.709317207336426,14.216796875,0.4724915623664856,0.29594549536705017,0,0,0,0,0,0,1,2,8.709316730499268,14.216796875,50,4.947077841673578,4.946913102674298,4.954447308663279,7,0.004762735490406029,False,completed,7.437320232391357,14.216796875,0.05,0.01,,,1.5957446808510638,300,2.005157947540283,67.5703,3.774,3.774,2.0461833477020264,62.0059,3.774,3.774,1.5455236434936523,5.5681,3.772,3.772,7.427266922658569,8.709317207336426,14.216796875,8.709317207336426,14.216796875,8.709317207336426,14.216796875,7.738310233655444,8.709317207336426,14.216796875,8.709317207336426,14.216796875,8.709317207336426,14.216796875,4.690427095701921,8.709316730499268,14.216796875,8.709316730499268,14.216796875,8.709316730499268,14.216796875,4.946913102674298,4.946969105978496,4.949360208609141,0.0016537263603735148,50,,,,,
llama3_8b_qlora_l40_protocol_v3_phase1_r16_seed44__1776445865,llama3_8b_qlora_l40_protocol_v3_phase1_r16_seed44,qlora,train_and_eval,protocol_v3,logging_v2,meta-llama/Meta-Llama-3-8B,True,False,44,16,32,350,8,1024,8.316989216966332,7.412995620312591,7.412995620312591,2683.3983,0.13,completed,outputs/experiments/protocol_v3/llama3_8b_qlora_l40_protocol_v3_phase1_r16_seed44/reports/comparison_row.json,outputs/experiments/protocol_v3/llama3_8b_qlora_l40_protocol_v3_phase1_r16_seed44/reports/metrics_history.jsonl,310,1.648936170212766,train_log,2026-04-17T17:58:00.969606+00:00,1.843,8.768091201782227,9.31640625,8.646641110051549,5.311128582088765,7.724861128653589,4.671683609516331,350,-0.9039935966537413,-0.9217799813979601,-0.6394449725724334,-0.9039935966537413,-0.9217799813979601,-0.6394449725724334,50,7.724861128653589,4.671683609516331,350,4,350,0.0002,10,0.05,8.709317207336426,14.216796875,0.4724915623664856,0.29594549536705017,0,0,0,0,0,0,1,2,8.709316730499268,14.216796875,50,4.947077841673578,4.946913102674298,4.954447308663279,7,0.004762735490406029,False,completed,7.437320232391357,14.216796875,0.05,0.01,0.439348965883255,2.4096385542168677e-05,1.648936170212766,310,,,,,,,,,,,,,,,,,,,,,,,,,,,,,,,,,,,,,,,,,,,
llama3_8b_qlora_l40_protocol_v3_phase1_r16_seed44__1776445865,llama3_8b_qlora_l40_protocol_v3_phase1_r16_seed44,qlora,train_and_eval,protocol_v3,logging_v2,meta-llama/Meta-Llama-3-8B,True,False,44,16,32,350,8,1024,8.316989216966332,7.412995620312591,7.412995620312591,2683.3983,0.13,completed,outputs/experiments/protocol_v3/llama3_8b_qlora_l40_protocol_v3_phase1_r16_seed44/reports/comparison_row.json,outputs/experiments/protocol_v3/llama3_8b_qlora_l40_protocol_v3_phase1_r16_seed44/reports/metrics_history.jsonl,320,1.702127659574468,train_log,2026-04-17T17:58:00.969610+00:00,1.8759,8.768091201782227,9.31640625,8.646641110051549,5.311128582088765,7.724861128653589,4.671683609516331,350,-0.9039935966537413,-0.9217799813979601,-0.6394449725724334,-0.9039935966537413,-0.9217799813979601,-0.6394449725724334,50,7.724861128653589,4.671683609516331,350,4,350,0.0002,10,0.05,8.709317207336426,14.216796875,0.4724915623664856,0.29594549536705017,0,0,0,0,0,0,1,2,8.709316730499268,14.216796875,50,4.947077841673578,4.946913102674298,4.954447308663279,7,0.004762735490406029,False,completed,7.437320232391357,14.216796875,0.05,0.01,0.4102417528629303,1.8072289156626505e-05,1.702127659574468,320,,,,,,,,,,,,,,,,,,,,,,,,,,,,,,,,,,,,,,,,,,,
llama3_8b_qlora_l40_protocol_v3_phase1_r16_seed44__1776445865,llama3_8b_qlora_l40_protocol_v3_phase1_r16_seed44,qlora,train_and_eval,protocol_v3,logging_v2,meta-llama/Meta-Llama-3-8B,True,False,44,16,32,350,8,1024,8.316989216966332,7.412995620312591,7.412995620312591,2683.3983,0.13,completed,outputs/experiments/protocol_v3/llama3_8b_qlora_l40_protocol_v3_phase1_r16_seed44/reports/comparison_row.json,outputs/experiments/protocol_v3/llama3_8b_qlora_l40_protocol_v3_phase1_r16_seed44/reports/metrics_history.jsonl,330,1.7553191489361701,train_log,2026-04-17T17:58:00.969614+00:00,1.8381,8.768091201782227,9.31640625,8.646641110051549,5.311128582088765,7.724861128653589,4.671683609516331,350,-0.9039935966537413,-0.9217799813979601,-0.6394449725724334,-0.9039935966537413,-0.9217799813979601,-0.6394449725724334,50,7.724861128653589,4.671683609516331,350,4,350,0.0002,10,0.05,8.709317207336426,14.216796875,0.4724915623664856,0.29594549536705017,0,0,0,0,0,0,1,2,8.709316730499268,14.216796875,50,4.947077841673578,4.946913102674298,4.954447308663279,7,0.004762735490406029,False,completed,7.437320232391357,14.216796875,0.05,0.01,0.44030845165252686,1.2048192771084338e-05,1.7553191489361701,330,,,,,,,,,,,,,,,,,,,,,,,,,,,,,,,,,,,,,,,,,,,
llama3_8b_qlora_l40_protocol_v3_phase1_r16_seed44__1776445865,llama3_8b_qlora_l40_protocol_v3_phase1_r16_seed44,qlora,train_and_eval,protocol_v3,logging_v2,meta-llama/Meta-Llama-3-8B,True,False,44,16,32,350,8,1024,8.316989216966332,7.412995620312591,7.412995620312591,2683.3983,0.13,completed,outputs/experiments/protocol_v3/llama3_8b_qlora_l40_protocol_v3_phase1_r16_seed44/reports/comparison_row.json,outputs/experiments/protocol_v3/llama3_8b_qlora_l40_protocol_v3_phase1_r16_seed44/reports/metrics_history.jsonl,340,1.8085106382978724,train_log,2026-04-17T17:58:00.969618+00:00,1.974,8.768091201782227,9.31640625,8.646641110051549,5.311128582088765,7.724861128653589,4.671683609516331,350,-0.9039935966537413,-0.9217799813979601,-0.6394449725724334,-0.9039935966537413,-0.9217799813979601,-0.6394449725724334,50,7.724861128653589,4.671683609516331,350,4,350,0.0002,10,0.05,8.709317207336426,14.216796875,0.4724915623664856,0.29594549536705017,0,0,0,0,0,0,1,2,8.709316730499268,14.216796875,50,4.947077841673578,4.946913102674298,4.954447308663279,7,0.004762735490406029,False,completed,7.437320232391357,14.216796875,0.05,0.01,0.4602935016155243,6.024096385542169e-06,1.8085106382978724,340,,,,,,,,,,,,,,,,,,,,,,,,,,,,,,,,,,,,,,,,,,,
llama3_8b_qlora_l40_protocol_v3_phase1_r16_seed44__1776445865,llama3_8b_qlora_l40_protocol_v3_phase1_r16_seed44,qlora,train_and_eval,protocol_v3,logging_v2,meta-llama/Meta-Llama-3-8B,True,False,44,16,32,350,8,1024,8.316989216966332,7.412995620312591,7.412995620312591,2683.3983,0.13,completed,outputs/experiments/protocol_v3/llama3_8b_qlora_l40_protocol_v3_phase1_r16_seed44/reports/comparison_row.json,outputs/experiments/protocol_v3/llama3_8b_qlora_l40_protocol_v3_phase1_r16_seed44/reports/metrics_history.jsonl,350,1.8617021276595744,train_log,2026-04-17T17:58:00.969622+00:00,1.8907,8.768091201782227,9.31640625,8.646641110051549,5.311128582088765,7.724861128653589,4.671683609516331,350,-0.9039935966537413,-0.9217799813979601,-0.6394449725724334,-0.9039935966537413,-0.9217799813979601,-0.6394449725724334,50,7.724861128653589,4.671683609516331,350,4,350,0.0002,10,0.05,8.709317207336426,14.216796875,0.4724915623664856,0.29594549536705017,0,0,0,0,0,0,1,2,8.709316730499268,14.216796875,50,4.947077841673578,4.946913102674298,4.954447308663279,7,0.004762735490406029,False,completed,7.437320232391357,14.216796875,0.05,0.01,0.4084046185016632,0.0,1.8617021276595744,350,,,,,,,,,,,,,,,,,,,,,,,,,,,,,,,,,,,,,,,,,,,
llama3_8b_qlora_l40_protocol_v3_phase1_r16_seed44__1776445865,llama3_8b_qlora_l40_protocol_v3_phase1_r16_seed44,qlora,train_and_eval,protocol_v3,logging_v2,meta-llama/Meta-Llama-3-8B,True,False,44,16,32,350,8,1024,8.316989216966332,7.412995620312591,7.412995620312591,2683.3983,0.13,completed,outputs/experiments/protocol_v3/llama3_8b_qlora_l40_protocol_v3_phase1_r16_seed44/reports/comparison_row.json,outputs/experiments/protocol_v3/llama3_8b_qlora_l40_protocol_v3_phase1_r16_seed44/reports/metrics_history.jsonl,350,1.8617021276595744,eval,2026-04-17T17:58:00.969626+00:00,,8.768091201782227,9.31640625,8.646641110051549,5.311128582088765,7.724861128653589,4.671683609516331,350,-0.9039935966537413,-0.9217799813979601,-0.6394449725724334,-0.9039935966537413,-0.9217799813979601,-0.6394449725724334,50,7.724861128653589,4.671683609516331,350,4,350,0.0002,10,0.05,8.709317207336426,14.216796875,0.4724915623664856,0.29594549536705017,0,0,0,0,0,0,1,2,8.709316730499268,14.216796875,50,4.947077841673578,4.946913102674298,4.954447308663279,7,0.004762735490406029,False,completed,7.437320232391357,14.216796875,0.05,0.01,,,1.8617021276595744,350,2.003234624862671,67.5717,3.774,3.774,,,,,,,,,,,,,,,,,,,,,,,,,,,,,,,,,,,,,,,
llama3_8b_qlora_l40_protocol_v3_phase1_r16_seed44__1776445865,llama3_8b_qlora_l40_protocol_v3_phase1_r16_seed44,qlora,train_and_eval,protocol_v3,logging_v2,meta-llama/Meta-Llama-3-8B,True,False,44,16,32,350,8,1024,8.316989216966332,7.412995620312591,7.412995620312591,2683.3983,0.13,completed,outputs/experiments/protocol_v3/llama3_8b_qlora_l40_protocol_v3_phase1_r16_seed44/reports/comparison_row.json,outputs/experiments/protocol_v3/llama3_8b_qlora_l40_protocol_v3_phase1_r16_seed44/reports/metrics_history.jsonl,350,1.8617021276595744,eval,2026-04-17T17:58:00.969631+00:00,,8.768091201782227,9.31640625,8.646641110051549,5.311128582088765,7.724861128653589,4.671683609516331,350,-0.9039935966537413,-0.9217799813979601,-0.6394449725724334,-0.9039935966537413,-0.9217799813979601,-0.6394449725724334,50,7.724861128653589,4.671683609516331,350,4,350,0.0002,10,0.05,8.709317207336426,14.216796875,0.4724915623664856,0.29594549536705017,0,0,0,0,0,0,1,2,8.709316730499268,14.216796875,50,4.947077841673578,4.946913102674298,4.954447308663279,7,0.004762735490406029,False,completed,7.437320232391357,14.216796875,0.05,0.01,,,1.8617021276595744,350,,,,,2.0444438457489014,62.0134,3.773,3.773,,,,,,,,,,,,,,,,,,,,,,,,,,,,,,,,,,,
llama3_8b_qlora_l40_protocol_v3_phase1_r16_seed44__1776445865,llama3_8b_qlora_l40_protocol_v3_phase1_r16_seed44,qlora,train_and_eval,protocol_v3,logging_v2,meta-llama/Meta-Llama-3-8B,True,False,44,16,32,350,8,1024,8.316989216966332,7.412995620312591,7.412995620312591,2683.3983,0.13,completed,outputs/experiments/protocol_v3/llama3_8b_qlora_l40_protocol_v3_phase1_r16_seed44/reports/comparison_row.json,outputs/experiments/protocol_v3/llama3_8b_qlora_l40_protocol_v3_phase1_r16_seed44/reports/metrics_history.jsonl,350,1.8617021276595744,eval,2026-04-17T17:58:00.969635+00:00,,8.768091201782227,9.31640625,8.646641110051549,5.311128582088765,7.724861128653589,4.671683609516331,350,-0.9039935966537413,-0.9217799813979601,-0.6394449725724334,-0.9039935966537413,-0.9217799813979601,-0.6394449725724334,50,7.724861128653589,4.671683609516331,350,4,350,0.0002,10,0.05,8.709317207336426,14.216796875,0.4724915623664856,0.29594549536705017,0,0,0,0,0,0,1,2,8.709316730499268,14.216796875,50,4.947077841673578,4.946913102674298,4.954447308663279,7,0.004762735490406029,False,completed,7.437320232391357,14.216796875,0.05,0.01,,,1.8617021276595744,350,,,,,,,,,1.5415195226669312,5.5705,3.77,3.77,,,,,,,,,,,,,,,,,,,,,,,,,,,,,,,
llama3_8b_qlora_l40_protocol_v3_phase1_r16_seed44__1776445865,llama3_8b_qlora_l40_protocol_v3_phase1_r16_seed44,qlora,train_and_eval,protocol_v3,logging_v2,meta-llama/Meta-Llama-3-8B,True,False,44,16,32,350,8,1024,8.316989216966332,7.412995620312591,7.412995620312591,2683.3983,0.13,completed,outputs/experiments/protocol_v3/llama3_8b_qlora_l40_protocol_v3_phase1_r16_seed44/reports/comparison_row.json,outputs/experiments/protocol_v3/llama3_8b_qlora_l40_protocol_v3_phase1_r16_seed44/reports/metrics_history.jsonl,350,1.8617021276595744,eval,2026-04-17T17:58:00.969643+00:00,,8.768091201782227,9.31640625,8.646641110051549,5.311128582088765,7.724861128653589,4.671683609516331,350,-0.9039935966537413,-0.9217799813979601,-0.6394449725724334,-0.9039935966537413,-0.9217799813979601,-0.6394449725724334,50,7.724861128653589,4.671683609516331,350,4,350,0.0002,10,0.05,8.709317207336426,14.216796875,0.4724915623664856,0.29594549536705017,0,0,0,0,0,0,1,2,8.709316730499268,14.216796875,50,4.947077841673578,4.946913102674298,4.954447308663279,7,0.004762735490406029,False,completed,7.437320232391357,14.216796875,0.05,0.01,,,1.8617021276595744,350,2.003234624862671,67.5717,3.774,3.774,2.0444438457489014,62.0134,3.773,3.773,1.5415195226669312,5.5705,3.77,3.77,7.412995620312591,8.709317207336426,14.216796875,8.709317207336426,14.216796875,8.709317207336426,14.216796875,7.724861128653589,8.709317207336426,14.216796875,8.709317207336426,14.216796875,8.709317207336426,14.216796875,4.671683609516331,8.709316730499268,14.216796875,8.709316730499268,14.216796875,8.709316730499268,14.216796875,4.944674310446717,4.944663525908254,4.945965920586605,0.0007860465154527873,50,,,,,
llama3_8b_qlora_l40_protocol_v3_phase1_r16_seed44__1776445865,llama3_8b_qlora_l40_protocol_v3_phase1_r16_seed44,qlora,train_and_eval,protocol_v3,logging_v2,meta-llama/Meta-Llama-3-8B,True,False,44,16,32,350,8,1024,8.316989216966332,7.412995620312591,7.412995620312591,2683.3983,0.13,completed,outputs/experiments/protocol_v3/llama3_8b_qlora_l40_protocol_v3_phase1_r16_seed44/reports/comparison_row.json,outputs/experiments/protocol_v3/llama3_8b_qlora_l40_protocol_v3_phase1_r16_seed44/reports/metrics_history.jsonl,350,1.8617021276595744,system,2026-04-17T17:58:00.969652+00:00,,8.768091201782227,9.31640625,8.646641110051549,5.311128582088765,7.724861128653589,4.671683609516331,350,-0.9039935966537413,-0.9217799813979601,-0.6394449725724334,-0.9039935966537413,-0.9217799813979601,-0.6394449725724334,50,7.724861128653589,4.671683609516331,350,4,350,0.0002,10,0.05,8.709317207336426,14.216796875,0.4724915623664856,0.29594549536705017,0,0,0,0,0,0,1,2,8.709316730499268,14.216796875,50,4.947077841673578,4.946913102674298,4.954447308663279,7,0.004762735490406029,False,completed,7.437320232391357,14.216796875,0.05,0.01,,,1.8617021276595744,350,,,,,,,,,,,,,,,,,,,,,,,,,,,,,,,,,,,,,,,2683.3983,1.043,0.13,1.29343225331712e+17,1.9399954114641462
llama3_8b_qlora_l40_protocol_v3_phase2_r32_seed42__1776439568,llama3_8b_qlora_l40_protocol_v3_phase2_r32_seed42,qlora,train_and_eval,protocol_v3,logging_v2,meta-llama/Meta-Llama-3-8B,True,False,42,32,64,350,8,1024,8.316989216966332,7.383336350400535,7.383336350400535,2677.0969,0.131,completed,outputs/experiments/protocol_v3/llama3_8b_qlora_l40_protocol_v3_phase2_r32_seed42/reports/comparison_row.json,outputs/experiments/protocol_v3/llama3_8b_qlora_l40_protocol_v3_phase2_r32_seed42/reports/metrics_history.jsonl,10,0.05319148936170213,train_log,2026-04-17T16:12:57.988031+00:00,2.0811,8.768091201782227,9.31640625,8.646641110051549,5.311128582088765,7.695913459123449,4.634540927893142,350,-0.9336528665657973,-0.9507276509281004,-0.6765876541956226,-0.9336528665657973,-0.9507276509281004,-0.6765876541956226,50,7.695913459123449,4.634540927893142,350,4,350,0.0002,10,0.05,8.887051582336426,14.470703125,0.4891490340232849,0.34433630108833313,0,0,0,0,0,0,1,2,8.887051105499268,14.470703125,50,4.932607258909515,4.934071354623884,4.938354517750442,7,0.005052985353064782,False,completed,7.589663982391357,14.470703125,0.05,0.01,0.40832823514938354,0.00011111111111111112,0.05319148936170213,10,,,,,,,,,,,,,,,,,,,,,,,,,,,,,,,,,,,,,,,,,,,
llama3_8b_qlora_l40_protocol_v3_phase2_r32_seed42__1776439568,llama3_8b_qlora_l40_protocol_v3_phase2_r32_seed42,qlora,train_and_eval,protocol_v3,logging_v2,meta-llama/Meta-Llama-3-8B,True,False,42,32,64,350,8,1024,8.316989216966332,7.383336350400535,7.383336350400535,2677.0969,0.131,completed,outputs/experiments/protocol_v3/llama3_8b_qlora_l40_protocol_v3_phase2_r32_seed42/reports/comparison_row.json,outputs/experiments/protocol_v3/llama3_8b_qlora_l40_protocol_v3_phase2_r32_seed42/reports/metrics_history.jsonl,20,0.10638297872340426,train_log,2026-04-17T16:12:57.988051+00:00,2.0945,8.768091201782227,9.31640625,8.646641110051549,5.311128582088765,7.695913459123449,4.634540927893142,350,-0.9336528665657973,-0.9507276509281004,-0.6765876541956226,-0.9336528665657973,-0.9507276509281004,-0.6765876541956226,50,7.695913459123449,4.634540927893142,350,4,350,0.0002,10,0.05,8.887051582336426,14.470703125,0.4891490340232849,0.34433630108833313,0,0,0,0,0,0,1,2,8.887051105499268,14.470703125,50,4.932607258909515,4.934071354623884,4.938354517750442,7,0.005052985353064782,False,completed,7.589663982391357,14.470703125,0.05,0.01,0.37661468982696533,0.00019879518072289158,0.10638297872340426,20,,,,,,,,,,,,,,,,,,,,,,,,,,,,,,,,,,,,,,,,,,,
llama3_8b_qlora_l40_protocol_v3_phase2_r32_seed42__1776439568,llama3_8b_qlora_l40_protocol_v3_phase2_r32_seed42,qlora,train_and_eval,protocol_v3,logging_v2,meta-llama/Meta-Llama-3-8B,True,False,42,32,64,350,8,1024,8.316989216966332,7.383336350400535,7.383336350400535,2677.0969,0.131,completed,outputs/experiments/protocol_v3/llama3_8b_qlora_l40_protocol_v3_phase2_r32_seed42/reports/comparison_row.json,outputs/experiments/protocol_v3/llama3_8b_qlora_l40_protocol_v3_phase2_r32_seed42/reports/metrics_history.jsonl,30,0.1595744680851064,train_log,2026-04-17T16:12:57.988057+00:00,2.0082,8.768091201782227,9.31640625,8.646641110051549,5.311128582088765,7.695913459123449,4.634540927893142,350,-0.9336528665657973,-0.9507276509281004,-0.6765876541956226,-0.9336528665657973,-0.9507276509281004,-0.6765876541956226,50,7.695913459123449,4.634540927893142,350,4,350,0.0002,10,0.05,8.887051582336426,14.470703125,0.4891490340232849,0.34433630108833313,0,0,0,0,0,0,1,2,8.887051105499268,14.470703125,50,4.932607258909515,4.934071354623884,4.938354517750442,7,0.005052985353064782,False,completed,7.589663982391357,14.470703125,0.05,0.01,0.3759683668613434,0.00019277108433734942,0.1595744680851064,30,,,,,,,,,,,,,,,,,,,,,,,,,,,,,,,,,,,,,,,,,,,
llama3_8b_qlora_l40_protocol_v3_phase2_r32_seed42__1776439568,llama3_8b_qlora_l40_protocol_v3_phase2_r32_seed42,qlora,train_and_eval,protocol_v3,logging_v2,meta-llama/Meta-Llama-3-8B,True,False,42,32,64,350,8,1024,8.316989216966332,7.383336350400535,7.383336350400535,2677.0969,0.131,completed,outputs/experiments/protocol_v3/llama3_8b_qlora_l40_protocol_v3_phase2_r32_seed42/reports/comparison_row.json,outputs/experiments/protocol_v3/llama3_8b_qlora_l40_protocol_v3_phase2_r32_seed42/reports/metrics_history.jsonl,40,0.2127659574468085,train_log,2026-04-17T16:12:57.988061+00:00,1.9703,8.768091201782227,9.31640625,8.646641110051549,5.311128582088765,7.695913459123449,4.634540927893142,350,-0.9336528665657973,-0.9507276509281004,-0.6765876541956226,-0.9336528665657973,-0.9507276509281004,-0.6765876541956226,50,7.695913459123449,4.634540927893142,350,4,350,0.0002,10,0.05,8.887051582336426,14.470703125,0.4891490340232849,0.34433630108833313,0,0,0,0,0,0,1,2,8.887051105499268,14.470703125,50,4.932607258909515,4.934071354623884,4.938354517750442,7,0.005052985353064782,False,completed,7.589663982391357,14.470703125,0.05,0.01,0.3613604009151459,0.00018674698795180723,0.2127659574468085,40,,,,,,,,,,,,,,,,,,,,,,,,,,,,,,,,,,,,,,,,,,,
llama3_8b_qlora_l40_protocol_v3_phase2_r32_seed42__1776439568,llama3_8b_qlora_l40_protocol_v3_phase2_r32_seed42,qlora,train_and_eval,protocol_v3,logging_v2,meta-llama/Meta-Llama-3-8B,True,False,42,32,64,350,8,1024,8.316989216966332,7.383336350400535,7.383336350400535,2677.0969,0.131,completed,outputs/experiments/protocol_v3/llama3_8b_qlora_l40_protocol_v3_phase2_r32_seed42/reports/comparison_row.json,outputs/experiments/protocol_v3/llama3_8b_qlora_l40_protocol_v3_phase2_r32_seed42/reports/metrics_history.jsonl,50,0.26595744680851063,train_log,2026-04-17T16:12:57.988065+00:00,1.9715,8.768091201782227,9.31640625,8.646641110051549,5.311128582088765,7.695913459123449,4.634540927893142,350,-0.9336528665657973,-0.9507276509281004,-0.6765876541956226,-0.9336528665657973,-0.9507276509281004,-0.6765876541956226,50,7.695913459123449,4.634540927893142,350,4,350,0.0002,10,0.05,8.887051582336426,14.470703125,0.4891490340232849,0.34433630108833313,0,0,0,0,0,0,1,2,8.887051105499268,14.470703125,50,4.932607258909515,4.934071354623884,4.938354517750442,7,0.005052985353064782,False,completed,7.589663982391357,14.470703125,0.05,0.01,0.3738538920879364,0.00018072289156626507,0.26595744680851063,50,,,,,,,,,,,,,,,,,,,,,,,,,,,,,,,,,,,,,,,,,,,
llama3_8b_qlora_l40_protocol_v3_phase2_r32_seed42__1776439568,llama3_8b_qlora_l40_protocol_v3_phase2_r32_seed42,qlora,train_and_eval,protocol_v3,logging_v2,meta-llama/Meta-Llama-3-8B,True,False,42,32,64,350,8,1024,8.316989216966332,7.383336350400535,7.383336350400535,2677.0969,0.131,completed,outputs/experiments/protocol_v3/llama3_8b_qlora_l40_protocol_v3_phase2_r32_seed42/reports/comparison_row.json,outputs/experiments/protocol_v3/llama3_8b_qlora_l40_protocol_v3_phase2_r32_seed42/reports/metrics_history.jsonl,50,0.26595744680851063,eval,2026-04-17T16:12:57.988071+00:00,,8.768091201782227,9.31640625,8.646641110051549,5.311128582088765,7.695913459123449,4.634540927893142,350,-0.9336528665657973,-0.9507276509281004,-0.6765876541956226,-0.9336528665657973,-0.9507276509281004,-0.6765876541956226,50,7.695913459123449,4.634540927893142,350,4,350,0.0002,10,0.05,8.887051582336426,14.470703125,0.4891490340232849,0.34433630108833313,0,0,0,0,0,0,1,2,8.887051105499268,14.470703125,50,4.932607258909515,4.934071354623884,4.938354517750442,7,0.005052985353064782,False,completed,7.589663982391357,14.470703125,0.05,0.01,,,0.26595744680851063,50,2.0378005504608154,67.3915,3.784,3.784,,,,,,,,,,,,,,,,,,,,,,,,,,,,,,,,,,,,,,,
llama3_8b_qlora_l40_protocol_v3_phase2_r32_seed42__1776439568,llama3_8b_qlora_l40_protocol_v3_phase2_r32_seed42,qlora,train_and_eval,protocol_v3,logging_v2,meta-llama/Meta-Llama-3-8B,True,False,42,32,64,350,8,1024,8.316989216966332,7.383336350400535,7.383336350400535,2677.0969,0.131,completed,outputs/experiments/protocol_v3/llama3_8b_qlora_l40_protocol_v3_phase2_r32_seed42/reports/comparison_row.json,outputs/experiments/protocol_v3/llama3_8b_qlora_l40_protocol_v3_phase2_r32_seed42/reports/metrics_history.jsonl,50,0.26595744680851063,eval,2026-04-17T16:12:57.988077+00:00,,8.768091201782227,9.31640625,8.646641110051549,5.311128582088765,7.695913459123449,4.634540927893142,350,-0.9336528665657973,-0.9507276509281004,-0.6765876541956226,-0.9336528665657973,-0.9507276509281004,-0.6765876541956226,50,7.695913459123449,4.634540927893142,350,4,350,0.0002,10,0.05,8.887051582336426,14.470703125,0.4891490340232849,0.34433630108833313,0,0,0,0,0,0,1,2,8.887051105499268,14.470703125,50,4.932607258909515,4.934071354623884,4.938354517750442,7,0.005052985353064782,False,completed,7.589663982391357,14.470703125,0.05,0.01,,,0.26595744680851063,50,,,,,2.0772321224212646,61.8364,3.784,3.784,,,,,,,,,,,,,,,,,,,,,,,,,,,,,,,,,,,
llama3_8b_qlora_l40_protocol_v3_phase2_r32_seed42__1776439568,llama3_8b_qlora_l40_protocol_v3_phase2_r32_seed42,qlora,train_and_eval,protocol_v3,logging_v2,meta-llama/Meta-Llama-3-8B,True,False,42,32,64,350,8,1024,8.316989216966332,7.383336350400535,7.383336350400535,2677.0969,0.131,completed,outputs/experiments/protocol_v3/llama3_8b_qlora_l40_protocol_v3_phase2_r32_seed42/reports/comparison_row.json,outputs/experiments/protocol_v3/llama3_8b_qlora_l40_protocol_v3_phase2_r32_seed42/reports/metrics_history.jsonl,50,0.26595744680851063,eval,2026-04-17T16:12:57.988083+00:00,,8.768091201782227,9.31640625,8.646641110051549,5.311128582088765,7.695913459123449,4.634540927893142,350,-0.9336528665657973,-0.9507276509281004,-0.6765876541956226,-0.9336528665657973,-0.9507276509281004,-0.6765876541956226,50,7.695913459123449,4.634540927893142,350,4,350,0.0002,10,0.05,8.887051582336426,14.470703125,0.4891490340232849,0.34433630108833313,0,0,0,0,0,0,1,2,8.887051105499268,14.470703125,50,4.932607258909515,4.934071354623884,4.938354517750442,7,0.005052985353064782,False,completed,7.589663982391357,14.470703125,0.05,0.01,,,0.26595744680851063,50,,,,,,,,,1.5930737257003784,5.5517,3.783,3.783,,,,,,,,,,,,,,,,,,,,,,,,,,,,,,,
llama3_8b_qlora_l40_protocol_v3_phase2_r32_seed42__1776439568,llama3_8b_qlora_l40_protocol_v3_phase2_r32_seed42,qlora,train_and_eval,protocol_v3,logging_v2,meta-llama/Meta-Llama-3-8B,True,False,42,32,64,350,8,1024,8.316989216966332,7.383336350400535,7.383336350400535,2677.0969,0.131,completed,outputs/experiments/protocol_v3/llama3_8b_qlora_l40_protocol_v3_phase2_r32_seed42/reports/comparison_row.json,outputs/experiments/protocol_v3/llama3_8b_qlora_l40_protocol_v3_phase2_r32_seed42/reports/metrics_history.jsonl,50,0.26595744680851063,eval,2026-04-17T16:12:57.988092+00:00,,8.768091201782227,9.31640625,8.646641110051549,5.311128582088765,7.695913459123449,4.634540927893142,350,-0.9336528665657973,-0.9507276509281004,-0.6765876541956226,-0.9336528665657973,-0.9507276509281004,-0.6765876541956226,50,7.695913459123449,4.634540927893142,350,4,350,0.0002,10,0.05,8.887051582336426,14.470703125,0.4891490340232849,0.34433630108833313,0,0,0,0,0,0,1,2,8.887051105499268,14.470703125,50,4.932607258909515,4.934071354623884,4.938354517750442,7,0.005052985353064782,False,completed,7.589663982391357,14.470703125,0.05,0.01,,,0.26595744680851063,50,2.0378005504608154,67.3915,3.784,3.784,2.0772321224212646,61.8364,3.784,3.784,1.5930737257003784,5.5517,3.783,3.783,7.6737126803519375,8.887051582336426,14.470703125,8.887051582336426,14.470703125,8.887051582336426,14.470703125,7.982344157692738,8.887051582336426,14.470703125,8.887051582336426,14.470703125,8.887051582336426,14.470703125,4.918844895982408,8.887051105499268,14.470703125,8.887051105499268,14.470703125,8.887051105499268,14.470703125,4.939636777732521,4.935313687077723,4.9389519580407075,0.033309764668216224,50,,,,,
llama3_8b_qlora_l40_protocol_v3_phase2_r32_seed42__1776439568,llama3_8b_qlora_l40_protocol_v3_phase2_r32_seed42,qlora,train_and_eval,protocol_v3,logging_v2,meta-llama/Meta-Llama-3-8B,True,False,42,32,64,350,8,1024,8.316989216966332,7.383336350400535,7.383336350400535,2677.0969,0.131,completed,outputs/experiments/protocol_v3/llama3_8b_qlora_l40_protocol_v3_phase2_r32_seed42/reports/comparison_row.json,outputs/experiments/protocol_v3/llama3_8b_qlora_l40_protocol_v3_phase2_r32_seed42/reports/metrics_history.jsonl,60,0.3191489361702128,train_log,2026-04-17T16:12:57.988101+00:00,1.8862,8.768091201782227,9.31640625,8.646641110051549,5.311128582088765,7.695913459123449,4.634540927893142,350,-0.9336528665657973,-0.9507276509281004,-0.6765876541956226,-0.9336528665657973,-0.9507276509281004,-0.6765876541956226,50,7.695913459123449,4.634540927893142,350,4,350,0.0002,10,0.05,8.887051582336426,14.470703125,0.4891490340232849,0.34433630108833313,0,0,0,0,0,0,1,2,8.887051105499268,14.470703125,50,4.932607258909515,4.934071354623884,4.938354517750442,7,0.005052985353064782,False,completed,7.589663982391357,14.470703125,0.05,0.01,0.37324708700180054,0.0001746987951807229,0.3191489361702128,60,,,,,,,,,,,,,,,,,,,,,,,,,,,,,,,,,,,,,,,,,,,
llama3_8b_qlora_l40_protocol_v3_phase2_r32_seed42__1776439568,llama3_8b_qlora_l40_protocol_v3_phase2_r32_seed42,qlora,train_and_eval,protocol_v3,logging_v2,meta-llama/Meta-Llama-3-8B,True,False,42,32,64,350,8,1024,8.316989216966332,7.383336350400535,7.383336350400535,2677.0969,0.131,completed,outputs/experiments/protocol_v3/llama3_8b_qlora_l40_protocol_v3_phase2_r32_seed42/reports/comparison_row.json,outputs/experiments/protocol_v3/llama3_8b_qlora_l40_protocol_v3_phase2_r32_seed42/reports/metrics_history.jsonl,70,0.3723404255319149,train_log,2026-04-17T16:12:57.988106+00:00,1.9317,8.768091201782227,9.31640625,8.646641110051549,5.311128582088765,7.695913459123449,4.634540927893142,350,-0.9336528665657973,-0.9507276509281004,-0.6765876541956226,-0.9336528665657973,-0.9507276509281004,-0.6765876541956226,50,7.695913459123449,4.634540927893142,350,4,350,0.0002,10,0.05,8.887051582336426,14.470703125,0.4891490340232849,0.34433630108833313,0,0,0,0,0,0,1,2,8.887051105499268,14.470703125,50,4.932607258909515,4.934071354623884,4.938354517750442,7,0.005052985353064782,False,completed,7.589663982391357,14.470703125,0.05,0.01,0.3623552620410919,0.00016867469879518074,0.3723404255319149,70,,,,,,,,,,,,,,,,,,,,,,,,,,,,,,,,,,,,,,,,,,,
llama3_8b_qlora_l40_protocol_v3_phase2_r32_seed42__1776439568,llama3_8b_qlora_l40_protocol_v3_phase2_r32_seed42,qlora,train_and_eval,protocol_v3,logging_v2,meta-llama/Meta-Llama-3-8B,True,False,42,32,64,350,8,1024,8.316989216966332,7.383336350400535,7.383336350400535,2677.0969,0.131,completed,outputs/experiments/protocol_v3/llama3_8b_qlora_l40_protocol_v3_phase2_r32_seed42/reports/comparison_row.json,outputs/experiments/protocol_v3/llama3_8b_qlora_l40_protocol_v3_phase2_r32_seed42/reports/metrics_history.jsonl,80,0.425531914893617,train_log,2026-04-17T16:12:57.988110+00:00,1.9918,8.768091201782227,9.31640625,8.646641110051549,5.311128582088765,7.695913459123449,4.634540927893142,350,-0.9336528665657973,-0.9507276509281004,-0.6765876541956226,-0.9336528665657973,-0.9507276509281004,-0.6765876541956226,50,7.695913459123449,4.634540927893142,350,4,350,0.0002,10,0.05,8.887051582336426,14.470703125,0.4891490340232849,0.34433630108833313,0,0,0,0,0,0,1,2,8.887051105499268,14.470703125,50,4.932607258909515,4.934071354623884,4.938354517750442,7,0.005052985353064782,False,completed,7.589663982391357,14.470703125,0.05,0.01,0.34433630108833313,0.00016265060240963855,0.425531914893617,80,,,,,,,,,,,,,,,,,,,,,,,,,,,,,,,,,,,,,,,,,,,
llama3_8b_qlora_l40_protocol_v3_phase2_r32_seed42__1776439568,llama3_8b_qlora_l40_protocol_v3_phase2_r32_seed42,qlora,train_and_eval,protocol_v3,logging_v2,meta-llama/Meta-Llama-3-8B,True,False,42,32,64,350,8,1024,8.316989216966332,7.383336350400535,7.383336350400535,2677.0969,0.131,completed,outputs/experiments/protocol_v3/llama3_8b_qlora_l40_protocol_v3_phase2_r32_seed42/reports/comparison_row.json,outputs/experiments/protocol_v3/llama3_8b_qlora_l40_protocol_v3_phase2_r32_seed42/reports/metrics_history.jsonl,90,0.4787234042553192,train_log,2026-04-17T16:12:57.988113+00:00,1.9577,8.768091201782227,9.31640625,8.646641110051549,5.311128582088765,7.695913459123449,4.634540927893142,350,-0.9336528665657973,-0.9507276509281004,-0.6765876541956226,-0.9336528665657973,-0.9507276509281004,-0.6765876541956226,50,7.695913459123449,4.634540927893142,350,4,350,0.0002,10,0.05,8.887051582336426,14.470703125,0.4891490340232849,0.34433630108833313,0,0,0,0,0,0,1,2,8.887051105499268,14.470703125,50,4.932607258909515,4.934071354623884,4.938354517750442,7,0.005052985353064782,False,completed,7.589663982391357,14.470703125,0.05,0.01,0.34577158093452454,0.0001566265060240964,0.4787234042553192,90,,,,,,,,,,,,,,,,,,,,,,,,,,,,,,,,,,,,,,,,,,,
llama3_8b_qlora_l40_protocol_v3_phase2_r32_seed42__1776439568,llama3_8b_qlora_l40_protocol_v3_phase2_r32_seed42,qlora,train_and_eval,protocol_v3,logging_v2,meta-llama/Meta-Llama-3-8B,True,False,42,32,64,350,8,1024,8.316989216966332,7.383336350400535,7.383336350400535,2677.0969,0.131,completed,outputs/experiments/protocol_v3/llama3_8b_qlora_l40_protocol_v3_phase2_r32_seed42/reports/comparison_row.json,outputs/experiments/protocol_v3/llama3_8b_qlora_l40_protocol_v3_phase2_r32_seed42/reports/metrics_history.jsonl,100,0.5319148936170213,train_log,2026-04-17T16:12:57.988117+00:00,1.9749,8.768091201782227,9.31640625,8.646641110051549,5.311128582088765,7.695913459123449,4.634540927893142,350,-0.9336528665657973,-0.9507276509281004,-0.6765876541956226,-0.9336528665657973,-0.9507276509281004,-0.6765876541956226,50,7.695913459123449,4.634540927893142,350,4,350,0.0002,10,0.05,8.887051582336426,14.470703125,0.4891490340232849,0.34433630108833313,0,0,0,0,0,0,1,2,8.887051105499268,14.470703125,50,4.932607258909515,4.934071354623884,4.938354517750442,7,0.005052985353064782,False,completed,7.589663982391357,14.470703125,0.05,0.01,0.3715481758117676,0.00015060240963855423,0.5319148936170213,100,,,,,,,,,,,,,,,,,,,,,,,,,,,,,,,,,,,,,,,,,,,
llama3_8b_qlora_l40_protocol_v3_phase2_r32_seed42__1776439568,llama3_8b_qlora_l40_protocol_v3_phase2_r32_seed42,qlora,train_and_eval,protocol_v3,logging_v2,meta-llama/Meta-Llama-3-8B,True,False,42,32,64,350,8,1024,8.316989216966332,7.383336350400535,7.383336350400535,2677.0969,0.131,completed,outputs/experiments/protocol_v3/llama3_8b_qlora_l40_protocol_v3_phase2_r32_seed42/reports/comparison_row.json,outputs/experiments/protocol_v3/llama3_8b_qlora_l40_protocol_v3_phase2_r32_seed42/reports/metrics_history.jsonl,100,0.5319148936170213,eval,2026-04-17T16:12:57.988122+00:00,,8.768091201782227,9.31640625,8.646641110051549,5.311128582088765,7.695913459123449,4.634540927893142,350,-0.9336528665657973,-0.9507276509281004,-0.6765876541956226,-0.9336528665657973,-0.9507276509281004,-0.6765876541956226,50,7.695913459123449,4.634540927893142,350,4,350,0.0002,10,0.05,8.887051582336426,14.470703125,0.4891490340232849,0.34433630108833313,0,0,0,0,0,0,1,2,8.887051105499268,14.470703125,50,4.932607258909515,4.934071354623884,4.938354517750442,7,0.005052985353064782,False,completed,7.589663982391357,14.470703125,0.05,0.01,,,0.5319148936170213,100,2.018280267715454,67.3645,3.785,3.785,,,,,,,,,,,,,,,,,,,,,,,,,,,,,,,,,,,,,,,
llama3_8b_qlora_l40_protocol_v3_phase2_r32_seed42__1776439568,llama3_8b_qlora_l40_protocol_v3_phase2_r32_seed42,qlora,train_and_eval,protocol_v3,logging_v2,meta-llama/Meta-Llama-3-8B,True,False,42,32,64,350,8,1024,8.316989216966332,7.383336350400535,7.383336350400535,2677.0969,0.131,completed,outputs/experiments/protocol_v3/llama3_8b_qlora_l40_protocol_v3_phase2_r32_seed42/reports/comparison_row.json,outputs/experiments/protocol_v3/llama3_8b_qlora_l40_protocol_v3_phase2_r32_seed42/reports/metrics_history.jsonl,100,0.5319148936170213,eval,2026-04-17T16:12:57.988126+00:00,,8.768091201782227,9.31640625,8.646641110051549,5.311128582088765,7.695913459123449,4.634540927893142,350,-0.9336528665657973,-0.9507276509281004,-0.6765876541956226,-0.9336528665657973,-0.9507276509281004,-0.6765876541956226,50,7.695913459123449,4.634540927893142,350,4,350,0.0002,10,0.05,8.887051582336426,14.470703125,0.4891490340232849,0.34433630108833313,0,0,0,0,0,0,1,2,8.887051105499268,14.470703125,50,4.932607258909515,4.934071354623884,4.938354517750442,7,0.005052985353064782,False,completed,7.589663982391357,14.470703125,0.05,0.01,,,0.5319148936170213,100,,,,,2.0586440563201904,61.8186,3.785,3.785,,,,,,,,,,,,,,,,,,,,,,,,,,,,,,,,,,,
llama3_8b_qlora_l40_protocol_v3_phase2_r32_seed42__1776439568,llama3_8b_qlora_l40_protocol_v3_phase2_r32_seed42,qlora,train_and_eval,protocol_v3,logging_v2,meta-llama/Meta-Llama-3-8B,True,False,42,32,64,350,8,1024,8.316989216966332,7.383336350400535,7.383336350400535,2677.0969,0.131,completed,outputs/experiments/protocol_v3/llama3_8b_qlora_l40_protocol_v3_phase2_r32_seed42/reports/comparison_row.json,outputs/experiments/protocol_v3/llama3_8b_qlora_l40_protocol_v3_phase2_r32_seed42/reports/metrics_history.jsonl,100,0.5319148936170213,eval,2026-04-17T16:12:57.988130+00:00,,8.768091201782227,9.31640625,8.646641110051549,5.311128582088765,7.695913459123449,4.634540927893142,350,-0.9336528665657973,-0.9507276509281004,-0.6765876541956226,-0.9336528665657973,-0.9507276509281004,-0.6765876541956226,50,7.695913459123449,4.634540927893142,350,4,350,0.0002,10,0.05,8.887051582336426,14.470703125,0.4891490340232849,0.34433630108833313,0,0,0,0,0,0,1,2,8.887051105499268,14.470703125,50,4.932607258909515,4.934071354623884,4.938354517750442,7,0.005052985353064782,False,completed,7.589663982391357,14.470703125,0.05,0.01,,,0.5319148936170213,100,,,,,,,,,1.5643465518951416,5.5504,3.784,3.784,,,,,,,,,,,,,,,,,,,,,,,,,,,,,,,
llama3_8b_qlora_l40_protocol_v3_phase2_r32_seed42__1776439568,llama3_8b_qlora_l40_protocol_v3_phase2_r32_seed42,qlora,train_and_eval,protocol_v3,logging_v2,meta-llama/Meta-Llama-3-8B,True,False,42,32,64,350,8,1024,8.316989216966332,7.383336350400535,7.383336350400535,2677.0969,0.131,completed,outputs/experiments/protocol_v3/llama3_8b_qlora_l40_protocol_v3_phase2_r32_seed42/reports/comparison_row.json,outputs/experiments/protocol_v3/llama3_8b_qlora_l40_protocol_v3_phase2_r32_seed42/reports/metrics_history.jsonl,100,0.5319148936170213,eval,2026-04-17T16:12:57.988138+00:00,,8.768091201782227,9.31640625,8.646641110051549,5.311128582088765,7.695913459123449,4.634540927893142,350,-0.9336528665657973,-0.9507276509281004,-0.6765876541956226,-0.9336528665657973,-0.9507276509281004,-0.6765876541956226,50,7.695913459123449,4.634540927893142,350,4,350,0.0002,10,0.05,8.887051582336426,14.470703125,0.4891490340232849,0.34433630108833313,0,0,0,0,0,0,1,2,8.887051105499268,14.470703125,50,4.932607258909515,4.934071354623884,4.938354517750442,7,0.005052985353064782,False,completed,7.589663982391357,14.470703125,0.05,0.01,,,0.5319148936170213,100,2.018280267715454,67.3645,3.785,3.785,2.0586440563201904,61.8186,3.785,3.785,1.5643465518951416,5.5504,3.784,3.784,7.525372173734111,8.887051582336426,14.470703125,8.887051582336426,14.470703125,8.887051582336426,14.470703125,7.8353383266176415,8.887051582336426,14.470703125,8.887051582336426,14.470703125,8.887051582336426,14.470703125,4.77955072688765,8.887051105499268,14.470703125,8.887051105499268,14.470703125,8.887051105499268,14.470703125,4.934071354623884,4.934000596520491,4.9357051715138365,0.0008359836189276947,50,,,,,
llama3_8b_qlora_l40_protocol_v3_phase2_r32_seed42__1776439568,llama3_8b_qlora_l40_protocol_v3_phase2_r32_seed42,qlora,train_and_eval,protocol_v3,logging_v2,meta-llama/Meta-Llama-3-8B,True,False,42,32,64,350,8,1024,8.316989216966332,7.383336350400535,7.383336350400535,2677.0969,0.131,completed,outputs/experiments/protocol_v3/llama3_8b_qlora_l40_protocol_v3_phase2_r32_seed42/reports/comparison_row.json,outputs/experiments/protocol_v3/llama3_8b_qlora_l40_protocol_v3_phase2_r32_seed42/reports/metrics_history.jsonl,110,0.5851063829787234,train_log,2026-04-17T16:12:57.988146+00:00,2.0209,8.768091201782227,9.31640625,8.646641110051549,5.311128582088765,7.695913459123449,4.634540927893142,350,-0.9336528665657973,-0.9507276509281004,-0.6765876541956226,-0.9336528665657973,-0.9507276509281004,-0.6765876541956226,50,7.695913459123449,4.634540927893142,350,4,350,0.0002,10,0.05,8.887051582336426,14.470703125,0.4891490340232849,0.34433630108833313,0,0,0,0,0,0,1,2,8.887051105499268,14.470703125,50,4.932607258909515,4.934071354623884,4.938354517750442,7,0.005052985353064782,False,completed,7.589663982391357,14.470703125,0.05,0.01,0.36967945098876953,0.00014457831325301204,0.5851063829787234,110,,,,,,,,,,,,,,,,,,,,,,,,,,,,,,,,,,,,,,,,,,,
llama3_8b_qlora_l40_protocol_v3_phase2_r32_seed42__1776439568,llama3_8b_qlora_l40_protocol_v3_phase2_r32_seed42,qlora,train_and_eval,protocol_v3,logging_v2,meta-llama/Meta-Llama-3-8B,True,False,42,32,64,350,8,1024,8.316989216966332,7.383336350400535,7.383336350400535,2677.0969,0.131,completed,outputs/experiments/protocol_v3/llama3_8b_qlora_l40_protocol_v3_phase2_r32_seed42/reports/comparison_row.json,outputs/experiments/protocol_v3/llama3_8b_qlora_l40_protocol_v3_phase2_r32_seed42/reports/metrics_history.jsonl,120,0.6382978723404256,train_log,2026-04-17T16:12:57.988150+00:00,1.9574,8.768091201782227,9.31640625,8.646641110051549,5.311128582088765,7.695913459123449,4.634540927893142,350,-0.9336528665657973,-0.9507276509281004,-0.6765876541956226,-0.9336528665657973,-0.9507276509281004,-0.6765876541956226,50,7.695913459123449,4.634540927893142,350,4,350,0.0002,10,0.05,8.887051582336426,14.470703125,0.4891490340232849,0.34433630108833313,0,0,0,0,0,0,1,2,8.887051105499268,14.470703125,50,4.932607258909515,4.934071354623884,4.938354517750442,7,0.005052985353064782,False,completed,7.589663982391357,14.470703125,0.05,0.01,0.3821500837802887,0.00013855421686746988,0.6382978723404256,120,,,,,,,,,,,,,,,,,,,,,,,,,,,,,,,,,,,,,,,,,,,
llama3_8b_qlora_l40_protocol_v3_phase2_r32_seed42__1776439568,llama3_8b_qlora_l40_protocol_v3_phase2_r32_seed42,qlora,train_and_eval,protocol_v3,logging_v2,meta-llama/Meta-Llama-3-8B,True,False,42,32,64,350,8,1024,8.316989216966332,7.383336350400535,7.383336350400535,2677.0969,0.131,completed,outputs/experiments/protocol_v3/llama3_8b_qlora_l40_protocol_v3_phase2_r32_seed42/reports/comparison_row.json,outputs/experiments/protocol_v3/llama3_8b_qlora_l40_protocol_v3_phase2_r32_seed42/reports/metrics_history.jsonl,130,0.6914893617021277,train_log,2026-04-17T16:12:57.988154+00:00,1.9726,8.768091201782227,9.31640625,8.646641110051549,5.311128582088765,7.695913459123449,4.634540927893142,350,-0.9336528665657973,-0.9507276509281004,-0.6765876541956226,-0.9336528665657973,-0.9507276509281004,-0.6765876541956226,50,7.695913459123449,4.634540927893142,350,4,350,0.0002,10,0.05,8.887051582336426,14.470703125,0.4891490340232849,0.34433630108833313,0,0,0,0,0,0,1,2,8.887051105499268,14.470703125,50,4.932607258909515,4.934071354623884,4.938354517750442,7,0.005052985353064782,False,completed,7.589663982391357,14.470703125,0.05,0.01,0.3599938452243805,0.00013253012048192772,0.6914893617021277,130,,,,,,,,,,,,,,,,,,,,,,,,,,,,,,,,,,,,,,,,,,,
llama3_8b_qlora_l40_protocol_v3_phase2_r32_seed42__1776439568,llama3_8b_qlora_l40_protocol_v3_phase2_r32_seed42,qlora,train_and_eval,protocol_v3,logging_v2,meta-llama/Meta-Llama-3-8B,True,False,42,32,64,350,8,1024,8.316989216966332,7.383336350400535,7.383336350400535,2677.0969,0.131,completed,outputs/experiments/protocol_v3/llama3_8b_qlora_l40_protocol_v3_phase2_r32_seed42/reports/comparison_row.json,outputs/experiments/protocol_v3/llama3_8b_qlora_l40_protocol_v3_phase2_r32_seed42/reports/metrics_history.jsonl,140,0.7446808510638298,train_log,2026-04-17T16:12:57.988158+00:00,2.0047,8.768091201782227,9.31640625,8.646641110051549,5.311128582088765,7.695913459123449,4.634540927893142,350,-0.9336528665657973,-0.9507276509281004,-0.6765876541956226,-0.9336528665657973,-0.9507276509281004,-0.6765876541956226,50,7.695913459123449,4.634540927893142,350,4,350,0.0002,10,0.05,8.887051582336426,14.470703125,0.4891490340232849,0.34433630108833313,0,0,0,0,0,0,1,2,8.887051105499268,14.470703125,50,4.932607258909515,4.934071354623884,4.938354517750442,7,0.005052985353064782,False,completed,7.589663982391357,14.470703125,0.05,0.01,0.38272494077682495,0.00012650602409638556,0.7446808510638298,140,,,,,,,,,,,,,,,,,,,,,,,,,,,,,,,,,,,,,,,,,,,
llama3_8b_qlora_l40_protocol_v3_phase2_r32_seed42__1776439568,llama3_8b_qlora_l40_protocol_v3_phase2_r32_seed42,qlora,train_and_eval,protocol_v3,logging_v2,meta-llama/Meta-Llama-3-8B,True,False,42,32,64,350,8,1024,8.316989216966332,7.383336350400535,7.383336350400535,2677.0969,0.131,completed,outputs/experiments/protocol_v3/llama3_8b_qlora_l40_protocol_v3_phase2_r32_seed42/reports/comparison_row.json,outputs/experiments/protocol_v3/llama3_8b_qlora_l40_protocol_v3_phase2_r32_seed42/reports/metrics_history.jsonl,150,0.7978723404255319,train_log,2026-04-17T16:12:57.988161+00:00,1.96,8.768091201782227,9.31640625,8.646641110051549,5.311128582088765,7.695913459123449,4.634540927893142,350,-0.9336528665657973,-0.9507276509281004,-0.6765876541956226,-0.9336528665657973,-0.9507276509281004,-0.6765876541956226,50,7.695913459123449,4.634540927893142,350,4,350,0.0002,10,0.05,8.887051582336426,14.470703125,0.4891490340232849,0.34433630108833313,0,0,0,0,0,0,1,2,8.887051105499268,14.470703125,50,4.932607258909515,4.934071354623884,4.938354517750442,7,0.005052985353064782,False,completed,7.589663982391357,14.470703125,0.05,0.01,0.3836287558078766,0.0001204819277108434,0.7978723404255319,150,,,,,,,,,,,,,,,,,,,,,,,,,,,,,,,,,,,,,,,,,,,
llama3_8b_qlora_l40_protocol_v3_phase2_r32_seed42__1776439568,llama3_8b_qlora_l40_protocol_v3_phase2_r32_seed42,qlora,train_and_eval,protocol_v3,logging_v2,meta-llama/Meta-Llama-3-8B,True,False,42,32,64,350,8,1024,8.316989216966332,7.383336350400535,7.383336350400535,2677.0969,0.131,completed,outputs/experiments/protocol_v3/llama3_8b_qlora_l40_protocol_v3_phase2_r32_seed42/reports/comparison_row.json,outputs/experiments/protocol_v3/llama3_8b_qlora_l40_protocol_v3_phase2_r32_seed42/reports/metrics_history.jsonl,150,0.7978723404255319,eval,2026-04-17T16:12:57.988165+00:00,,8.768091201782227,9.31640625,8.646641110051549,5.311128582088765,7.695913459123449,4.634540927893142,350,-0.9336528665657973,-0.9507276509281004,-0.6765876541956226,-0.9336528665657973,-0.9507276509281004,-0.6765876541956226,50,7.695913459123449,4.634540927893142,350,4,350,0.0002,10,0.05,8.887051582336426,14.470703125,0.4891490340232849,0.34433630108833313,0,0,0,0,0,0,1,2,8.887051105499268,14.470703125,50,4.932607258909515,4.934071354623884,4.938354517750442,7,0.005052985353064782,False,completed,7.589663982391357,14.470703125,0.05,0.01,,,0.7978723404255319,150,2.0080325603485107,67.2388,3.792,3.792,,,,,,,,,,,,,,,,,,,,,,,,,,,,,,,,,,,,,,,
llama3_8b_qlora_l40_protocol_v3_phase2_r32_seed42__1776439568,llama3_8b_qlora_l40_protocol_v3_phase2_r32_seed42,qlora,train_and_eval,protocol_v3,logging_v2,meta-llama/Meta-Llama-3-8B,True,False,42,32,64,350,8,1024,8.316989216966332,7.383336350400535,7.383336350400535,2677.0969,0.131,completed,outputs/experiments/protocol_v3/llama3_8b_qlora_l40_protocol_v3_phase2_r32_seed42/reports/comparison_row.json,outputs/experiments/protocol_v3/llama3_8b_qlora_l40_protocol_v3_phase2_r32_seed42/reports/metrics_history.jsonl,150,0.7978723404255319,eval,2026-04-17T16:12:57.988169+00:00,,8.768091201782227,9.31640625,8.646641110051549,5.311128582088765,7.695913459123449,4.634540927893142,350,-0.9336528665657973,-0.9507276509281004,-0.6765876541956226,-0.9336528665657973,-0.9507276509281004,-0.6765876541956226,50,7.695913459123449,4.634540927893142,350,4,350,0.0002,10,0.05,8.887051582336426,14.470703125,0.4891490340232849,0.34433630108833313,0,0,0,0,0,0,1,2,8.887051105499268,14.470703125,50,4.932607258909515,4.934071354623884,4.938354517750442,7,0.005052985353064782,False,completed,7.589663982391357,14.470703125,0.05,0.01,,,0.7978723404255319,150,,,,,2.048551082611084,61.708,3.792,3.792,,,,,,,,,,,,,,,,,,,,,,,,,,,,,,,,,,,
llama3_8b_qlora_l40_protocol_v3_phase2_r32_seed42__1776439568,llama3_8b_qlora_l40_protocol_v3_phase2_r32_seed42,qlora,train_and_eval,protocol_v3,logging_v2,meta-llama/Meta-Llama-3-8B,True,False,42,32,64,350,8,1024,8.316989216966332,7.383336350400535,7.383336350400535,2677.0969,0.131,completed,outputs/experiments/protocol_v3/llama3_8b_qlora_l40_protocol_v3_phase2_r32_seed42/reports/comparison_row.json,outputs/experiments/protocol_v3/llama3_8b_qlora_l40_protocol_v3_phase2_r32_seed42/reports/metrics_history.jsonl,150,0.7978723404255319,eval,2026-04-17T16:12:57.988173+00:00,,8.768091201782227,9.31640625,8.646641110051549,5.311128582088765,7.695913459123449,4.634540927893142,350,-0.9336528665657973,-0.9507276509281004,-0.6765876541956226,-0.9336528665657973,-0.9507276509281004,-0.6765876541956226,50,7.695913459123449,4.634540927893142,350,4,350,0.0002,10,0.05,8.887051582336426,14.470703125,0.4891490340232849,0.34433630108833313,0,0,0,0,0,0,1,2,8.887051105499268,14.470703125,50,4.932607258909515,4.934071354623884,4.938354517750442,7,0.005052985353064782,False,completed,7.589663982391357,14.470703125,0.05,0.01,,,0.7978723404255319,150,,,,,,,,,1.5527409315109253,5.5412,3.79,3.79,,,,,,,,,,,,,,,,,,,,,,,,,,,,,,,
llama3_8b_qlora_l40_protocol_v3_phase2_r32_seed42__1776439568,llama3_8b_qlora_l40_protocol_v3_phase2_r32_seed42,qlora,train_and_eval,protocol_v3,logging_v2,meta-llama/Meta-Llama-3-8B,True,False,42,32,64,350,8,1024,8.316989216966332,7.383336350400535,7.383336350400535,2677.0969,0.131,completed,outputs/experiments/protocol_v3/llama3_8b_qlora_l40_protocol_v3_phase2_r32_seed42/reports/comparison_row.json,outputs/experiments/protocol_v3/llama3_8b_qlora_l40_protocol_v3_phase2_r32_seed42/reports/metrics_history.jsonl,150,0.7978723404255319,eval,2026-04-17T16:12:57.988180+00:00,,8.768091201782227,9.31640625,8.646641110051549,5.311128582088765,7.695913459123449,4.634540927893142,350,-0.9336528665657973,-0.9507276509281004,-0.6765876541956226,-0.9336528665657973,-0.9507276509281004,-0.6765876541956226,50,7.695913459123449,4.634540927893142,350,4,350,0.0002,10,0.05,8.887051582336426,14.470703125,0.4891490340232849,0.34433630108833313,0,0,0,0,0,0,1,2,8.887051105499268,14.470703125,50,4.932607258909515,4.934071354623884,4.938354517750442,7,0.005052985353064782,False,completed,7.589663982391357,14.470703125,0.05,0.01,,,0.7978723404255319,150,2.0080325603485107,67.2388,3.792,3.792,2.048551082611084,61.708,3.792,3.792,1.5527409315109253,5.5412,3.79,3.79,7.448648155944628,8.887051582336426,14.470703125,8.887051582336426,14.470703125,8.887051582336426,14.470703125,7.7566542091984685,8.887051582336426,14.470703125,8.887051582336426,14.470703125,8.887051582336426,14.470703125,4.7244017138017815,8.887051105499268,14.470703125,8.887051105499268,14.470703125,8.887051105499268,14.470703125,4.92544426149223,4.925203406368382,4.927111173130106,0.0009604476632726313,50,,,,,
llama3_8b_qlora_l40_protocol_v3_phase2_r32_seed42__1776439568,llama3_8b_qlora_l40_protocol_v3_phase2_r32_seed42,qlora,train_and_eval,protocol_v3,logging_v2,meta-llama/Meta-Llama-3-8B,True,False,42,32,64,350,8,1024,8.316989216966332,7.383336350400535,7.383336350400535,2677.0969,0.131,completed,outputs/experiments/protocol_v3/llama3_8b_qlora_l40_protocol_v3_phase2_r32_seed42/reports/comparison_row.json,outputs/experiments/protocol_v3/llama3_8b_qlora_l40_protocol_v3_phase2_r32_seed42/reports/metrics_history.jsonl,160,0.851063829787234,train_log,2026-04-17T16:12:57.988188+00:00,1.9287,8.768091201782227,9.31640625,8.646641110051549,5.311128582088765,7.695913459123449,4.634540927893142,350,-0.9336528665657973,-0.9507276509281004,-0.6765876541956226,-0.9336528665657973,-0.9507276509281004,-0.6765876541956226,50,7.695913459123449,4.634540927893142,350,4,350,0.0002,10,0.05,8.887051582336426,14.470703125,0.4891490340232849,0.34433630108833313,0,0,0,0,0,0,1,2,8.887051105499268,14.470703125,50,4.932607258909515,4.934071354623884,4.938354517750442,7,0.005052985353064782,False,completed,7.589663982391357,14.470703125,0.05,0.01,0.3791552782058716,0.0001144578313253012,0.851063829787234,160,,,,,,,,,,,,,,,,,,,,,,,,,,,,,,,,,,,,,,,,,,,
llama3_8b_qlora_l40_protocol_v3_phase2_r32_seed42__1776439568,llama3_8b_qlora_l40_protocol_v3_phase2_r32_seed42,qlora,train_and_eval,protocol_v3,logging_v2,meta-llama/Meta-Llama-3-8B,True,False,42,32,64,350,8,1024,8.316989216966332,7.383336350400535,7.383336350400535,2677.0969,0.131,completed,outputs/experiments/protocol_v3/llama3_8b_qlora_l40_protocol_v3_phase2_r32_seed42/reports/comparison_row.json,outputs/experiments/protocol_v3/llama3_8b_qlora_l40_protocol_v3_phase2_r32_seed42/reports/metrics_history.jsonl,170,0.9042553191489362,train_log,2026-04-17T16:12:57.988191+00:00,1.9535,8.768091201782227,9.31640625,8.646641110051549,5.311128582088765,7.695913459123449,4.634540927893142,350,-0.9336528665657973,-0.9507276509281004,-0.6765876541956226,-0.9336528665657973,-0.9507276509281004,-0.6765876541956226,50,7.695913459123449,4.634540927893142,350,4,350,0.0002,10,0.05,8.887051582336426,14.470703125,0.4891490340232849,0.34433630108833313,0,0,0,0,0,0,1,2,8.887051105499268,14.470703125,50,4.932607258909515,4.934071354623884,4.938354517750442,7,0.005052985353064782,False,completed,7.589663982391357,14.470703125,0.05,0.01,0.3901609778404236,0.00010843373493975903,0.9042553191489362,170,,,,,,,,,,,,,,,,,,,,,,,,,,,,,,,,,,,,,,,,,,,
llama3_8b_qlora_l40_protocol_v3_phase2_r32_seed42__1776439568,llama3_8b_qlora_l40_protocol_v3_phase2_r32_seed42,qlora,train_and_eval,protocol_v3,logging_v2,meta-llama/Meta-Llama-3-8B,True,False,42,32,64,350,8,1024,8.316989216966332,7.383336350400535,7.383336350400535,2677.0969,0.131,completed,outputs/experiments/protocol_v3/llama3_8b_qlora_l40_protocol_v3_phase2_r32_seed42/reports/comparison_row.json,outputs/experiments/protocol_v3/llama3_8b_qlora_l40_protocol_v3_phase2_r32_seed42/reports/metrics_history.jsonl,180,0.9574468085106383,train_log,2026-04-17T16:12:57.988195+00:00,1.9798,8.768091201782227,9.31640625,8.646641110051549,5.311128582088765,7.695913459123449,4.634540927893142,350,-0.9336528665657973,-0.9507276509281004,-0.6765876541956226,-0.9336528665657973,-0.9507276509281004,-0.6765876541956226,50,7.695913459123449,4.634540927893142,350,4,350,0.0002,10,0.05,8.887051582336426,14.470703125,0.4891490340232849,0.34433630108833313,0,0,0,0,0,0,1,2,8.887051105499268,14.470703125,50,4.932607258909515,4.934071354623884,4.938354517750442,7,0.005052985353064782,False,completed,7.589663982391357,14.470703125,0.05,0.01,0.3498223125934601,0.00010240963855421688,0.9574468085106383,180,,,,,,,,,,,,,,,,,,,,,,,,,,,,,,,,,,,,,,,,,,,
llama3_8b_qlora_l40_protocol_v3_phase2_r32_seed42__1776439568,llama3_8b_qlora_l40_protocol_v3_phase2_r32_seed42,qlora,train_and_eval,protocol_v3,logging_v2,meta-llama/Meta-Llama-3-8B,True,False,42,32,64,350,8,1024,8.316989216966332,7.383336350400535,7.383336350400535,2677.0969,0.131,completed,outputs/experiments/protocol_v3/llama3_8b_qlora_l40_protocol_v3_phase2_r32_seed42/reports/comparison_row.json,outputs/experiments/protocol_v3/llama3_8b_qlora_l40_protocol_v3_phase2_r32_seed42/reports/metrics_history.jsonl,190,1.0106382978723405,train_log,2026-04-17T16:12:57.988199+00:00,1.9358,8.768091201782227,9.31640625,8.646641110051549,5.311128582088765,7.695913459123449,4.634540927893142,350,-0.9336528665657973,-0.9507276509281004,-0.6765876541956226,-0.9336528665657973,-0.9507276509281004,-0.6765876541956226,50,7.695913459123449,4.634540927893142,350,4,350,0.0002,10,0.05,8.887051582336426,14.470703125,0.4891490340232849,0.34433630108833313,0,0,0,0,0,0,1,2,8.887051105499268,14.470703125,50,4.932607258909515,4.934071354623884,4.938354517750442,7,0.005052985353064782,False,completed,7.589663982391357,14.470703125,0.05,0.01,0.48574724793434143,9.638554216867471e-05,1.0106382978723405,190,,,,,,,,,,,,,,,,,,,,,,,,,,,,,,,,,,,,,,,,,,,
llama3_8b_qlora_l40_protocol_v3_phase2_r32_seed42__1776439568,llama3_8b_qlora_l40_protocol_v3_phase2_r32_seed42,qlora,train_and_eval,protocol_v3,logging_v2,meta-llama/Meta-Llama-3-8B,True,False,42,32,64,350,8,1024,8.316989216966332,7.383336350400535,7.383336350400535,2677.0969,0.131,completed,outputs/experiments/protocol_v3/llama3_8b_qlora_l40_protocol_v3_phase2_r32_seed42/reports/comparison_row.json,outputs/experiments/protocol_v3/llama3_8b_qlora_l40_protocol_v3_phase2_r32_seed42/reports/metrics_history.jsonl,200,1.0638297872340425,train_log,2026-04-17T16:12:57.988203+00:00,1.8798,8.768091201782227,9.31640625,8.646641110051549,5.311128582088765,7.695913459123449,4.634540927893142,350,-0.9336528665657973,-0.9507276509281004,-0.6765876541956226,-0.9336528665657973,-0.9507276509281004,-0.6765876541956226,50,7.695913459123449,4.634540927893142,350,4,350,0.0002,10,0.05,8.887051582336426,14.470703125,0.4891490340232849,0.34433630108833313,0,0,0,0,0,0,1,2,8.887051105499268,14.470703125,50,4.932607258909515,4.934071354623884,4.938354517750442,7,0.005052985353064782,False,completed,7.589663982391357,14.470703125,0.05,0.01,0.3690420091152191,9.036144578313253e-05,1.0638297872340425,200,,,,,,,,,,,,,,,,,,,,,,,,,,,,,,,,,,,,,,,,,,,
llama3_8b_qlora_l40_protocol_v3_phase2_r32_seed42__1776439568,llama3_8b_qlora_l40_protocol_v3_phase2_r32_seed42,qlora,train_and_eval,protocol_v3,logging_v2,meta-llama/Meta-Llama-3-8B,True,False,42,32,64,350,8,1024,8.316989216966332,7.383336350400535,7.383336350400535,2677.0969,0.131,completed,outputs/experiments/protocol_v3/llama3_8b_qlora_l40_protocol_v3_phase2_r32_seed42/reports/comparison_row.json,outputs/experiments/protocol_v3/llama3_8b_qlora_l40_protocol_v3_phase2_r32_seed42/reports/metrics_history.jsonl,200,1.0638297872340425,eval,2026-04-17T16:12:57.988207+00:00,,8.768091201782227,9.31640625,8.646641110051549,5.311128582088765,7.695913459123449,4.634540927893142,350,-0.9336528665657973,-0.9507276509281004,-0.6765876541956226,-0.9336528665657973,-0.9507276509281004,-0.6765876541956226,50,7.695913459123449,4.634540927893142,350,4,350,0.0002,10,0.05,8.887051582336426,14.470703125,0.4891490340232849,0.34433630108833313,0,0,0,0,0,0,1,2,8.887051105499268,14.470703125,50,4.932607258909515,4.934071354623884,4.938354517750442,7,0.005052985353064782,False,completed,7.589663982391357,14.470703125,0.05,0.01,,,1.0638297872340425,200,2.0039546489715576,67.3888,3.784,3.784,,,,,,,,,,,,,,,,,,,,,,,,,,,,,,,,,,,,,,,
llama3_8b_qlora_l40_protocol_v3_phase2_r32_seed42__1776439568,llama3_8b_qlora_l40_protocol_v3_phase2_r32_seed42,qlora,train_and_eval,protocol_v3,logging_v2,meta-llama/Meta-Llama-3-8B,True,False,42,32,64,350,8,1024,8.316989216966332,7.383336350400535,7.383336350400535,2677.0969,0.131,completed,outputs/experiments/protocol_v3/llama3_8b_qlora_l40_protocol_v3_phase2_r32_seed42/reports/comparison_row.json,outputs/experiments/protocol_v3/llama3_8b_qlora_l40_protocol_v3_phase2_r32_seed42/reports/metrics_history.jsonl,200,1.0638297872340425,eval,2026-04-17T16:12:57.988211+00:00,,8.768091201782227,9.31640625,8.646641110051549,5.311128582088765,7.695913459123449,4.634540927893142,350,-0.9336528665657973,-0.9507276509281004,-0.6765876541956226,-0.9336528665657973,-0.9507276509281004,-0.6765876541956226,50,7.695913459123449,4.634540927893142,350,4,350,0.0002,10,0.05,8.887051582336426,14.470703125,0.4891490340232849,0.34433630108833313,0,0,0,0,0,0,1,2,8.887051105499268,14.470703125,50,4.932607258909515,4.934071354623884,4.938354517750442,7,0.005052985353064782,False,completed,7.589663982391357,14.470703125,0.05,0.01,,,1.0638297872340425,200,,,,,2.0450572967529297,61.8414,3.784,3.784,,,,,,,,,,,,,,,,,,,,,,,,,,,,,,,,,,,
llama3_8b_qlora_l40_protocol_v3_phase2_r32_seed42__1776439568,llama3_8b_qlora_l40_protocol_v3_phase2_r32_seed42,qlora,train_and_eval,protocol_v3,logging_v2,meta-llama/Meta-Llama-3-8B,True,False,42,32,64,350,8,1024,8.316989216966332,7.383336350400535,7.383336350400535,2677.0969,0.131,completed,outputs/experiments/protocol_v3/llama3_8b_qlora_l40_protocol_v3_phase2_r32_seed42/reports/comparison_row.json,outputs/experiments/protocol_v3/llama3_8b_qlora_l40_protocol_v3_phase2_r32_seed42/reports/metrics_history.jsonl,200,1.0638297872340425,eval,2026-04-17T16:12:57.988214+00:00,,8.768091201782227,9.31640625,8.646641110051549,5.311128582088765,7.695913459123449,4.634540927893142,350,-0.9336528665657973,-0.9507276509281004,-0.6765876541956226,-0.9336528665657973,-0.9507276509281004,-0.6765876541956226,50,7.695913459123449,4.634540927893142,350,4,350,0.0002,10,0.05,8.887051582336426,14.470703125,0.4891490340232849,0.34433630108833313,0,0,0,0,0,0,1,2,8.887051105499268,14.470703125,50,4.932607258909515,4.934071354623884,4.938354517750442,7,0.005052985353064782,False,completed,7.589663982391357,14.470703125,0.05,0.01,,,1.0638297872340425,200,,,,,,,,,1.5420840978622437,5.553,3.782,3.782,,,,,,,,,,,,,,,,,,,,,,,,,,,,,,,
llama3_8b_qlora_l40_protocol_v3_phase2_r32_seed42__1776439568,llama3_8b_qlora_l40_protocol_v3_phase2_r32_seed42,qlora,train_and_eval,protocol_v3,logging_v2,meta-llama/Meta-Llama-3-8B,True,False,42,32,64,350,8,1024,8.316989216966332,7.383336350400535,7.383336350400535,2677.0969,0.131,completed,outputs/experiments/protocol_v3/llama3_8b_qlora_l40_protocol_v3_phase2_r32_seed42/reports/comparison_row.json,outputs/experiments/protocol_v3/llama3_8b_qlora_l40_protocol_v3_phase2_r32_seed42/reports/metrics_history.jsonl,200,1.0638297872340425,eval,2026-04-17T16:12:57.988221+00:00,,8.768091201782227,9.31640625,8.646641110051549,5.311128582088765,7.695913459123449,4.634540927893142,350,-0.9336528665657973,-0.9507276509281004,-0.6765876541956226,-0.9336528665657973,-0.9507276509281004,-0.6765876541956226,50,7.695913459123449,4.634540927893142,350,4,350,0.0002,10,0.05,8.887051582336426,14.470703125,0.4891490340232849,0.34433630108833313,0,0,0,0,0,0,1,2,8.887051105499268,14.470703125,50,4.932607258909515,4.934071354623884,4.938354517750442,7,0.005052985353064782,False,completed,7.589663982391357,14.470703125,0.05,0.01,,,1.0638297872340425,200,2.0039546489715576,67.3888,3.784,3.784,2.0450572967529297,61.8414,3.784,3.784,1.5420840978622437,5.553,3.782,3.782,7.41833507791671,8.887051582336426,14.470703125,8.887051582336426,14.470703125,8.887051582336426,14.470703125,7.729601406284321,8.887051582336426,14.470703125,8.887051582336426,14.470703125,8.887051582336426,14.470703125,4.6743218708809975,8.887051105499268,14.470703125,8.887051105499268,14.470703125,8.887051105499268,14.470703125,4.935187709494494,4.935171621036716,4.9365793652716095,0.0008228844882626461,50,,,,,
llama3_8b_qlora_l40_protocol_v3_phase2_r32_seed42__1776439568,llama3_8b_qlora_l40_protocol_v3_phase2_r32_seed42,qlora,train_and_eval,protocol_v3,logging_v2,meta-llama/Meta-Llama-3-8B,True,False,42,32,64,350,8,1024,8.316989216966332,7.383336350400535,7.383336350400535,2677.0969,0.131,completed,outputs/experiments/protocol_v3/llama3_8b_qlora_l40_protocol_v3_phase2_r32_seed42/reports/comparison_row.json,outputs/experiments/protocol_v3/llama3_8b_qlora_l40_protocol_v3_phase2_r32_seed42/reports/metrics_history.jsonl,210,1.1170212765957448,train_log,2026-04-17T16:12:57.988229+00:00,1.8112,8.768091201782227,9.31640625,8.646641110051549,5.311128582088765,7.695913459123449,4.634540927893142,350,-0.9336528665657973,-0.9507276509281004,-0.6765876541956226,-0.9336528665657973,-0.9507276509281004,-0.6765876541956226,50,7.695913459123449,4.634540927893142,350,4,350,0.0002,10,0.05,8.887051582336426,14.470703125,0.4891490340232849,0.34433630108833313,0,0,0,0,0,0,1,2,8.887051105499268,14.470703125,50,4.932607258909515,4.934071354623884,4.938354517750442,7,0.005052985353064782,False,completed,7.589663982391357,14.470703125,0.05,0.01,0.4891490340232849,8.433734939759037e-05,1.1170212765957448,210,,,,,,,,,,,,,,,,,,,,,,,,,,,,,,,,,,,,,,,,,,,
llama3_8b_qlora_l40_protocol_v3_phase2_r32_seed42__1776439568,llama3_8b_qlora_l40_protocol_v3_phase2_r32_seed42,qlora,train_and_eval,protocol_v3,logging_v2,meta-llama/Meta-Llama-3-8B,True,False,42,32,64,350,8,1024,8.316989216966332,7.383336350400535,7.383336350400535,2677.0969,0.131,completed,outputs/experiments/protocol_v3/llama3_8b_qlora_l40_protocol_v3_phase2_r32_seed42/reports/comparison_row.json,outputs/experiments/protocol_v3/llama3_8b_qlora_l40_protocol_v3_phase2_r32_seed42/reports/metrics_history.jsonl,220,1.1702127659574468,train_log,2026-04-17T16:12:57.988232+00:00,1.9398,8.768091201782227,9.31640625,8.646641110051549,5.311128582088765,7.695913459123449,4.634540927893142,350,-0.9336528665657973,-0.9507276509281004,-0.6765876541956226,-0.9336528665657973,-0.9507276509281004,-0.6765876541956226,50,7.695913459123449,4.634540927893142,350,4,350,0.0002,10,0.05,8.887051582336426,14.470703125,0.4891490340232849,0.34433630108833313,0,0,0,0,0,0,1,2,8.887051105499268,14.470703125,50,4.932607258909515,4.934071354623884,4.938354517750442,7,0.005052985353064782,False,completed,7.589663982391357,14.470703125,0.05,0.01,0.39221471548080444,7.83132530120482e-05,1.1702127659574468,220,,,,,,,,,,,,,,,,,,,,,,,,,,,,,,,,,,,,,,,,,,,
llama3_8b_qlora_l40_protocol_v3_phase2_r32_seed42__1776439568,llama3_8b_qlora_l40_protocol_v3_phase2_r32_seed42,qlora,train_and_eval,protocol_v3,logging_v2,meta-llama/Meta-Llama-3-8B,True,False,42,32,64,350,8,1024,8.316989216966332,7.383336350400535,7.383336350400535,2677.0969,0.131,completed,outputs/experiments/protocol_v3/llama3_8b_qlora_l40_protocol_v3_phase2_r32_seed42/reports/comparison_row.json,outputs/experiments/protocol_v3/llama3_8b_qlora_l40_protocol_v3_phase2_r32_seed42/reports/metrics_history.jsonl,230,1.2234042553191489,train_log,2026-04-17T16:12:57.988236+00:00,1.8216,8.768091201782227,9.31640625,8.646641110051549,5.311128582088765,7.695913459123449,4.634540927893142,350,-0.9336528665657973,-0.9507276509281004,-0.6765876541956226,-0.9336528665657973,-0.9507276509281004,-0.6765876541956226,50,7.695913459123449,4.634540927893142,350,4,350,0.0002,10,0.05,8.887051582336426,14.470703125,0.4891490340232849,0.34433630108833313,0,0,0,0,0,0,1,2,8.887051105499268,14.470703125,50,4.932607258909515,4.934071354623884,4.938354517750442,7,0.005052985353064782,False,completed,7.589663982391357,14.470703125,0.05,0.01,0.40897995233535767,7.228915662650602e-05,1.2234042553191489,230,,,,,,,,,,,,,,,,,,,,,,,,,,,,,,,,,,,,,,,,,,,
llama3_8b_qlora_l40_protocol_v3_phase2_r32_seed42__1776439568,llama3_8b_qlora_l40_protocol_v3_phase2_r32_seed42,qlora,train_and_eval,protocol_v3,logging_v2,meta-llama/Meta-Llama-3-8B,True,False,42,32,64,350,8,1024,8.316989216966332,7.383336350400535,7.383336350400535,2677.0969,0.131,completed,outputs/experiments/protocol_v3/llama3_8b_qlora_l40_protocol_v3_phase2_r32_seed42/reports/comparison_row.json,outputs/experiments/protocol_v3/llama3_8b_qlora_l40_protocol_v3_phase2_r32_seed42/reports/metrics_history.jsonl,240,1.2765957446808511,train_log,2026-04-17T16:12:57.988240+00:00,1.8748,8.768091201782227,9.31640625,8.646641110051549,5.311128582088765,7.695913459123449,4.634540927893142,350,-0.9336528665657973,-0.9507276509281004,-0.6765876541956226,-0.9336528665657973,-0.9507276509281004,-0.6765876541956226,50,7.695913459123449,4.634540927893142,350,4,350,0.0002,10,0.05,8.887051582336426,14.470703125,0.4891490340232849,0.34433630108833313,0,0,0,0,0,0,1,2,8.887051105499268,14.470703125,50,4.932607258909515,4.934071354623884,4.938354517750442,7,0.005052985353064782,False,completed,7.589663982391357,14.470703125,0.05,0.01,0.41623181104660034,6.626506024096386e-05,1.2765957446808511,240,,,,,,,,,,,,,,,,,,,,,,,,,,,,,,,,,,,,,,,,,,,
llama3_8b_qlora_l40_protocol_v3_phase2_r32_seed42__1776439568,llama3_8b_qlora_l40_protocol_v3_phase2_r32_seed42,qlora,train_and_eval,protocol_v3,logging_v2,meta-llama/Meta-Llama-3-8B,True,False,42,32,64,350,8,1024,8.316989216966332,7.383336350400535,7.383336350400535,2677.0969,0.131,completed,outputs/experiments/protocol_v3/llama3_8b_qlora_l40_protocol_v3_phase2_r32_seed42/reports/comparison_row.json,outputs/experiments/protocol_v3/llama3_8b_qlora_l40_protocol_v3_phase2_r32_seed42/reports/metrics_history.jsonl,250,1.3297872340425532,train_log,2026-04-17T16:12:57.988243+00:00,1.8492,8.768091201782227,9.31640625,8.646641110051549,5.311128582088765,7.695913459123449,4.634540927893142,350,-0.9336528665657973,-0.9507276509281004,-0.6765876541956226,-0.9336528665657973,-0.9507276509281004,-0.6765876541956226,50,7.695913459123449,4.634540927893142,350,4,350,0.0002,10,0.05,8.887051582336426,14.470703125,0.4891490340232849,0.34433630108833313,0,0,0,0,0,0,1,2,8.887051105499268,14.470703125,50,4.932607258909515,4.934071354623884,4.938354517750442,7,0.005052985353064782,False,completed,7.589663982391357,14.470703125,0.05,0.01,0.4273664355278015,6.02409638554217e-05,1.3297872340425532,250,,,,,,,,,,,,,,,,,,,,,,,,,,,,,,,,,,,,,,,,,,,
llama3_8b_qlora_l40_protocol_v3_phase2_r32_seed42__1776439568,llama3_8b_qlora_l40_protocol_v3_phase2_r32_seed42,qlora,train_and_eval,protocol_v3,logging_v2,meta-llama/Meta-Llama-3-8B,True,False,42,32,64,350,8,1024,8.316989216966332,7.383336350400535,7.383336350400535,2677.0969,0.131,completed,outputs/experiments/protocol_v3/llama3_8b_qlora_l40_protocol_v3_phase2_r32_seed42/reports/comparison_row.json,outputs/experiments/protocol_v3/llama3_8b_qlora_l40_protocol_v3_phase2_r32_seed42/reports/metrics_history.jsonl,250,1.3297872340425532,eval,2026-04-17T16:12:57.988247+00:00,,8.768091201782227,9.31640625,8.646641110051549,5.311128582088765,7.695913459123449,4.634540927893142,350,-0.9336528665657973,-0.9507276509281004,-0.6765876541956226,-0.9336528665657973,-0.9507276509281004,-0.6765876541956226,50,7.695913459123449,4.634540927893142,350,4,350,0.0002,10,0.05,8.887051582336426,14.470703125,0.4891490340232849,0.34433630108833313,0,0,0,0,0,0,1,2,8.887051105499268,14.470703125,50,4.932607258909515,4.934071354623884,4.938354517750442,7,0.005052985353064782,False,completed,7.589663982391357,14.470703125,0.05,0.01,,,1.3297872340425532,250,2.0025064945220947,67.3877,3.784,3.784,,,,,,,,,,,,,,,,,,,,,,,,,,,,,,,,,,,,,,,
llama3_8b_qlora_l40_protocol_v3_phase2_r32_seed42__1776439568,llama3_8b_qlora_l40_protocol_v3_phase2_r32_seed42,qlora,train_and_eval,protocol_v3,logging_v2,meta-llama/Meta-Llama-3-8B,True,False,42,32,64,350,8,1024,8.316989216966332,7.383336350400535,7.383336350400535,2677.0969,0.131,completed,outputs/experiments/protocol_v3/llama3_8b_qlora_l40_protocol_v3_phase2_r32_seed42/reports/comparison_row.json,outputs/experiments/protocol_v3/llama3_8b_qlora_l40_protocol_v3_phase2_r32_seed42/reports/metrics_history.jsonl,250,1.3297872340425532,eval,2026-04-17T16:12:57.988251+00:00,,8.768091201782227,9.31640625,8.646641110051549,5.311128582088765,7.695913459123449,4.634540927893142,350,-0.9336528665657973,-0.9507276509281004,-0.6765876541956226,-0.9336528665657973,-0.9507276509281004,-0.6765876541956226,50,7.695913459123449,4.634540927893142,350,4,350,0.0002,10,0.05,8.887051582336426,14.470703125,0.4891490340232849,0.34433630108833313,0,0,0,0,0,0,1,2,8.887051105499268,14.470703125,50,4.932607258909515,4.934071354623884,4.938354517750442,7,0.005052985353064782,False,completed,7.589663982391357,14.470703125,0.05,0.01,,,1.3297872340425532,250,,,,,2.04374098777771,61.8383,3.784,3.784,,,,,,,,,,,,,,,,,,,,,,,,,,,,,,,,,,,
llama3_8b_qlora_l40_protocol_v3_phase2_r32_seed42__1776439568,llama3_8b_qlora_l40_protocol_v3_phase2_r32_seed42,qlora,train_and_eval,protocol_v3,logging_v2,meta-llama/Meta-Llama-3-8B,True,False,42,32,64,350,8,1024,8.316989216966332,7.383336350400535,7.383336350400535,2677.0969,0.131,completed,outputs/experiments/protocol_v3/llama3_8b_qlora_l40_protocol_v3_phase2_r32_seed42/reports/comparison_row.json,outputs/experiments/protocol_v3/llama3_8b_qlora_l40_protocol_v3_phase2_r32_seed42/reports/metrics_history.jsonl,250,1.3297872340425532,eval,2026-04-17T16:12:57.988254+00:00,,8.768091201782227,9.31640625,8.646641110051549,5.311128582088765,7.695913459123449,4.634540927893142,350,-0.9336528665657973,-0.9507276509281004,-0.6765876541956226,-0.9336528665657973,-0.9507276509281004,-0.6765876541956226,50,7.695913459123449,4.634540927893142,350,4,350,0.0002,10,0.05,8.887051582336426,14.470703125,0.4891490340232849,0.34433630108833313,0,0,0,0,0,0,1,2,8.887051105499268,14.470703125,50,4.932607258909515,4.934071354623884,4.938354517750442,7,0.005052985353064782,False,completed,7.589663982391357,14.470703125,0.05,0.01,,,1.3297872340425532,250,,,,,,,,,1.5396159887313843,5.5519,3.783,3.783,,,,,,,,,,,,,,,,,,,,,,,,,,,,,,,
llama3_8b_qlora_l40_protocol_v3_phase2_r32_seed42__1776439568,llama3_8b_qlora_l40_protocol_v3_phase2_r32_seed42,qlora,train_and_eval,protocol_v3,logging_v2,meta-llama/Meta-Llama-3-8B,True,False,42,32,64,350,8,1024,8.316989216966332,7.383336350400535,7.383336350400535,2677.0969,0.131,completed,outputs/experiments/protocol_v3/llama3_8b_qlora_l40_protocol_v3_phase2_r32_seed42/reports/comparison_row.json,outputs/experiments/protocol_v3/llama3_8b_qlora_l40_protocol_v3_phase2_r32_seed42/reports/metrics_history.jsonl,250,1.3297872340425532,eval,2026-04-17T16:12:57.988262+00:00,,8.768091201782227,9.31640625,8.646641110051549,5.311128582088765,7.695913459123449,4.634540927893142,350,-0.9336528665657973,-0.9507276509281004,-0.6765876541956226,-0.9336528665657973,-0.9507276509281004,-0.6765876541956226,50,7.695913459123449,4.634540927893142,350,4,350,0.0002,10,0.05,8.887051582336426,14.470703125,0.4891490340232849,0.34433630108833313,0,0,0,0,0,0,1,2,8.887051105499268,14.470703125,50,4.932607258909515,4.934071354623884,4.938354517750442,7,0.005052985353064782,False,completed,7.589663982391357,14.470703125,0.05,0.01,,,1.3297872340425532,250,2.0025064945220947,67.3877,3.784,3.784,2.04374098777771,61.8383,3.784,3.784,1.5396159887313843,5.5519,3.783,3.783,7.407599957898026,8.887051582336426,14.470703125,8.887051582336426,14.470703125,8.887051582336426,14.470703125,7.719433556062737,8.887051582336426,14.470703125,8.887051582336426,14.470703125,8.887051582336426,14.470703125,4.662799359647667,8.887051105499268,14.470703125,8.887051105499268,14.470703125,8.887051105499268,14.470703125,4.935362577792257,4.935246414621361,4.936464418482501,0.0006940301030340596,50,,,,,
llama3_8b_qlora_l40_protocol_v3_phase2_r32_seed42__1776439568,llama3_8b_qlora_l40_protocol_v3_phase2_r32_seed42,qlora,train_and_eval,protocol_v3,logging_v2,meta-llama/Meta-Llama-3-8B,True,False,42,32,64,350,8,1024,8.316989216966332,7.383336350400535,7.383336350400535,2677.0969,0.131,completed,outputs/experiments/protocol_v3/llama3_8b_qlora_l40_protocol_v3_phase2_r32_seed42/reports/comparison_row.json,outputs/experiments/protocol_v3/llama3_8b_qlora_l40_protocol_v3_phase2_r32_seed42/reports/metrics_history.jsonl,260,1.3829787234042552,train_log,2026-04-17T16:12:57.988269+00:00,1.8383,8.768091201782227,9.31640625,8.646641110051549,5.311128582088765,7.695913459123449,4.634540927893142,350,-0.9336528665657973,-0.9507276509281004,-0.6765876541956226,-0.9336528665657973,-0.9507276509281004,-0.6765876541956226,50,7.695913459123449,4.634540927893142,350,4,350,0.0002,10,0.05,8.887051582336426,14.470703125,0.4891490340232849,0.34433630108833313,0,0,0,0,0,0,1,2,8.887051105499268,14.470703125,50,4.932607258909515,4.934071354623884,4.938354517750442,7,0.005052985353064782,False,completed,7.589663982391357,14.470703125,0.05,0.01,0.42504775524139404,5.4216867469879516e-05,1.3829787234042552,260,,,,,,,,,,,,,,,,,,,,,,,,,,,,,,,,,,,,,,,,,,,
llama3_8b_qlora_l40_protocol_v3_phase2_r32_seed42__1776439568,llama3_8b_qlora_l40_protocol_v3_phase2_r32_seed42,qlora,train_and_eval,protocol_v3,logging_v2,meta-llama/Meta-Llama-3-8B,True,False,42,32,64,350,8,1024,8.316989216966332,7.383336350400535,7.383336350400535,2677.0969,0.131,completed,outputs/experiments/protocol_v3/llama3_8b_qlora_l40_protocol_v3_phase2_r32_seed42/reports/comparison_row.json,outputs/experiments/protocol_v3/llama3_8b_qlora_l40_protocol_v3_phase2_r32_seed42/reports/metrics_history.jsonl,270,1.4361702127659575,train_log,2026-04-17T16:12:57.988272+00:00,1.8441,8.768091201782227,9.31640625,8.646641110051549,5.311128582088765,7.695913459123449,4.634540927893142,350,-0.9336528665657973,-0.9507276509281004,-0.6765876541956226,-0.9336528665657973,-0.9507276509281004,-0.6765876541956226,50,7.695913459123449,4.634540927893142,350,4,350,0.0002,10,0.05,8.887051582336426,14.470703125,0.4891490340232849,0.34433630108833313,0,0,0,0,0,0,1,2,8.887051105499268,14.470703125,50,4.932607258909515,4.934071354623884,4.938354517750442,7,0.005052985353064782,False,completed,7.589663982391357,14.470703125,0.05,0.01,0.4688110649585724,4.8192771084337354e-05,1.4361702127659575,270,,,,,,,,,,,,,,,,,,,,,,,,,,,,,,,,,,,,,,,,,,,
llama3_8b_qlora_l40_protocol_v3_phase2_r32_seed42__1776439568,llama3_8b_qlora_l40_protocol_v3_phase2_r32_seed42,qlora,train_and_eval,protocol_v3,logging_v2,meta-llama/Meta-Llama-3-8B,True,False,42,32,64,350,8,1024,8.316989216966332,7.383336350400535,7.383336350400535,2677.0969,0.131,completed,outputs/experiments/protocol_v3/llama3_8b_qlora_l40_protocol_v3_phase2_r32_seed42/reports/comparison_row.json,outputs/experiments/protocol_v3/llama3_8b_qlora_l40_protocol_v3_phase2_r32_seed42/reports/metrics_history.jsonl,280,1.4893617021276595,train_log,2026-04-17T16:12:57.988276+00:00,1.7954,8.768091201782227,9.31640625,8.646641110051549,5.311128582088765,7.695913459123449,4.634540927893142,350,-0.9336528665657973,-0.9507276509281004,-0.6765876541956226,-0.9336528665657973,-0.9507276509281004,-0.6765876541956226,50,7.695913459123449,4.634540927893142,350,4,350,0.0002,10,0.05,8.887051582336426,14.470703125,0.4891490340232849,0.34433630108833313,0,0,0,0,0,0,1,2,8.887051105499268,14.470703125,50,4.932607258909515,4.934071354623884,4.938354517750442,7,0.005052985353064782,False,completed,7.589663982391357,14.470703125,0.05,0.01,0.48161613941192627,4.2168674698795186e-05,1.4893617021276595,280,,,,,,,,,,,,,,,,,,,,,,,,,,,,,,,,,,,,,,,,,,,
llama3_8b_qlora_l40_protocol_v3_phase2_r32_seed42__1776439568,llama3_8b_qlora_l40_protocol_v3_phase2_r32_seed42,qlora,train_and_eval,protocol_v3,logging_v2,meta-llama/Meta-Llama-3-8B,True,False,42,32,64,350,8,1024,8.316989216966332,7.383336350400535,7.383336350400535,2677.0969,0.131,completed,outputs/experiments/protocol_v3/llama3_8b_qlora_l40_protocol_v3_phase2_r32_seed42/reports/comparison_row.json,outputs/experiments/protocol_v3/llama3_8b_qlora_l40_protocol_v3_phase2_r32_seed42/reports/metrics_history.jsonl,290,1.5425531914893615,train_log,2026-04-17T16:12:57.988280+00:00,1.8153,8.768091201782227,9.31640625,8.646641110051549,5.311128582088765,7.695913459123449,4.634540927893142,350,-0.9336528665657973,-0.9507276509281004,-0.6765876541956226,-0.9336528665657973,-0.9507276509281004,-0.6765876541956226,50,7.695913459123449,4.634540927893142,350,4,350,0.0002,10,0.05,8.887051582336426,14.470703125,0.4891490340232849,0.34433630108833313,0,0,0,0,0,0,1,2,8.887051105499268,14.470703125,50,4.932607258909515,4.934071354623884,4.938354517750442,7,0.005052985353064782,False,completed,7.589663982391357,14.470703125,0.05,0.01,0.4667671322822571,3.614457831325301e-05,1.5425531914893615,290,,,,,,,,,,,,,,,,,,,,,,,,,,,,,,,,,,,,,,,,,,,
llama3_8b_qlora_l40_protocol_v3_phase2_r32_seed42__1776439568,llama3_8b_qlora_l40_protocol_v3_phase2_r32_seed42,qlora,train_and_eval,protocol_v3,logging_v2,meta-llama/Meta-Llama-3-8B,True,False,42,32,64,350,8,1024,8.316989216966332,7.383336350400535,7.383336350400535,2677.0969,0.131,completed,outputs/experiments/protocol_v3/llama3_8b_qlora_l40_protocol_v3_phase2_r32_seed42/reports/comparison_row.json,outputs/experiments/protocol_v3/llama3_8b_qlora_l40_protocol_v3_phase2_r32_seed42/reports/metrics_history.jsonl,300,1.5957446808510638,train_log,2026-04-17T16:12:57.988283+00:00,1.8371,8.768091201782227,9.31640625,8.646641110051549,5.311128582088765,7.695913459123449,4.634540927893142,350,-0.9336528665657973,-0.9507276509281004,-0.6765876541956226,-0.9336528665657973,-0.9507276509281004,-0.6765876541956226,50,7.695913459123449,4.634540927893142,350,4,350,0.0002,10,0.05,8.887051582336426,14.470703125,0.4891490340232849,0.34433630108833313,0,0,0,0,0,0,1,2,8.887051105499268,14.470703125,50,4.932607258909515,4.934071354623884,4.938354517750442,7,0.005052985353064782,False,completed,7.589663982391357,14.470703125,0.05,0.01,0.447936475276947,3.012048192771085e-05,1.5957446808510638,300,,,,,,,,,,,,,,,,,,,,,,,,,,,,,,,,,,,,,,,,,,,
llama3_8b_qlora_l40_protocol_v3_phase2_r32_seed42__1776439568,llama3_8b_qlora_l40_protocol_v3_phase2_r32_seed42,qlora,train_and_eval,protocol_v3,logging_v2,meta-llama/Meta-Llama-3-8B,True,False,42,32,64,350,8,1024,8.316989216966332,7.383336350400535,7.383336350400535,2677.0969,0.131,completed,outputs/experiments/protocol_v3/llama3_8b_qlora_l40_protocol_v3_phase2_r32_seed42/reports/comparison_row.json,outputs/experiments/protocol_v3/llama3_8b_qlora_l40_protocol_v3_phase2_r32_seed42/reports/metrics_history.jsonl,300,1.5957446808510638,eval,2026-04-17T16:12:57.988287+00:00,,8.768091201782227,9.31640625,8.646641110051549,5.311128582088765,7.695913459123449,4.634540927893142,350,-0.9336528665657973,-0.9507276509281004,-0.6765876541956226,-0.9336528665657973,-0.9507276509281004,-0.6765876541956226,50,7.695913459123449,4.634540927893142,350,4,350,0.0002,10,0.05,8.887051582336426,14.470703125,0.4891490340232849,0.34433630108833313,0,0,0,0,0,0,1,2,8.887051105499268,14.470703125,50,4.932607258909515,4.934071354623884,4.938354517750442,7,0.005052985353064782,False,completed,7.589663982391357,14.470703125,0.05,0.01,,,1.5957446808510638,300,2.000913381576538,67.3518,3.786,3.786,,,,,,,,,,,,,,,,,,,,,,,,,,,,,,,,,,,,,,,
llama3_8b_qlora_l40_protocol_v3_phase2_r32_seed42__1776439568,llama3_8b_qlora_l40_protocol_v3_phase2_r32_seed42,qlora,train_and_eval,protocol_v3,logging_v2,meta-llama/Meta-Llama-3-8B,True,False,42,32,64,350,8,1024,8.316989216966332,7.383336350400535,7.383336350400535,2677.0969,0.131,completed,outputs/experiments/protocol_v3/llama3_8b_qlora_l40_protocol_v3_phase2_r32_seed42/reports/comparison_row.json,outputs/experiments/protocol_v3/llama3_8b_qlora_l40_protocol_v3_phase2_r32_seed42/reports/metrics_history.jsonl,300,1.5957446808510638,eval,2026-04-17T16:12:57.988290+00:00,,8.768091201782227,9.31640625,8.646641110051549,5.311128582088765,7.695913459123449,4.634540927893142,350,-0.9336528665657973,-0.9507276509281004,-0.6765876541956226,-0.9336528665657973,-0.9507276509281004,-0.6765876541956226,50,7.695913459123449,4.634540927893142,350,4,350,0.0002,10,0.05,8.887051582336426,14.470703125,0.4891490340232849,0.34433630108833313,0,0,0,0,0,0,1,2,8.887051105499268,14.470703125,50,4.932607258909515,4.934071354623884,4.938354517750442,7,0.005052985353064782,False,completed,7.589663982391357,14.470703125,0.05,0.01,,,1.5957446808510638,300,,,,,2.042290210723877,61.8063,3.786,3.786,,,,,,,,,,,,,,,,,,,,,,,,,,,,,,,,,,,
llama3_8b_qlora_l40_protocol_v3_phase2_r32_seed42__1776439568,llama3_8b_qlora_l40_protocol_v3_phase2_r32_seed42,qlora,train_and_eval,protocol_v3,logging_v2,meta-llama/Meta-Llama-3-8B,True,False,42,32,64,350,8,1024,8.316989216966332,7.383336350400535,7.383336350400535,2677.0969,0.131,completed,outputs/experiments/protocol_v3/llama3_8b_qlora_l40_protocol_v3_phase2_r32_seed42/reports/comparison_row.json,outputs/experiments/protocol_v3/llama3_8b_qlora_l40_protocol_v3_phase2_r32_seed42/reports/metrics_history.jsonl,300,1.5957446808510638,eval,2026-04-17T16:12:57.988294+00:00,,8.768091201782227,9.31640625,8.646641110051549,5.311128582088765,7.695913459123449,4.634540927893142,350,-0.9336528665657973,-0.9507276509281004,-0.6765876541956226,-0.9336528665657973,-0.9507276509281004,-0.6765876541956226,50,7.695913459123449,4.634540927893142,350,4,350,0.0002,10,0.05,8.887051582336426,14.470703125,0.4891490340232849,0.34433630108833313,0,0,0,0,0,0,1,2,8.887051105499268,14.470703125,50,4.932607258909515,4.934071354623884,4.938354517750442,7,0.005052985353064782,False,completed,7.589663982391357,14.470703125,0.05,0.01,,,1.5957446808510638,300,,,,,,,,,1.5370047092437744,5.5501,3.784,3.784,,,,,,,,,,,,,,,,,,,,,,,,,,,,,,,
llama3_8b_qlora_l40_protocol_v3_phase2_r32_seed42__1776439568,llama3_8b_qlora_l40_protocol_v3_phase2_r32_seed42,qlora,train_and_eval,protocol_v3,logging_v2,meta-llama/Meta-Llama-3-8B,True,False,42,32,64,350,8,1024,8.316989216966332,7.383336350400535,7.383336350400535,2677.0969,0.131,completed,outputs/experiments/protocol_v3/llama3_8b_qlora_l40_protocol_v3_phase2_r32_seed42/reports/comparison_row.json,outputs/experiments/protocol_v3/llama3_8b_qlora_l40_protocol_v3_phase2_r32_seed42/reports/metrics_history.jsonl,300,1.5957446808510638,eval,2026-04-17T16:12:57.988301+00:00,,8.768091201782227,9.31640625,8.646641110051549,5.311128582088765,7.695913459123449,4.634540927893142,350,-0.9336528665657973,-0.9507276509281004,-0.6765876541956226,-0.9336528665657973,-0.9507276509281004,-0.6765876541956226,50,7.695913459123449,4.634540927893142,350,4,350,0.0002,10,0.05,8.887051582336426,14.470703125,0.4891490340232849,0.34433630108833313,0,0,0,0,0,0,1,2,8.887051105499268,14.470703125,50,4.932607258909515,4.934071354623884,4.938354517750442,7,0.005052985353064782,False,completed,7.589663982391357,14.470703125,0.05,0.01,,,1.5957446808510638,300,2.000913381576538,67.3518,3.786,3.786,2.042290210723877,61.8063,3.786,3.786,1.5370047092437744,5.5501,3.784,3.784,7.395808209796832,8.887051582336426,14.470703125,8.887051582336426,14.470703125,8.887051582336426,14.470703125,7.70824249881841,8.887051582336426,14.470703125,8.887051582336426,14.470703125,8.887051582336426,14.470703125,4.650639370799394,8.887051105499268,14.470703125,8.887051105499268,14.470703125,8.887051105499268,14.470703125,4.933712056223303,4.933564898557961,4.935376831726171,0.0008967525903979787,50,,,,,
llama3_8b_qlora_l40_protocol_v3_phase2_r32_seed42__1776439568,llama3_8b_qlora_l40_protocol_v3_phase2_r32_seed42,qlora,train_and_eval,protocol_v3,logging_v2,meta-llama/Meta-Llama-3-8B,True,False,42,32,64,350,8,1024,8.316989216966332,7.383336350400535,7.383336350400535,2677.0969,0.131,completed,outputs/experiments/protocol_v3/llama3_8b_qlora_l40_protocol_v3_phase2_r32_seed42/reports/comparison_row.json,outputs/experiments/protocol_v3/llama3_8b_qlora_l40_protocol_v3_phase2_r32_seed42/reports/metrics_history.jsonl,310,1.648936170212766,train_log,2026-04-17T16:12:57.988308+00:00,1.8013,8.768091201782227,9.31640625,8.646641110051549,5.311128582088765,7.695913459123449,4.634540927893142,350,-0.9336528665657973,-0.9507276509281004,-0.6765876541956226,-0.9336528665657973,-0.9507276509281004,-0.6765876541956226,50,7.695913459123449,4.634540927893142,350,4,350,0.0002,10,0.05,8.887051582336426,14.470703125,0.4891490340232849,0.34433630108833313,0,0,0,0,0,0,1,2,8.887051105499268,14.470703125,50,4.932607258909515,4.934071354623884,4.938354517750442,7,0.005052985353064782,False,completed,7.589663982391357,14.470703125,0.05,0.01,0.4692577123641968,2.4096385542168677e-05,1.648936170212766,310,,,,,,,,,,,,,,,,,,,,,,,,,,,,,,,,,,,,,,,,,,,
llama3_8b_qlora_l40_protocol_v3_phase2_r32_seed42__1776439568,llama3_8b_qlora_l40_protocol_v3_phase2_r32_seed42,qlora,train_and_eval,protocol_v3,logging_v2,meta-llama/Meta-Llama-3-8B,True,False,42,32,64,350,8,1024,8.316989216966332,7.383336350400535,7.383336350400535,2677.0969,0.131,completed,outputs/experiments/protocol_v3/llama3_8b_qlora_l40_protocol_v3_phase2_r32_seed42/reports/comparison_row.json,outputs/experiments/protocol_v3/llama3_8b_qlora_l40_protocol_v3_phase2_r32_seed42/reports/metrics_history.jsonl,320,1.702127659574468,train_log,2026-04-17T16:12:57.988311+00:00,1.8346,8.768091201782227,9.31640625,8.646641110051549,5.311128582088765,7.695913459123449,4.634540927893142,350,-0.9336528665657973,-0.9507276509281004,-0.6765876541956226,-0.9336528665657973,-0.9507276509281004,-0.6765876541956226,50,7.695913459123449,4.634540927893142,350,4,350,0.0002,10,0.05,8.887051582336426,14.470703125,0.4891490340232849,0.34433630108833313,0,0,0,0,0,0,1,2,8.887051105499268,14.470703125,50,4.932607258909515,4.934071354623884,4.938354517750442,7,0.005052985353064782,False,completed,7.589663982391357,14.470703125,0.05,0.01,0.4236016869544983,1.8072289156626505e-05,1.702127659574468,320,,,,,,,,,,,,,,,,,,,,,,,,,,,,,,,,,,,,,,,,,,,
llama3_8b_qlora_l40_protocol_v3_phase2_r32_seed42__1776439568,llama3_8b_qlora_l40_protocol_v3_phase2_r32_seed42,qlora,train_and_eval,protocol_v3,logging_v2,meta-llama/Meta-Llama-3-8B,True,False,42,32,64,350,8,1024,8.316989216966332,7.383336350400535,7.383336350400535,2677.0969,0.131,completed,outputs/experiments/protocol_v3/llama3_8b_qlora_l40_protocol_v3_phase2_r32_seed42/reports/comparison_row.json,outputs/experiments/protocol_v3/llama3_8b_qlora_l40_protocol_v3_phase2_r32_seed42/reports/metrics_history.jsonl,330,1.7553191489361701,train_log,2026-04-17T16:12:57.988315+00:00,1.7946,8.768091201782227,9.31640625,8.646641110051549,5.311128582088765,7.695913459123449,4.634540927893142,350,-0.9336528665657973,-0.9507276509281004,-0.6765876541956226,-0.9336528665657973,-0.9507276509281004,-0.6765876541956226,50,7.695913459123449,4.634540927893142,350,4,350,0.0002,10,0.05,8.887051582336426,14.470703125,0.4891490340232849,0.34433630108833313,0,0,0,0,0,0,1,2,8.887051105499268,14.470703125,50,4.932607258909515,4.934071354623884,4.938354517750442,7,0.005052985353064782,False,completed,7.589663982391357,14.470703125,0.05,0.01,0.4591073989868164,1.2048192771084338e-05,1.7553191489361701,330,,,,,,,,,,,,,,,,,,,,,,,,,,,,,,,,,,,,,,,,,,,
llama3_8b_qlora_l40_protocol_v3_phase2_r32_seed42__1776439568,llama3_8b_qlora_l40_protocol_v3_phase2_r32_seed42,qlora,train_and_eval,protocol_v3,logging_v2,meta-llama/Meta-Llama-3-8B,True,False,42,32,64,350,8,1024,8.316989216966332,7.383336350400535,7.383336350400535,2677.0969,0.131,completed,outputs/experiments/protocol_v3/llama3_8b_qlora_l40_protocol_v3_phase2_r32_seed42/reports/comparison_row.json,outputs/experiments/protocol_v3/llama3_8b_qlora_l40_protocol_v3_phase2_r32_seed42/reports/metrics_history.jsonl,340,1.8085106382978724,train_log,2026-04-17T16:12:57.988319+00:00,1.9323,8.768091201782227,9.31640625,8.646641110051549,5.311128582088765,7.695913459123449,4.634540927893142,350,-0.9336528665657973,-0.9507276509281004,-0.6765876541956226,-0.9336528665657973,-0.9507276509281004,-0.6765876541956226,50,7.695913459123449,4.634540927893142,350,4,350,0.0002,10,0.05,8.887051582336426,14.470703125,0.4891490340232849,0.34433630108833313,0,0,0,0,0,0,1,2,8.887051105499268,14.470703125,50,4.932607258909515,4.934071354623884,4.938354517750442,7,0.005052985353064782,False,completed,7.589663982391357,14.470703125,0.05,0.01,0.47112980484962463,6.024096385542169e-06,1.8085106382978724,340,,,,,,,,,,,,,,,,,,,,,,,,,,,,,,,,,,,,,,,,,,,
llama3_8b_qlora_l40_protocol_v3_phase2_r32_seed42__1776439568,llama3_8b_qlora_l40_protocol_v3_phase2_r32_seed42,qlora,train_and_eval,protocol_v3,logging_v2,meta-llama/Meta-Llama-3-8B,True,False,42,32,64,350,8,1024,8.316989216966332,7.383336350400535,7.383336350400535,2677.0969,0.131,completed,outputs/experiments/protocol_v3/llama3_8b_qlora_l40_protocol_v3_phase2_r32_seed42/reports/comparison_row.json,outputs/experiments/protocol_v3/llama3_8b_qlora_l40_protocol_v3_phase2_r32_seed42/reports/metrics_history.jsonl,350,1.8617021276595744,train_log,2026-04-17T16:12:57.988322+00:00,1.8512,8.768091201782227,9.31640625,8.646641110051549,5.311128582088765,7.695913459123449,4.634540927893142,350,-0.9336528665657973,-0.9507276509281004,-0.6765876541956226,-0.9336528665657973,-0.9507276509281004,-0.6765876541956226,50,7.695913459123449,4.634540927893142,350,4,350,0.0002,10,0.05,8.887051582336426,14.470703125,0.4891490340232849,0.34433630108833313,0,0,0,0,0,0,1,2,8.887051105499268,14.470703125,50,4.932607258909515,4.934071354623884,4.938354517750442,7,0.005052985353064782,False,completed,7.589663982391357,14.470703125,0.05,0.01,0.4306849241256714,0.0,1.8617021276595744,350,,,,,,,,,,,,,,,,,,,,,,,,,,,,,,,,,,,,,,,,,,,
llama3_8b_qlora_l40_protocol_v3_phase2_r32_seed42__1776439568,llama3_8b_qlora_l40_protocol_v3_phase2_r32_seed42,qlora,train_and_eval,protocol_v3,logging_v2,meta-llama/Meta-Llama-3-8B,True,False,42,32,64,350,8,1024,8.316989216966332,7.383336350400535,7.383336350400535,2677.0969,0.131,completed,outputs/experiments/protocol_v3/llama3_8b_qlora_l40_protocol_v3_phase2_r32_seed42/reports/comparison_row.json,outputs/experiments/protocol_v3/llama3_8b_qlora_l40_protocol_v3_phase2_r32_seed42/reports/metrics_history.jsonl,350,1.8617021276595744,eval,2026-04-17T16:12:57.988326+00:00,,8.768091201782227,9.31640625,8.646641110051549,5.311128582088765,7.695913459123449,4.634540927893142,350,-0.9336528665657973,-0.9507276509281004,-0.6765876541956226,-0.9336528665657973,-0.9507276509281004,-0.6765876541956226,50,7.695913459123449,4.634540927893142,350,4,350,0.0002,10,0.05,8.887051582336426,14.470703125,0.4891490340232849,0.34433630108833313,0,0,0,0,0,0,1,2,8.887051105499268,14.470703125,50,4.932607258909515,4.934071354623884,4.938354517750442,7,0.005052985353064782,False,completed,7.589663982391357,14.470703125,0.05,0.01,,,1.8617021276595744,350,1.9992256164550781,67.2351,3.793,3.793,,,,,,,,,,,,,,,,,,,,,,,,,,,,,,,,,,,,,,,
llama3_8b_qlora_l40_protocol_v3_phase2_r32_seed42__1776439568,llama3_8b_qlora_l40_protocol_v3_phase2_r32_seed42,qlora,train_and_eval,protocol_v3,logging_v2,meta-llama/Meta-Llama-3-8B,True,False,42,32,64,350,8,1024,8.316989216966332,7.383336350400535,7.383336350400535,2677.0969,0.131,completed,outputs/experiments/protocol_v3/llama3_8b_qlora_l40_protocol_v3_phase2_r32_seed42/reports/comparison_row.json,outputs/experiments/protocol_v3/llama3_8b_qlora_l40_protocol_v3_phase2_r32_seed42/reports/metrics_history.jsonl,350,1.8617021276595744,eval,2026-04-17T16:12:57.988330+00:00,,8.768091201782227,9.31640625,8.646641110051549,5.311128582088765,7.695913459123449,4.634540927893142,350,-0.9336528665657973,-0.9507276509281004,-0.6765876541956226,-0.9336528665657973,-0.9507276509281004,-0.6765876541956226,50,7.695913459123449,4.634540927893142,350,4,350,0.0002,10,0.05,8.887051582336426,14.470703125,0.4891490340232849,0.34433630108833313,0,0,0,0,0,0,1,2,8.887051105499268,14.470703125,50,4.932607258909515,4.934071354623884,4.938354517750442,7,0.005052985353064782,False,completed,7.589663982391357,14.470703125,0.05,0.01,,,1.8617021276595744,350,,,,,2.040689468383789,61.6979,3.793,3.793,,,,,,,,,,,,,,,,,,,,,,,,,,,,,,,,,,,
llama3_8b_qlora_l40_protocol_v3_phase2_r32_seed42__1776439568,llama3_8b_qlora_l40_protocol_v3_phase2_r32_seed42,qlora,train_and_eval,protocol_v3,logging_v2,meta-llama/Meta-Llama-3-8B,True,False,42,32,64,350,8,1024,8.316989216966332,7.383336350400535,7.383336350400535,2677.0969,0.131,completed,outputs/experiments/protocol_v3/llama3_8b_qlora_l40_protocol_v3_phase2_r32_seed42/reports/comparison_row.json,outputs/experiments/protocol_v3/llama3_8b_qlora_l40_protocol_v3_phase2_r32_seed42/reports/metrics_history.jsonl,350,1.8617021276595744,eval,2026-04-17T16:12:57.988333+00:00,,8.768091201782227,9.31640625,8.646641110051549,5.311128582088765,7.695913459123449,4.634540927893142,350,-0.9336528665657973,-0.9507276509281004,-0.6765876541956226,-0.9336528665657973,-0.9507276509281004,-0.6765876541956226,50,7.695913459123449,4.634540927893142,350,4,350,0.0002,10,0.05,8.887051582336426,14.470703125,0.4891490340232849,0.34433630108833313,0,0,0,0,0,0,1,2,8.887051105499268,14.470703125,50,4.932607258909515,4.934071354623884,4.938354517750442,7,0.005052985353064782,False,completed,7.589663982391357,14.470703125,0.05,0.01,,,1.8617021276595744,350,,,,,,,,,1.5335371494293213,5.5395,3.791,3.791,,,,,,,,,,,,,,,,,,,,,,,,,,,,,,,
llama3_8b_qlora_l40_protocol_v3_phase2_r32_seed42__1776439568,llama3_8b_qlora_l40_protocol_v3_phase2_r32_seed42,qlora,train_and_eval,protocol_v3,logging_v2,meta-llama/Meta-Llama-3-8B,True,False,42,32,64,350,8,1024,8.316989216966332,7.383336350400535,7.383336350400535,2677.0969,0.131,completed,outputs/experiments/protocol_v3/llama3_8b_qlora_l40_protocol_v3_phase2_r32_seed42/reports/comparison_row.json,outputs/experiments/protocol_v3/llama3_8b_qlora_l40_protocol_v3_phase2_r32_seed42/reports/metrics_history.jsonl,350,1.8617021276595744,eval,2026-04-17T16:12:57.988340+00:00,,8.768091201782227,9.31640625,8.646641110051549,5.311128582088765,7.695913459123449,4.634540927893142,350,-0.9336528665657973,-0.9507276509281004,-0.6765876541956226,-0.9336528665657973,-0.9507276509281004,-0.6765876541956226,50,7.695913459123449,4.634540927893142,350,4,350,0.0002,10,0.05,8.887051582336426,14.470703125,0.4891490340232849,0.34433630108833313,0,0,0,0,0,0,1,2,8.887051105499268,14.470703125,50,4.932607258909515,4.934071354623884,4.938354517750442,7,0.005052985353064782,False,completed,7.589663982391357,14.470703125,0.05,0.01,,,1.8617021276595744,350,1.9992256164550781,67.2351,3.793,3.793,2.040689468383789,61.6979,3.793,3.793,1.5335371494293213,5.5395,3.791,3.791,7.383336350400535,8.887051582336426,14.470703125,8.887051582336426,14.470703125,8.887051582336426,14.470703125,7.695913459123449,8.887051582336426,14.470703125,8.887051582336426,14.470703125,8.887051582336426,14.470703125,4.634540927893142,8.887051105499268,14.470703125,8.887051105499268,14.470703125,8.887051105499268,14.470703125,4.924836075007915,4.924792633973993,4.925985610974021,0.0006945243397069215,50,,,,,
llama3_8b_qlora_l40_protocol_v3_phase2_r32_seed42__1776439568,llama3_8b_qlora_l40_protocol_v3_phase2_r32_seed42,qlora,train_and_eval,protocol_v3,logging_v2,meta-llama/Meta-Llama-3-8B,True,False,42,32,64,350,8,1024,8.316989216966332,7.383336350400535,7.383336350400535,2677.0969,0.131,completed,outputs/experiments/protocol_v3/llama3_8b_qlora_l40_protocol_v3_phase2_r32_seed42/reports/comparison_row.json,outputs/experiments/protocol_v3/llama3_8b_qlora_l40_protocol_v3_phase2_r32_seed42/reports/metrics_history.jsonl,350,1.8617021276595744,system,2026-04-17T16:12:57.988348+00:00,,8.768091201782227,9.31640625,8.646641110051549,5.311128582088765,7.695913459123449,4.634540927893142,350,-0.9336528665657973,-0.9507276509281004,-0.6765876541956226,-0.9336528665657973,-0.9507276509281004,-0.6765876541956226,50,7.695913459123449,4.634540927893142,350,4,350,0.0002,10,0.05,8.887051582336426,14.470703125,0.4891490340232849,0.34433630108833313,0,0,0,0,0,0,1,2,8.887051105499268,14.470703125,50,4.932607258909515,4.934071354623884,4.938354517750442,7,0.005052985353064782,False,completed,7.589663982391357,14.470703125,0.05,0.01,,,1.8617021276595744,350,,,,,,,,,,,,,,,,,,,,,,,,,,,,,,,,,,,,,,,2677.0969,1.046,0.131,1.295777305460736e+17,1.9172063555036272
llama3_8b_qlora_l40_protocol_v3_phase2_r32_seed43__1776524912,llama3_8b_qlora_l40_protocol_v3_phase2_r32_seed43,qlora,train_and_eval,protocol_v3,logging_v2,meta-llama/Meta-Llama-3-8B,True,False,43,32,64,350,8,1024,8.316989216966332,7.381526078549463,7.381526078549463,2715.3206,0.129,completed,outputs/experiments/protocol_v3/llama3_8b_qlora_l40_protocol_v3_phase2_r32_seed43/reports/comparison_row.json,outputs/experiments/protocol_v3/llama3_8b_qlora_l40_protocol_v3_phase2_r32_seed43/reports/metrics_history.jsonl,10,0.05319148936170213,train_log,2026-04-18T15:56:01.712120+00:00,2.0812,8.768091201782227,9.31640625,8.646641110051549,5.311128582088765,7.694667697659493,4.640502153866472,350,-0.9354631384168695,-0.9519734123920562,-0.6706264282222927,-0.9354631384168695,-0.9519734123920562,-0.6706264282222927,50,7.694667697659493,4.640502153866472,350,4,350,0.0002,10,0.05,8.887051582336426,14.470703125,0.5291473269462585,0.35087352991104126,0,0,0,0,0,0,1,2,8.887051105499268,14.470703125,50,5.007544589570856,5.005242221010849,5.014269381888676,7,0.003923059062030694,False,completed,7.589663982391357,14.470703125,0.05,0.01,0.40214964747428894,0.00011111111111111112,0.05319148936170213,10,,,,,,,,,,,,,,,,,,,,,,,,,,,,,,,,,,,,,,,,,,,
llama3_8b_qlora_l40_protocol_v3_phase2_r32_seed43__1776524912,llama3_8b_qlora_l40_protocol_v3_phase2_r32_seed43,qlora,train_and_eval,protocol_v3,logging_v2,meta-llama/Meta-Llama-3-8B,True,False,43,32,64,350,8,1024,8.316989216966332,7.381526078549463,7.381526078549463,2715.3206,0.129,completed,outputs/experiments/protocol_v3/llama3_8b_qlora_l40_protocol_v3_phase2_r32_seed43/reports/comparison_row.json,outputs/experiments/protocol_v3/llama3_8b_qlora_l40_protocol_v3_phase2_r32_seed43/reports/metrics_history.jsonl,20,0.10638297872340426,train_log,2026-04-18T15:56:01.712140+00:00,2.0946,8.768091201782227,9.31640625,8.646641110051549,5.311128582088765,7.694667697659493,4.640502153866472,350,-0.9354631384168695,-0.9519734123920562,-0.6706264282222927,-0.9354631384168695,-0.9519734123920562,-0.6706264282222927,50,7.694667697659493,4.640502153866472,350,4,350,0.0002,10,0.05,8.887051582336426,14.470703125,0.5291473269462585,0.35087352991104126,0,0,0,0,0,0,1,2,8.887051105499268,14.470703125,50,5.007544589570856,5.005242221010849,5.014269381888676,7,0.003923059062030694,False,completed,7.589663982391357,14.470703125,0.05,0.01,0.37041226029396057,0.00019879518072289158,0.10638297872340426,20,,,,,,,,,,,,,,,,,,,,,,,,,,,,,,,,,,,,,,,,,,,
llama3_8b_qlora_l40_protocol_v3_phase2_r32_seed43__1776524912,llama3_8b_qlora_l40_protocol_v3_phase2_r32_seed43,qlora,train_and_eval,protocol_v3,logging_v2,meta-llama/Meta-Llama-3-8B,True,False,43,32,64,350,8,1024,8.316989216966332,7.381526078549463,7.381526078549463,2715.3206,0.129,completed,outputs/experiments/protocol_v3/llama3_8b_qlora_l40_protocol_v3_phase2_r32_seed43/reports/comparison_row.json,outputs/experiments/protocol_v3/llama3_8b_qlora_l40_protocol_v3_phase2_r32_seed43/reports/metrics_history.jsonl,30,0.1595744680851064,train_log,2026-04-18T15:56:01.712146+00:00,2.0088,8.768091201782227,9.31640625,8.646641110051549,5.311128582088765,7.694667697659493,4.640502153866472,350,-0.9354631384168695,-0.9519734123920562,-0.6706264282222927,-0.9354631384168695,-0.9519734123920562,-0.6706264282222927,50,7.694667697659493,4.640502153866472,350,4,350,0.0002,10,0.05,8.887051582336426,14.470703125,0.5291473269462585,0.35087352991104126,0,0,0,0,0,0,1,2,8.887051105499268,14.470703125,50,5.007544589570856,5.005242221010849,5.014269381888676,7,0.003923059062030694,False,completed,7.589663982391357,14.470703125,0.05,0.01,0.37373700737953186,0.00019277108433734942,0.1595744680851064,30,,,,,,,,,,,,,,,,,,,,,,,,,,,,,,,,,,,,,,,,,,,
llama3_8b_qlora_l40_protocol_v3_phase2_r32_seed43__1776524912,llama3_8b_qlora_l40_protocol_v3_phase2_r32_seed43,qlora,train_and_eval,protocol_v3,logging_v2,meta-llama/Meta-Llama-3-8B,True,False,43,32,64,350,8,1024,8.316989216966332,7.381526078549463,7.381526078549463,2715.3206,0.129,completed,outputs/experiments/protocol_v3/llama3_8b_qlora_l40_protocol_v3_phase2_r32_seed43/reports/comparison_row.json,outputs/experiments/protocol_v3/llama3_8b_qlora_l40_protocol_v3_phase2_r32_seed43/reports/metrics_history.jsonl,40,0.2127659574468085,train_log,2026-04-18T15:56:01.712150+00:00,1.9701,8.768091201782227,9.31640625,8.646641110051549,5.311128582088765,7.694667697659493,4.640502153866472,350,-0.9354631384168695,-0.9519734123920562,-0.6706264282222927,-0.9354631384168695,-0.9519734123920562,-0.6706264282222927,50,7.694667697659493,4.640502153866472,350,4,350,0.0002,10,0.05,8.887051582336426,14.470703125,0.5291473269462585,0.35087352991104126,0,0,0,0,0,0,1,2,8.887051105499268,14.470703125,50,5.007544589570856,5.005242221010849,5.014269381888676,7,0.003923059062030694,False,completed,7.589663982391357,14.470703125,0.05,0.01,0.3587862253189087,0.00018674698795180723,0.2127659574468085,40,,,,,,,,,,,,,,,,,,,,,,,,,,,,,,,,,,,,,,,,,,,
llama3_8b_qlora_l40_protocol_v3_phase2_r32_seed43__1776524912,llama3_8b_qlora_l40_protocol_v3_phase2_r32_seed43,qlora,train_and_eval,protocol_v3,logging_v2,meta-llama/Meta-Llama-3-8B,True,False,43,32,64,350,8,1024,8.316989216966332,7.381526078549463,7.381526078549463,2715.3206,0.129,completed,outputs/experiments/protocol_v3/llama3_8b_qlora_l40_protocol_v3_phase2_r32_seed43/reports/comparison_row.json,outputs/experiments/protocol_v3/llama3_8b_qlora_l40_protocol_v3_phase2_r32_seed43/reports/metrics_history.jsonl,50,0.26595744680851063,train_log,2026-04-18T15:56:01.712154+00:00,1.9717,8.768091201782227,9.31640625,8.646641110051549,5.311128582088765,7.694667697659493,4.640502153866472,350,-0.9354631384168695,-0.9519734123920562,-0.6706264282222927,-0.9354631384168695,-0.9519734123920562,-0.6706264282222927,50,7.694667697659493,4.640502153866472,350,4,350,0.0002,10,0.05,8.887051582336426,14.470703125,0.5291473269462585,0.35087352991104126,0,0,0,0,0,0,1,2,8.887051105499268,14.470703125,50,5.007544589570856,5.005242221010849,5.014269381888676,7,0.003923059062030694,False,completed,7.589663982391357,14.470703125,0.05,0.01,0.36752989888191223,0.00018072289156626507,0.26595744680851063,50,,,,,,,,,,,,,,,,,,,,,,,,,,,,,,,,,,,,,,,,,,,
llama3_8b_qlora_l40_protocol_v3_phase2_r32_seed43__1776524912,llama3_8b_qlora_l40_protocol_v3_phase2_r32_seed43,qlora,train_and_eval,protocol_v3,logging_v2,meta-llama/Meta-Llama-3-8B,True,False,43,32,64,350,8,1024,8.316989216966332,7.381526078549463,7.381526078549463,2715.3206,0.129,completed,outputs/experiments/protocol_v3/llama3_8b_qlora_l40_protocol_v3_phase2_r32_seed43/reports/comparison_row.json,outputs/experiments/protocol_v3/llama3_8b_qlora_l40_protocol_v3_phase2_r32_seed43/reports/metrics_history.jsonl,50,0.26595744680851063,eval,2026-04-18T15:56:01.712159+00:00,,8.768091201782227,9.31640625,8.646641110051549,5.311128582088765,7.694667697659493,4.640502153866472,350,-0.9354631384168695,-0.9519734123920562,-0.6706264282222927,-0.9354631384168695,-0.9519734123920562,-0.6706264282222927,50,7.694667697659493,4.640502153866472,350,4,350,0.0002,10,0.05,8.887051582336426,14.470703125,0.5291473269462585,0.35087352991104126,0,0,0,0,0,0,1,2,8.887051105499268,14.470703125,50,5.007544589570856,5.005242221010849,5.014269381888676,7,0.003923059062030694,False,completed,7.589663982391357,14.470703125,0.05,0.01,,,0.26595744680851063,50,2.037522315979004,68.1778,3.74,3.74,,,,,,,,,,,,,,,,,,,,,,,,,,,,,,,,,,,,,,,
llama3_8b_qlora_l40_protocol_v3_phase2_r32_seed43__1776524912,llama3_8b_qlora_l40_protocol_v3_phase2_r32_seed43,qlora,train_and_eval,protocol_v3,logging_v2,meta-llama/Meta-Llama-3-8B,True,False,43,32,64,350,8,1024,8.316989216966332,7.381526078549463,7.381526078549463,2715.3206,0.129,completed,outputs/experiments/protocol_v3/llama3_8b_qlora_l40_protocol_v3_phase2_r32_seed43/reports/comparison_row.json,outputs/experiments/protocol_v3/llama3_8b_qlora_l40_protocol_v3_phase2_r32_seed43/reports/metrics_history.jsonl,50,0.26595744680851063,eval,2026-04-18T15:56:01.712165+00:00,,8.768091201782227,9.31640625,8.646641110051549,5.311128582088765,7.694667697659493,4.640502153866472,350,-0.9354631384168695,-0.9519734123920562,-0.6706264282222927,-0.9354631384168695,-0.9519734123920562,-0.6706264282222927,50,7.694667697659493,4.640502153866472,350,4,350,0.0002,10,0.05,8.887051582336426,14.470703125,0.5291473269462585,0.35087352991104126,0,0,0,0,0,0,1,2,8.887051105499268,14.470703125,50,5.007544589570856,5.005242221010849,5.014269381888676,7,0.003923059062030694,False,completed,7.589663982391357,14.470703125,0.05,0.01,,,0.26595744680851063,50,,,,,2.0770065784454346,62.5607,3.74,3.74,,,,,,,,,,,,,,,,,,,,,,,,,,,,,,,,,,,
llama3_8b_qlora_l40_protocol_v3_phase2_r32_seed43__1776524912,llama3_8b_qlora_l40_protocol_v3_phase2_r32_seed43,qlora,train_and_eval,protocol_v3,logging_v2,meta-llama/Meta-Llama-3-8B,True,False,43,32,64,350,8,1024,8.316989216966332,7.381526078549463,7.381526078549463,2715.3206,0.129,completed,outputs/experiments/protocol_v3/llama3_8b_qlora_l40_protocol_v3_phase2_r32_seed43/reports/comparison_row.json,outputs/experiments/protocol_v3/llama3_8b_qlora_l40_protocol_v3_phase2_r32_seed43/reports/metrics_history.jsonl,50,0.26595744680851063,eval,2026-04-18T15:56:01.712171+00:00,,8.768091201782227,9.31640625,8.646641110051549,5.311128582088765,7.694667697659493,4.640502153866472,350,-0.9354631384168695,-0.9519734123920562,-0.6706264282222927,-0.9354631384168695,-0.9519734123920562,-0.6706264282222927,50,7.694667697659493,4.640502153866472,350,4,350,0.0002,10,0.05,8.887051582336426,14.470703125,0.5291473269462585,0.35087352991104126,0,0,0,0,0,0,1,2,8.887051105499268,14.470703125,50,5.007544589570856,5.005242221010849,5.014269381888676,7,0.003923059062030694,False,completed,7.589663982391357,14.470703125,0.05,0.01,,,0.26595744680851063,50,,,,,,,,,1.59206223487854,5.6179,3.738,3.738,,,,,,,,,,,,,,,,,,,,,,,,,,,,,,,
llama3_8b_qlora_l40_protocol_v3_phase2_r32_seed43__1776524912,llama3_8b_qlora_l40_protocol_v3_phase2_r32_seed43,qlora,train_and_eval,protocol_v3,logging_v2,meta-llama/Meta-Llama-3-8B,True,False,43,32,64,350,8,1024,8.316989216966332,7.381526078549463,7.381526078549463,2715.3206,0.129,completed,outputs/experiments/protocol_v3/llama3_8b_qlora_l40_protocol_v3_phase2_r32_seed43/reports/comparison_row.json,outputs/experiments/protocol_v3/llama3_8b_qlora_l40_protocol_v3_phase2_r32_seed43/reports/metrics_history.jsonl,50,0.26595744680851063,eval,2026-04-18T15:56:01.712181+00:00,,8.768091201782227,9.31640625,8.646641110051549,5.311128582088765,7.694667697659493,4.640502153866472,350,-0.9354631384168695,-0.9519734123920562,-0.6706264282222927,-0.9354631384168695,-0.9519734123920562,-0.6706264282222927,50,7.694667697659493,4.640502153866472,350,4,350,0.0002,10,0.05,8.887051582336426,14.470703125,0.5291473269462585,0.35087352991104126,0,0,0,0,0,0,1,2,8.887051105499268,14.470703125,50,5.007544589570856,5.005242221010849,5.014269381888676,7,0.003923059062030694,False,completed,7.589663982391357,14.470703125,0.05,0.01,,,0.26595744680851063,50,2.037522315979004,68.1778,3.74,3.74,2.0770065784454346,62.5607,3.74,3.74,1.59206223487854,5.6179,3.738,3.738,7.671577885881238,8.887051582336426,14.470703125,8.887051582336426,14.470703125,8.887051582336426,14.470703125,7.9805439910709675,8.887051582336426,14.470703125,8.887051582336426,14.470703125,8.887051582336426,14.470703125,4.913872044936654,8.887051105499268,14.470703125,8.887051105499268,14.470703125,8.887051105499268,14.470703125,5.007165884212591,5.002398235024884,5.00477778557688,0.03533603006950656,50,,,,,
llama3_8b_qlora_l40_protocol_v3_phase2_r32_seed43__1776524912,llama3_8b_qlora_l40_protocol_v3_phase2_r32_seed43,qlora,train_and_eval,protocol_v3,logging_v2,meta-llama/Meta-Llama-3-8B,True,False,43,32,64,350,8,1024,8.316989216966332,7.381526078549463,7.381526078549463,2715.3206,0.129,completed,outputs/experiments/protocol_v3/llama3_8b_qlora_l40_protocol_v3_phase2_r32_seed43/reports/comparison_row.json,outputs/experiments/protocol_v3/llama3_8b_qlora_l40_protocol_v3_phase2_r32_seed43/reports/metrics_history.jsonl,60,0.3191489361702128,train_log,2026-04-18T15:56:01.712189+00:00,1.8859,8.768091201782227,9.31640625,8.646641110051549,5.311128582088765,7.694667697659493,4.640502153866472,350,-0.9354631384168695,-0.9519734123920562,-0.6706264282222927,-0.9354631384168695,-0.9519734123920562,-0.6706264282222927,50,7.694667697659493,4.640502153866472,350,4,350,0.0002,10,0.05,8.887051582336426,14.470703125,0.5291473269462585,0.35087352991104126,0,0,0,0,0,0,1,2,8.887051105499268,14.470703125,50,5.007544589570856,5.005242221010849,5.014269381888676,7,0.003923059062030694,False,completed,7.589663982391357,14.470703125,0.05,0.01,0.37207967042922974,0.0001746987951807229,0.3191489361702128,60,,,,,,,,,,,,,,,,,,,,,,,,,,,,,,,,,,,,,,,,,,,
llama3_8b_qlora_l40_protocol_v3_phase2_r32_seed43__1776524912,llama3_8b_qlora_l40_protocol_v3_phase2_r32_seed43,qlora,train_and_eval,protocol_v3,logging_v2,meta-llama/Meta-Llama-3-8B,True,False,43,32,64,350,8,1024,8.316989216966332,7.381526078549463,7.381526078549463,2715.3206,0.129,completed,outputs/experiments/protocol_v3/llama3_8b_qlora_l40_protocol_v3_phase2_r32_seed43/reports/comparison_row.json,outputs/experiments/protocol_v3/llama3_8b_qlora_l40_protocol_v3_phase2_r32_seed43/reports/metrics_history.jsonl,70,0.3723404255319149,train_log,2026-04-18T15:56:01.712194+00:00,1.9315,8.768091201782227,9.31640625,8.646641110051549,5.311128582088765,7.694667697659493,4.640502153866472,350,-0.9354631384168695,-0.9519734123920562,-0.6706264282222927,-0.9354631384168695,-0.9519734123920562,-0.6706264282222927,50,7.694667697659493,4.640502153866472,350,4,350,0.0002,10,0.05,8.887051582336426,14.470703125,0.5291473269462585,0.35087352991104126,0,0,0,0,0,0,1,2,8.887051105499268,14.470703125,50,5.007544589570856,5.005242221010849,5.014269381888676,7,0.003923059062030694,False,completed,7.589663982391357,14.470703125,0.05,0.01,0.35734066367149353,0.00016867469879518074,0.3723404255319149,70,,,,,,,,,,,,,,,,,,,,,,,,,,,,,,,,,,,,,,,,,,,
llama3_8b_qlora_l40_protocol_v3_phase2_r32_seed43__1776524912,llama3_8b_qlora_l40_protocol_v3_phase2_r32_seed43,qlora,train_and_eval,protocol_v3,logging_v2,meta-llama/Meta-Llama-3-8B,True,False,43,32,64,350,8,1024,8.316989216966332,7.381526078549463,7.381526078549463,2715.3206,0.129,completed,outputs/experiments/protocol_v3/llama3_8b_qlora_l40_protocol_v3_phase2_r32_seed43/reports/comparison_row.json,outputs/experiments/protocol_v3/llama3_8b_qlora_l40_protocol_v3_phase2_r32_seed43/reports/metrics_history.jsonl,80,0.425531914893617,train_log,2026-04-18T15:56:01.712197+00:00,1.9923,8.768091201782227,9.31640625,8.646641110051549,5.311128582088765,7.694667697659493,4.640502153866472,350,-0.9354631384168695,-0.9519734123920562,-0.6706264282222927,-0.9354631384168695,-0.9519734123920562,-0.6706264282222927,50,7.694667697659493,4.640502153866472,350,4,350,0.0002,10,0.05,8.887051582336426,14.470703125,0.5291473269462585,0.35087352991104126,0,0,0,0,0,0,1,2,8.887051105499268,14.470703125,50,5.007544589570856,5.005242221010849,5.014269381888676,7,0.003923059062030694,False,completed,7.589663982391357,14.470703125,0.05,0.01,0.3608132600784302,0.00016265060240963855,0.425531914893617,80,,,,,,,,,,,,,,,,,,,,,,,,,,,,,,,,,,,,,,,,,,,
llama3_8b_qlora_l40_protocol_v3_phase2_r32_seed43__1776524912,llama3_8b_qlora_l40_protocol_v3_phase2_r32_seed43,qlora,train_and_eval,protocol_v3,logging_v2,meta-llama/Meta-Llama-3-8B,True,False,43,32,64,350,8,1024,8.316989216966332,7.381526078549463,7.381526078549463,2715.3206,0.129,completed,outputs/experiments/protocol_v3/llama3_8b_qlora_l40_protocol_v3_phase2_r32_seed43/reports/comparison_row.json,outputs/experiments/protocol_v3/llama3_8b_qlora_l40_protocol_v3_phase2_r32_seed43/reports/metrics_history.jsonl,90,0.4787234042553192,train_log,2026-04-18T15:56:01.712202+00:00,1.9581,8.768091201782227,9.31640625,8.646641110051549,5.311128582088765,7.694667697659493,4.640502153866472,350,-0.9354631384168695,-0.9519734123920562,-0.6706264282222927,-0.9354631384168695,-0.9519734123920562,-0.6706264282222927,50,7.694667697659493,4.640502153866472,350,4,350,0.0002,10,0.05,8.887051582336426,14.470703125,0.5291473269462585,0.35087352991104126,0,0,0,0,0,0,1,2,8.887051105499268,14.470703125,50,5.007544589570856,5.005242221010849,5.014269381888676,7,0.003923059062030694,False,completed,7.589663982391357,14.470703125,0.05,0.01,0.3558027148246765,0.0001566265060240964,0.4787234042553192,90,,,,,,,,,,,,,,,,,,,,,,,,,,,,,,,,,,,,,,,,,,,
llama3_8b_qlora_l40_protocol_v3_phase2_r32_seed43__1776524912,llama3_8b_qlora_l40_protocol_v3_phase2_r32_seed43,qlora,train_and_eval,protocol_v3,logging_v2,meta-llama/Meta-Llama-3-8B,True,False,43,32,64,350,8,1024,8.316989216966332,7.381526078549463,7.381526078549463,2715.3206,0.129,completed,outputs/experiments/protocol_v3/llama3_8b_qlora_l40_protocol_v3_phase2_r32_seed43/reports/comparison_row.json,outputs/experiments/protocol_v3/llama3_8b_qlora_l40_protocol_v3_phase2_r32_seed43/reports/metrics_history.jsonl,100,0.5319148936170213,train_log,2026-04-18T15:56:01.712205+00:00,1.9756,8.768091201782227,9.31640625,8.646641110051549,5.311128582088765,7.694667697659493,4.640502153866472,350,-0.9354631384168695,-0.9519734123920562,-0.6706264282222927,-0.9354631384168695,-0.9519734123920562,-0.6706264282222927,50,7.694667697659493,4.640502153866472,350,4,350,0.0002,10,0.05,8.887051582336426,14.470703125,0.5291473269462585,0.35087352991104126,0,0,0,0,0,0,1,2,8.887051105499268,14.470703125,50,5.007544589570856,5.005242221010849,5.014269381888676,7,0.003923059062030694,False,completed,7.589663982391357,14.470703125,0.05,0.01,0.36560750007629395,0.00015060240963855423,0.5319148936170213,100,,,,,,,,,,,,,,,,,,,,,,,,,,,,,,,,,,,,,,,,,,,
llama3_8b_qlora_l40_protocol_v3_phase2_r32_seed43__1776524912,llama3_8b_qlora_l40_protocol_v3_phase2_r32_seed43,qlora,train_and_eval,protocol_v3,logging_v2,meta-llama/Meta-Llama-3-8B,True,False,43,32,64,350,8,1024,8.316989216966332,7.381526078549463,7.381526078549463,2715.3206,0.129,completed,outputs/experiments/protocol_v3/llama3_8b_qlora_l40_protocol_v3_phase2_r32_seed43/reports/comparison_row.json,outputs/experiments/protocol_v3/llama3_8b_qlora_l40_protocol_v3_phase2_r32_seed43/reports/metrics_history.jsonl,100,0.5319148936170213,eval,2026-04-18T15:56:01.712209+00:00,,8.768091201782227,9.31640625,8.646641110051549,5.311128582088765,7.694667697659493,4.640502153866472,350,-0.9354631384168695,-0.9519734123920562,-0.6706264282222927,-0.9354631384168695,-0.9519734123920562,-0.6706264282222927,50,7.694667697659493,4.640502153866472,350,4,350,0.0002,10,0.05,8.887051582336426,14.470703125,0.5291473269462585,0.35087352991104126,0,0,0,0,0,0,1,2,8.887051105499268,14.470703125,50,5.007544589570856,5.005242221010849,5.014269381888676,7,0.003923059062030694,False,completed,7.589663982391357,14.470703125,0.05,0.01,,,0.5319148936170213,100,2.0188956260681152,68.2556,3.736,3.736,,,,,,,,,,,,,,,,,,,,,,,,,,,,,,,,,,,,,,,
llama3_8b_qlora_l40_protocol_v3_phase2_r32_seed43__1776524912,llama3_8b_qlora_l40_protocol_v3_phase2_r32_seed43,qlora,train_and_eval,protocol_v3,logging_v2,meta-llama/Meta-Llama-3-8B,True,False,43,32,64,350,8,1024,8.316989216966332,7.381526078549463,7.381526078549463,2715.3206,0.129,completed,outputs/experiments/protocol_v3/llama3_8b_qlora_l40_protocol_v3_phase2_r32_seed43/reports/comparison_row.json,outputs/experiments/protocol_v3/llama3_8b_qlora_l40_protocol_v3_phase2_r32_seed43/reports/metrics_history.jsonl,100,0.5319148936170213,eval,2026-04-18T15:56:01.712214+00:00,,8.768091201782227,9.31640625,8.646641110051549,5.311128582088765,7.694667697659493,4.640502153866472,350,-0.9354631384168695,-0.9519734123920562,-0.6706264282222927,-0.9354631384168695,-0.9519734123920562,-0.6706264282222927,50,7.694667697659493,4.640502153866472,350,4,350,0.0002,10,0.05,8.887051582336426,14.470703125,0.5291473269462585,0.35087352991104126,0,0,0,0,0,0,1,2,8.887051105499268,14.470703125,50,5.007544589570856,5.005242221010849,5.014269381888676,7,0.003923059062030694,False,completed,7.589663982391357,14.470703125,0.05,0.01,,,0.5319148936170213,100,,,,,2.059297800064087,62.6361,3.736,3.736,,,,,,,,,,,,,,,,,,,,,,,,,,,,,,,,,,,
llama3_8b_qlora_l40_protocol_v3_phase2_r32_seed43__1776524912,llama3_8b_qlora_l40_protocol_v3_phase2_r32_seed43,qlora,train_and_eval,protocol_v3,logging_v2,meta-llama/Meta-Llama-3-8B,True,False,43,32,64,350,8,1024,8.316989216966332,7.381526078549463,7.381526078549463,2715.3206,0.129,completed,outputs/experiments/protocol_v3/llama3_8b_qlora_l40_protocol_v3_phase2_r32_seed43/reports/comparison_row.json,outputs/experiments/protocol_v3/llama3_8b_qlora_l40_protocol_v3_phase2_r32_seed43/reports/metrics_history.jsonl,100,0.5319148936170213,eval,2026-04-18T15:56:01.712218+00:00,,8.768091201782227,9.31640625,8.646641110051549,5.311128582088765,7.694667697659493,4.640502153866472,350,-0.9354631384168695,-0.9519734123920562,-0.6706264282222927,-0.9354631384168695,-0.9519734123920562,-0.6706264282222927,50,7.694667697659493,4.640502153866472,350,4,350,0.0002,10,0.05,8.887051582336426,14.470703125,0.5291473269462585,0.35087352991104126,0,0,0,0,0,0,1,2,8.887051105499268,14.470703125,50,5.007544589570856,5.005242221010849,5.014269381888676,7,0.003923059062030694,False,completed,7.589663982391357,14.470703125,0.05,0.01,,,0.5319148936170213,100,,,,,,,,,1.5650912523269653,5.6249,3.733,3.733,,,,,,,,,,,,,,,,,,,,,,,,,,,,,,,
llama3_8b_qlora_l40_protocol_v3_phase2_r32_seed43__1776524912,llama3_8b_qlora_l40_protocol_v3_phase2_r32_seed43,qlora,train_and_eval,protocol_v3,logging_v2,meta-llama/Meta-Llama-3-8B,True,False,43,32,64,350,8,1024,8.316989216966332,7.381526078549463,7.381526078549463,2715.3206,0.129,completed,outputs/experiments/protocol_v3/llama3_8b_qlora_l40_protocol_v3_phase2_r32_seed43/reports/comparison_row.json,outputs/experiments/protocol_v3/llama3_8b_qlora_l40_protocol_v3_phase2_r32_seed43/reports/metrics_history.jsonl,100,0.5319148936170213,eval,2026-04-18T15:56:01.712226+00:00,,8.768091201782227,9.31640625,8.646641110051549,5.311128582088765,7.694667697659493,4.640502153866472,350,-0.9354631384168695,-0.9519734123920562,-0.6706264282222927,-0.9354631384168695,-0.9519734123920562,-0.6706264282222927,50,7.694667697659493,4.640502153866472,350,4,350,0.0002,10,0.05,8.887051582336426,14.470703125,0.5291473269462585,0.35087352991104126,0,0,0,0,0,0,1,2,8.887051105499268,14.470703125,50,5.007544589570856,5.005242221010849,5.014269381888676,7,0.003923059062030694,False,completed,7.589663982391357,14.470703125,0.05,0.01,,,0.5319148936170213,100,2.0188956260681152,68.2556,3.736,3.736,2.059297800064087,62.6361,3.736,3.736,1.5650912523269653,5.6249,3.733,3.733,7.530004399451323,8.887051582336426,14.470703125,8.887051582336426,14.470703125,8.887051582336426,14.470703125,7.840462304731807,8.887051582336426,14.470703125,8.887051582336426,14.470703125,8.887051582336426,14.470703125,4.78311138602553,8.887051105499268,14.470703125,8.887051105499268,14.470703125,8.887051105499268,14.470703125,5.005021815728396,5.004635548451915,5.006943467364181,0.0012755217978206825,50,,,,,
llama3_8b_qlora_l40_protocol_v3_phase2_r32_seed43__1776524912,llama3_8b_qlora_l40_protocol_v3_phase2_r32_seed43,qlora,train_and_eval,protocol_v3,logging_v2,meta-llama/Meta-Llama-3-8B,True,False,43,32,64,350,8,1024,8.316989216966332,7.381526078549463,7.381526078549463,2715.3206,0.129,completed,outputs/experiments/protocol_v3/llama3_8b_qlora_l40_protocol_v3_phase2_r32_seed43/reports/comparison_row.json,outputs/experiments/protocol_v3/llama3_8b_qlora_l40_protocol_v3_phase2_r32_seed43/reports/metrics_history.jsonl,110,0.5851063829787234,train_log,2026-04-18T15:56:01.712234+00:00,2.0201,8.768091201782227,9.31640625,8.646641110051549,5.311128582088765,7.694667697659493,4.640502153866472,350,-0.9354631384168695,-0.9519734123920562,-0.6706264282222927,-0.9354631384168695,-0.9519734123920562,-0.6706264282222927,50,7.694667697659493,4.640502153866472,350,4,350,0.0002,10,0.05,8.887051582336426,14.470703125,0.5291473269462585,0.35087352991104126,0,0,0,0,0,0,1,2,8.887051105499268,14.470703125,50,5.007544589570856,5.005242221010849,5.014269381888676,7,0.003923059062030694,False,completed,7.589663982391357,14.470703125,0.05,0.01,0.36050742864608765,0.00014457831325301204,0.5851063829787234,110,,,,,,,,,,,,,,,,,,,,,,,,,,,,,,,,,,,,,,,,,,,
llama3_8b_qlora_l40_protocol_v3_phase2_r32_seed43__1776524912,llama3_8b_qlora_l40_protocol_v3_phase2_r32_seed43,qlora,train_and_eval,protocol_v3,logging_v2,meta-llama/Meta-Llama-3-8B,True,False,43,32,64,350,8,1024,8.316989216966332,7.381526078549463,7.381526078549463,2715.3206,0.129,completed,outputs/experiments/protocol_v3/llama3_8b_qlora_l40_protocol_v3_phase2_r32_seed43/reports/comparison_row.json,outputs/experiments/protocol_v3/llama3_8b_qlora_l40_protocol_v3_phase2_r32_seed43/reports/metrics_history.jsonl,120,0.6382978723404256,train_log,2026-04-18T15:56:01.712238+00:00,1.9577,8.768091201782227,9.31640625,8.646641110051549,5.311128582088765,7.694667697659493,4.640502153866472,350,-0.9354631384168695,-0.9519734123920562,-0.6706264282222927,-0.9354631384168695,-0.9519734123920562,-0.6706264282222927,50,7.694667697659493,4.640502153866472,350,4,350,0.0002,10,0.05,8.887051582336426,14.470703125,0.5291473269462585,0.35087352991104126,0,0,0,0,0,0,1,2,8.887051105499268,14.470703125,50,5.007544589570856,5.005242221010849,5.014269381888676,7,0.003923059062030694,False,completed,7.589663982391357,14.470703125,0.05,0.01,0.36751875281333923,0.00013855421686746988,0.6382978723404256,120,,,,,,,,,,,,,,,,,,,,,,,,,,,,,,,,,,,,,,,,,,,
llama3_8b_qlora_l40_protocol_v3_phase2_r32_seed43__1776524912,llama3_8b_qlora_l40_protocol_v3_phase2_r32_seed43,qlora,train_and_eval,protocol_v3,logging_v2,meta-llama/Meta-Llama-3-8B,True,False,43,32,64,350,8,1024,8.316989216966332,7.381526078549463,7.381526078549463,2715.3206,0.129,completed,outputs/experiments/protocol_v3/llama3_8b_qlora_l40_protocol_v3_phase2_r32_seed43/reports/comparison_row.json,outputs/experiments/protocol_v3/llama3_8b_qlora_l40_protocol_v3_phase2_r32_seed43/reports/metrics_history.jsonl,130,0.6914893617021277,train_log,2026-04-18T15:56:01.712241+00:00,1.9733,8.768091201782227,9.31640625,8.646641110051549,5.311128582088765,7.694667697659493,4.640502153866472,350,-0.9354631384168695,-0.9519734123920562,-0.6706264282222927,-0.9354631384168695,-0.9519734123920562,-0.6706264282222927,50,7.694667697659493,4.640502153866472,350,4,350,0.0002,10,0.05,8.887051582336426,14.470703125,0.5291473269462585,0.35087352991104126,0,0,0,0,0,0,1,2,8.887051105499268,14.470703125,50,5.007544589570856,5.005242221010849,5.014269381888676,7,0.003923059062030694,False,completed,7.589663982391357,14.470703125,0.05,0.01,0.35196882486343384,0.00013253012048192772,0.6914893617021277,130,,,,,,,,,,,,,,,,,,,,,,,,,,,,,,,,,,,,,,,,,,,
llama3_8b_qlora_l40_protocol_v3_phase2_r32_seed43__1776524912,llama3_8b_qlora_l40_protocol_v3_phase2_r32_seed43,qlora,train_and_eval,protocol_v3,logging_v2,meta-llama/Meta-Llama-3-8B,True,False,43,32,64,350,8,1024,8.316989216966332,7.381526078549463,7.381526078549463,2715.3206,0.129,completed,outputs/experiments/protocol_v3/llama3_8b_qlora_l40_protocol_v3_phase2_r32_seed43/reports/comparison_row.json,outputs/experiments/protocol_v3/llama3_8b_qlora_l40_protocol_v3_phase2_r32_seed43/reports/metrics_history.jsonl,140,0.7446808510638298,train_log,2026-04-18T15:56:01.712245+00:00,2.0038,8.768091201782227,9.31640625,8.646641110051549,5.311128582088765,7.694667697659493,4.640502153866472,350,-0.9354631384168695,-0.9519734123920562,-0.6706264282222927,-0.9354631384168695,-0.9519734123920562,-0.6706264282222927,50,7.694667697659493,4.640502153866472,350,4,350,0.0002,10,0.05,8.887051582336426,14.470703125,0.5291473269462585,0.35087352991104126,0,0,0,0,0,0,1,2,8.887051105499268,14.470703125,50,5.007544589570856,5.005242221010849,5.014269381888676,7,0.003923059062030694,False,completed,7.589663982391357,14.470703125,0.05,0.01,0.3909851610660553,0.00012650602409638556,0.7446808510638298,140,,,,,,,,,,,,,,,,,,,,,,,,,,,,,,,,,,,,,,,,,,,
llama3_8b_qlora_l40_protocol_v3_phase2_r32_seed43__1776524912,llama3_8b_qlora_l40_protocol_v3_phase2_r32_seed43,qlora,train_and_eval,protocol_v3,logging_v2,meta-llama/Meta-Llama-3-8B,True,False,43,32,64,350,8,1024,8.316989216966332,7.381526078549463,7.381526078549463,2715.3206,0.129,completed,outputs/experiments/protocol_v3/llama3_8b_qlora_l40_protocol_v3_phase2_r32_seed43/reports/comparison_row.json,outputs/experiments/protocol_v3/llama3_8b_qlora_l40_protocol_v3_phase2_r32_seed43/reports/metrics_history.jsonl,150,0.7978723404255319,train_log,2026-04-18T15:56:01.712248+00:00,1.9593,8.768091201782227,9.31640625,8.646641110051549,5.311128582088765,7.694667697659493,4.640502153866472,350,-0.9354631384168695,-0.9519734123920562,-0.6706264282222927,-0.9354631384168695,-0.9519734123920562,-0.6706264282222927,50,7.694667697659493,4.640502153866472,350,4,350,0.0002,10,0.05,8.887051582336426,14.470703125,0.5291473269462585,0.35087352991104126,0,0,0,0,0,0,1,2,8.887051105499268,14.470703125,50,5.007544589570856,5.005242221010849,5.014269381888676,7,0.003923059062030694,False,completed,7.589663982391357,14.470703125,0.05,0.01,0.38092103600502014,0.0001204819277108434,0.7978723404255319,150,,,,,,,,,,,,,,,,,,,,,,,,,,,,,,,,,,,,,,,,,,,
llama3_8b_qlora_l40_protocol_v3_phase2_r32_seed43__1776524912,llama3_8b_qlora_l40_protocol_v3_phase2_r32_seed43,qlora,train_and_eval,protocol_v3,logging_v2,meta-llama/Meta-Llama-3-8B,True,False,43,32,64,350,8,1024,8.316989216966332,7.381526078549463,7.381526078549463,2715.3206,0.129,completed,outputs/experiments/protocol_v3/llama3_8b_qlora_l40_protocol_v3_phase2_r32_seed43/reports/comparison_row.json,outputs/experiments/protocol_v3/llama3_8b_qlora_l40_protocol_v3_phase2_r32_seed43/reports/metrics_history.jsonl,150,0.7978723404255319,eval,2026-04-18T15:56:01.712252+00:00,,8.768091201782227,9.31640625,8.646641110051549,5.311128582088765,7.694667697659493,4.640502153866472,350,-0.9354631384168695,-0.9519734123920562,-0.6706264282222927,-0.9354631384168695,-0.9519734123920562,-0.6706264282222927,50,7.694667697659493,4.640502153866472,350,4,350,0.0002,10,0.05,8.887051582336426,14.470703125,0.5291473269462585,0.35087352991104126,0,0,0,0,0,0,1,2,8.887051105499268,14.470703125,50,5.007544589570856,5.005242221010849,5.014269381888676,7,0.003923059062030694,False,completed,7.589663982391357,14.470703125,0.05,0.01,,,0.7978723404255319,150,2.008439540863037,68.2539,3.736,3.736,,,,,,,,,,,,,,,,,,,,,,,,,,,,,,,,,,,,,,,
llama3_8b_qlora_l40_protocol_v3_phase2_r32_seed43__1776524912,llama3_8b_qlora_l40_protocol_v3_phase2_r32_seed43,qlora,train_and_eval,protocol_v3,logging_v2,meta-llama/Meta-Llama-3-8B,True,False,43,32,64,350,8,1024,8.316989216966332,7.381526078549463,7.381526078549463,2715.3206,0.129,completed,outputs/experiments/protocol_v3/llama3_8b_qlora_l40_protocol_v3_phase2_r32_seed43/reports/comparison_row.json,outputs/experiments/protocol_v3/llama3_8b_qlora_l40_protocol_v3_phase2_r32_seed43/reports/metrics_history.jsonl,150,0.7978723404255319,eval,2026-04-18T15:56:01.712256+00:00,,8.768091201782227,9.31640625,8.646641110051549,5.311128582088765,7.694667697659493,4.640502153866472,350,-0.9354631384168695,-0.9519734123920562,-0.6706264282222927,-0.9354631384168695,-0.9519734123920562,-0.6706264282222927,50,7.694667697659493,4.640502153866472,350,4,350,0.0002,10,0.05,8.887051582336426,14.470703125,0.5291473269462585,0.35087352991104126,0,0,0,0,0,0,1,2,8.887051105499268,14.470703125,50,5.007544589570856,5.005242221010849,5.014269381888676,7,0.003923059062030694,False,completed,7.589663982391357,14.470703125,0.05,0.01,,,0.7978723404255319,150,,,,,2.0490047931671143,62.6452,3.735,3.735,,,,,,,,,,,,,,,,,,,,,,,,,,,,,,,,,,,
llama3_8b_qlora_l40_protocol_v3_phase2_r32_seed43__1776524912,llama3_8b_qlora_l40_protocol_v3_phase2_r32_seed43,qlora,train_and_eval,protocol_v3,logging_v2,meta-llama/Meta-Llama-3-8B,True,False,43,32,64,350,8,1024,8.316989216966332,7.381526078549463,7.381526078549463,2715.3206,0.129,completed,outputs/experiments/protocol_v3/llama3_8b_qlora_l40_protocol_v3_phase2_r32_seed43/reports/comparison_row.json,outputs/experiments/protocol_v3/llama3_8b_qlora_l40_protocol_v3_phase2_r32_seed43/reports/metrics_history.jsonl,150,0.7978723404255319,eval,2026-04-18T15:56:01.712260+00:00,,8.768091201782227,9.31640625,8.646641110051549,5.311128582088765,7.694667697659493,4.640502153866472,350,-0.9354631384168695,-0.9519734123920562,-0.6706264282222927,-0.9354631384168695,-0.9519734123920562,-0.6706264282222927,50,7.694667697659493,4.640502153866472,350,4,350,0.0002,10,0.05,8.887051582336426,14.470703125,0.5291473269462585,0.35087352991104126,0,0,0,0,0,0,1,2,8.887051105499268,14.470703125,50,5.007544589570856,5.005242221010849,5.014269381888676,7,0.003923059062030694,False,completed,7.589663982391357,14.470703125,0.05,0.01,,,0.7978723404255319,150,,,,,,,,,1.5536353588104248,5.6263,3.732,3.732,,,,,,,,,,,,,,,,,,,,,,,,,,,,,,,
llama3_8b_qlora_l40_protocol_v3_phase2_r32_seed43__1776524912,llama3_8b_qlora_l40_protocol_v3_phase2_r32_seed43,qlora,train_and_eval,protocol_v3,logging_v2,meta-llama/Meta-Llama-3-8B,True,False,43,32,64,350,8,1024,8.316989216966332,7.381526078549463,7.381526078549463,2715.3206,0.129,completed,outputs/experiments/protocol_v3/llama3_8b_qlora_l40_protocol_v3_phase2_r32_seed43/reports/comparison_row.json,outputs/experiments/protocol_v3/llama3_8b_qlora_l40_protocol_v3_phase2_r32_seed43/reports/metrics_history.jsonl,150,0.7978723404255319,eval,2026-04-18T15:56:01.712267+00:00,,8.768091201782227,9.31640625,8.646641110051549,5.311128582088765,7.694667697659493,4.640502153866472,350,-0.9354631384168695,-0.9519734123920562,-0.6706264282222927,-0.9354631384168695,-0.9519734123920562,-0.6706264282222927,50,7.694667697659493,4.640502153866472,350,4,350,0.0002,10,0.05,8.887051582336426,14.470703125,0.5291473269462585,0.35087352991104126,0,0,0,0,0,0,1,2,8.887051105499268,14.470703125,50,5.007544589570856,5.005242221010849,5.014269381888676,7,0.003923059062030694,False,completed,7.589663982391357,14.470703125,0.05,0.01,,,0.7978723404255319,150,2.008439540863037,68.2539,3.736,3.736,2.0490047931671143,62.6452,3.735,3.735,1.5536353588104248,5.6263,3.732,3.732,7.4516802275588425,8.887051582336426,14.470703125,8.887051582336426,14.470703125,8.887051582336426,14.470703125,7.760174283579726,8.887051582336426,14.470703125,8.887051582336426,14.470703125,8.887051582336426,14.470703125,4.728629237993096,8.887051105499268,14.470703125,8.887051105499268,14.470703125,8.887051105499268,14.470703125,5.0046960326796395,5.004721325472929,5.006394220411312,0.000804517004552811,50,,,,,
llama3_8b_qlora_l40_protocol_v3_phase2_r32_seed43__1776524912,llama3_8b_qlora_l40_protocol_v3_phase2_r32_seed43,qlora,train_and_eval,protocol_v3,logging_v2,meta-llama/Meta-Llama-3-8B,True,False,43,32,64,350,8,1024,8.316989216966332,7.381526078549463,7.381526078549463,2715.3206,0.129,completed,outputs/experiments/protocol_v3/llama3_8b_qlora_l40_protocol_v3_phase2_r32_seed43/reports/comparison_row.json,outputs/experiments/protocol_v3/llama3_8b_qlora_l40_protocol_v3_phase2_r32_seed43/reports/metrics_history.jsonl,160,0.851063829787234,train_log,2026-04-18T15:56:01.712275+00:00,1.9294,8.768091201782227,9.31640625,8.646641110051549,5.311128582088765,7.694667697659493,4.640502153866472,350,-0.9354631384168695,-0.9519734123920562,-0.6706264282222927,-0.9354631384168695,-0.9519734123920562,-0.6706264282222927,50,7.694667697659493,4.640502153866472,350,4,350,0.0002,10,0.05,8.887051582336426,14.470703125,0.5291473269462585,0.35087352991104126,0,0,0,0,0,0,1,2,8.887051105499268,14.470703125,50,5.007544589570856,5.005242221010849,5.014269381888676,7,0.003923059062030694,False,completed,7.589663982391357,14.470703125,0.05,0.01,0.38278359174728394,0.0001144578313253012,0.851063829787234,160,,,,,,,,,,,,,,,,,,,,,,,,,,,,,,,,,,,,,,,,,,,
llama3_8b_qlora_l40_protocol_v3_phase2_r32_seed43__1776524912,llama3_8b_qlora_l40_protocol_v3_phase2_r32_seed43,qlora,train_and_eval,protocol_v3,logging_v2,meta-llama/Meta-Llama-3-8B,True,False,43,32,64,350,8,1024,8.316989216966332,7.381526078549463,7.381526078549463,2715.3206,0.129,completed,outputs/experiments/protocol_v3/llama3_8b_qlora_l40_protocol_v3_phase2_r32_seed43/reports/comparison_row.json,outputs/experiments/protocol_v3/llama3_8b_qlora_l40_protocol_v3_phase2_r32_seed43/reports/metrics_history.jsonl,170,0.9042553191489362,train_log,2026-04-18T15:56:01.712278+00:00,1.9547,8.768091201782227,9.31640625,8.646641110051549,5.311128582088765,7.694667697659493,4.640502153866472,350,-0.9354631384168695,-0.9519734123920562,-0.6706264282222927,-0.9354631384168695,-0.9519734123920562,-0.6706264282222927,50,7.694667697659493,4.640502153866472,350,4,350,0.0002,10,0.05,8.887051582336426,14.470703125,0.5291473269462585,0.35087352991104126,0,0,0,0,0,0,1,2,8.887051105499268,14.470703125,50,5.007544589570856,5.005242221010849,5.014269381888676,7,0.003923059062030694,False,completed,7.589663982391357,14.470703125,0.05,0.01,0.37730419635772705,0.00010843373493975903,0.9042553191489362,170,,,,,,,,,,,,,,,,,,,,,,,,,,,,,,,,,,,,,,,,,,,
llama3_8b_qlora_l40_protocol_v3_phase2_r32_seed43__1776524912,llama3_8b_qlora_l40_protocol_v3_phase2_r32_seed43,qlora,train_and_eval,protocol_v3,logging_v2,meta-llama/Meta-Llama-3-8B,True,False,43,32,64,350,8,1024,8.316989216966332,7.381526078549463,7.381526078549463,2715.3206,0.129,completed,outputs/experiments/protocol_v3/llama3_8b_qlora_l40_protocol_v3_phase2_r32_seed43/reports/comparison_row.json,outputs/experiments/protocol_v3/llama3_8b_qlora_l40_protocol_v3_phase2_r32_seed43/reports/metrics_history.jsonl,180,0.9574468085106383,train_log,2026-04-18T15:56:01.712282+00:00,1.9798,8.768091201782227,9.31640625,8.646641110051549,5.311128582088765,7.694667697659493,4.640502153866472,350,-0.9354631384168695,-0.9519734123920562,-0.6706264282222927,-0.9354631384168695,-0.9519734123920562,-0.6706264282222927,50,7.694667697659493,4.640502153866472,350,4,350,0.0002,10,0.05,8.887051582336426,14.470703125,0.5291473269462585,0.35087352991104126,0,0,0,0,0,0,1,2,8.887051105499268,14.470703125,50,5.007544589570856,5.005242221010849,5.014269381888676,7,0.003923059062030694,False,completed,7.589663982391357,14.470703125,0.05,0.01,0.35087352991104126,0.00010240963855421688,0.9574468085106383,180,,,,,,,,,,,,,,,,,,,,,,,,,,,,,,,,,,,,,,,,,,,
llama3_8b_qlora_l40_protocol_v3_phase2_r32_seed43__1776524912,llama3_8b_qlora_l40_protocol_v3_phase2_r32_seed43,qlora,train_and_eval,protocol_v3,logging_v2,meta-llama/Meta-Llama-3-8B,True,False,43,32,64,350,8,1024,8.316989216966332,7.381526078549463,7.381526078549463,2715.3206,0.129,completed,outputs/experiments/protocol_v3/llama3_8b_qlora_l40_protocol_v3_phase2_r32_seed43/reports/comparison_row.json,outputs/experiments/protocol_v3/llama3_8b_qlora_l40_protocol_v3_phase2_r32_seed43/reports/metrics_history.jsonl,190,1.0106382978723405,train_log,2026-04-18T15:56:01.712287+00:00,1.9375,8.768091201782227,9.31640625,8.646641110051549,5.311128582088765,7.694667697659493,4.640502153866472,350,-0.9354631384168695,-0.9519734123920562,-0.6706264282222927,-0.9354631384168695,-0.9519734123920562,-0.6706264282222927,50,7.694667697659493,4.640502153866472,350,4,350,0.0002,10,0.05,8.887051582336426,14.470703125,0.5291473269462585,0.35087352991104126,0,0,0,0,0,0,1,2,8.887051105499268,14.470703125,50,5.007544589570856,5.005242221010849,5.014269381888676,7,0.003923059062030694,False,completed,7.589663982391357,14.470703125,0.05,0.01,0.5291473269462585,9.638554216867471e-05,1.0106382978723405,190,,,,,,,,,,,,,,,,,,,,,,,,,,,,,,,,,,,,,,,,,,,
llama3_8b_qlora_l40_protocol_v3_phase2_r32_seed43__1776524912,llama3_8b_qlora_l40_protocol_v3_phase2_r32_seed43,qlora,train_and_eval,protocol_v3,logging_v2,meta-llama/Meta-Llama-3-8B,True,False,43,32,64,350,8,1024,8.316989216966332,7.381526078549463,7.381526078549463,2715.3206,0.129,completed,outputs/experiments/protocol_v3/llama3_8b_qlora_l40_protocol_v3_phase2_r32_seed43/reports/comparison_row.json,outputs/experiments/protocol_v3/llama3_8b_qlora_l40_protocol_v3_phase2_r32_seed43/reports/metrics_history.jsonl,200,1.0638297872340425,train_log,2026-04-18T15:56:01.712291+00:00,1.881,8.768091201782227,9.31640625,8.646641110051549,5.311128582088765,7.694667697659493,4.640502153866472,350,-0.9354631384168695,-0.9519734123920562,-0.6706264282222927,-0.9354631384168695,-0.9519734123920562,-0.6706264282222927,50,7.694667697659493,4.640502153866472,350,4,350,0.0002,10,0.05,8.887051582336426,14.470703125,0.5291473269462585,0.35087352991104126,0,0,0,0,0,0,1,2,8.887051105499268,14.470703125,50,5.007544589570856,5.005242221010849,5.014269381888676,7,0.003923059062030694,False,completed,7.589663982391357,14.470703125,0.05,0.01,0.3815733790397644,9.036144578313253e-05,1.0638297872340425,200,,,,,,,,,,,,,,,,,,,,,,,,,,,,,,,,,,,,,,,,,,,
llama3_8b_qlora_l40_protocol_v3_phase2_r32_seed43__1776524912,llama3_8b_qlora_l40_protocol_v3_phase2_r32_seed43,qlora,train_and_eval,protocol_v3,logging_v2,meta-llama/Meta-Llama-3-8B,True,False,43,32,64,350,8,1024,8.316989216966332,7.381526078549463,7.381526078549463,2715.3206,0.129,completed,outputs/experiments/protocol_v3/llama3_8b_qlora_l40_protocol_v3_phase2_r32_seed43/reports/comparison_row.json,outputs/experiments/protocol_v3/llama3_8b_qlora_l40_protocol_v3_phase2_r32_seed43/reports/metrics_history.jsonl,200,1.0638297872340425,eval,2026-04-18T15:56:01.712294+00:00,,8.768091201782227,9.31640625,8.646641110051549,5.311128582088765,7.694667697659493,4.640502153866472,350,-0.9354631384168695,-0.9519734123920562,-0.6706264282222927,-0.9354631384168695,-0.9519734123920562,-0.6706264282222927,50,7.694667697659493,4.640502153866472,350,4,350,0.0002,10,0.05,8.887051582336426,14.470703125,0.5291473269462585,0.35087352991104126,0,0,0,0,0,0,1,2,8.887051105499268,14.470703125,50,5.007544589570856,5.005242221010849,5.014269381888676,7,0.003923059062030694,False,completed,7.589663982391357,14.470703125,0.05,0.01,,,1.0638297872340425,200,2.0042214393615723,68.262,3.736,3.736,,,,,,,,,,,,,,,,,,,,,,,,,,,,,,,,,,,,,,,
llama3_8b_qlora_l40_protocol_v3_phase2_r32_seed43__1776524912,llama3_8b_qlora_l40_protocol_v3_phase2_r32_seed43,qlora,train_and_eval,protocol_v3,logging_v2,meta-llama/Meta-Llama-3-8B,True,False,43,32,64,350,8,1024,8.316989216966332,7.381526078549463,7.381526078549463,2715.3206,0.129,completed,outputs/experiments/protocol_v3/llama3_8b_qlora_l40_protocol_v3_phase2_r32_seed43/reports/comparison_row.json,outputs/experiments/protocol_v3/llama3_8b_qlora_l40_protocol_v3_phase2_r32_seed43/reports/metrics_history.jsonl,200,1.0638297872340425,eval,2026-04-18T15:56:01.712298+00:00,,8.768091201782227,9.31640625,8.646641110051549,5.311128582088765,7.694667697659493,4.640502153866472,350,-0.9354631384168695,-0.9519734123920562,-0.6706264282222927,-0.9354631384168695,-0.9519734123920562,-0.6706264282222927,50,7.694667697659493,4.640502153866472,350,4,350,0.0002,10,0.05,8.887051582336426,14.470703125,0.5291473269462585,0.35087352991104126,0,0,0,0,0,0,1,2,8.887051105499268,14.470703125,50,5.007544589570856,5.005242221010849,5.014269381888676,7,0.003923059062030694,False,completed,7.589663982391357,14.470703125,0.05,0.01,,,1.0638297872340425,200,,,,,2.0454471111297607,62.6466,3.735,3.735,,,,,,,,,,,,,,,,,,,,,,,,,,,,,,,,,,,
llama3_8b_qlora_l40_protocol_v3_phase2_r32_seed43__1776524912,llama3_8b_qlora_l40_protocol_v3_phase2_r32_seed43,qlora,train_and_eval,protocol_v3,logging_v2,meta-llama/Meta-Llama-3-8B,True,False,43,32,64,350,8,1024,8.316989216966332,7.381526078549463,7.381526078549463,2715.3206,0.129,completed,outputs/experiments/protocol_v3/llama3_8b_qlora_l40_protocol_v3_phase2_r32_seed43/reports/comparison_row.json,outputs/experiments/protocol_v3/llama3_8b_qlora_l40_protocol_v3_phase2_r32_seed43/reports/metrics_history.jsonl,200,1.0638297872340425,eval,2026-04-18T15:56:01.712303+00:00,,8.768091201782227,9.31640625,8.646641110051549,5.311128582088765,7.694667697659493,4.640502153866472,350,-0.9354631384168695,-0.9519734123920562,-0.6706264282222927,-0.9354631384168695,-0.9519734123920562,-0.6706264282222927,50,7.694667697659493,4.640502153866472,350,4,350,0.0002,10,0.05,8.887051582336426,14.470703125,0.5291473269462585,0.35087352991104126,0,0,0,0,0,0,1,2,8.887051105499268,14.470703125,50,5.007544589570856,5.005242221010849,5.014269381888676,7,0.003923059062030694,False,completed,7.589663982391357,14.470703125,0.05,0.01,,,1.0638297872340425,200,,,,,,,,,1.5423978567123413,5.6245,3.734,3.734,,,,,,,,,,,,,,,,,,,,,,,,,,,,,,,
llama3_8b_qlora_l40_protocol_v3_phase2_r32_seed43__1776524912,llama3_8b_qlora_l40_protocol_v3_phase2_r32_seed43,qlora,train_and_eval,protocol_v3,logging_v2,meta-llama/Meta-Llama-3-8B,True,False,43,32,64,350,8,1024,8.316989216966332,7.381526078549463,7.381526078549463,2715.3206,0.129,completed,outputs/experiments/protocol_v3/llama3_8b_qlora_l40_protocol_v3_phase2_r32_seed43/reports/comparison_row.json,outputs/experiments/protocol_v3/llama3_8b_qlora_l40_protocol_v3_phase2_r32_seed43/reports/metrics_history.jsonl,200,1.0638297872340425,eval,2026-04-18T15:56:01.712310+00:00,,8.768091201782227,9.31640625,8.646641110051549,5.311128582088765,7.694667697659493,4.640502153866472,350,-0.9354631384168695,-0.9519734123920562,-0.6706264282222927,-0.9354631384168695,-0.9519734123920562,-0.6706264282222927,50,7.694667697659493,4.640502153866472,350,4,350,0.0002,10,0.05,8.887051582336426,14.470703125,0.5291473269462585,0.35087352991104126,0,0,0,0,0,0,1,2,8.887051105499268,14.470703125,50,5.007544589570856,5.005242221010849,5.014269381888676,7,0.003923059062030694,False,completed,7.589663982391357,14.470703125,0.05,0.01,,,1.0638297872340425,200,2.0042214393615723,68.262,3.736,3.736,2.0454471111297607,62.6466,3.735,3.735,1.5423978567123413,5.6245,3.734,3.734,7.42031448245672,8.887051582336426,14.470703125,8.887051582336426,14.470703125,8.887051582336426,14.470703125,7.732615103392732,8.887051582336426,14.470703125,8.887051582336426,14.470703125,8.887051582336426,14.470703125,4.675788710841167,8.887051105499268,14.470703125,8.887051105499268,14.470703125,8.887051105499268,14.470703125,5.0048039045417685,5.004757835529745,5.006353571312502,0.0008776322440418995,50,,,,,
llama3_8b_qlora_l40_protocol_v3_phase2_r32_seed43__1776524912,llama3_8b_qlora_l40_protocol_v3_phase2_r32_seed43,qlora,train_and_eval,protocol_v3,logging_v2,meta-llama/Meta-Llama-3-8B,True,False,43,32,64,350,8,1024,8.316989216966332,7.381526078549463,7.381526078549463,2715.3206,0.129,completed,outputs/experiments/protocol_v3/llama3_8b_qlora_l40_protocol_v3_phase2_r32_seed43/reports/comparison_row.json,outputs/experiments/protocol_v3/llama3_8b_qlora_l40_protocol_v3_phase2_r32_seed43/reports/metrics_history.jsonl,210,1.1170212765957448,train_log,2026-04-18T15:56:01.712317+00:00,1.8114,8.768091201782227,9.31640625,8.646641110051549,5.311128582088765,7.694667697659493,4.640502153866472,350,-0.9354631384168695,-0.9519734123920562,-0.6706264282222927,-0.9354631384168695,-0.9519734123920562,-0.6706264282222927,50,7.694667697659493,4.640502153866472,350,4,350,0.0002,10,0.05,8.887051582336426,14.470703125,0.5291473269462585,0.35087352991104126,0,0,0,0,0,0,1,2,8.887051105499268,14.470703125,50,5.007544589570856,5.005242221010849,5.014269381888676,7,0.003923059062030694,False,completed,7.589663982391357,14.470703125,0.05,0.01,0.4555327892303467,8.433734939759037e-05,1.1170212765957448,210,,,,,,,,,,,,,,,,,,,,,,,,,,,,,,,,,,,,,,,,,,,
llama3_8b_qlora_l40_protocol_v3_phase2_r32_seed43__1776524912,llama3_8b_qlora_l40_protocol_v3_phase2_r32_seed43,qlora,train_and_eval,protocol_v3,logging_v2,meta-llama/Meta-Llama-3-8B,True,False,43,32,64,350,8,1024,8.316989216966332,7.381526078549463,7.381526078549463,2715.3206,0.129,completed,outputs/experiments/protocol_v3/llama3_8b_qlora_l40_protocol_v3_phase2_r32_seed43/reports/comparison_row.json,outputs/experiments/protocol_v3/llama3_8b_qlora_l40_protocol_v3_phase2_r32_seed43/reports/metrics_history.jsonl,220,1.1702127659574468,train_log,2026-04-18T15:56:01.712322+00:00,1.9397,8.768091201782227,9.31640625,8.646641110051549,5.311128582088765,7.694667697659493,4.640502153866472,350,-0.9354631384168695,-0.9519734123920562,-0.6706264282222927,-0.9354631384168695,-0.9519734123920562,-0.6706264282222927,50,7.694667697659493,4.640502153866472,350,4,350,0.0002,10,0.05,8.887051582336426,14.470703125,0.5291473269462585,0.35087352991104126,0,0,0,0,0,0,1,2,8.887051105499268,14.470703125,50,5.007544589570856,5.005242221010849,5.014269381888676,7,0.003923059062030694,False,completed,7.589663982391357,14.470703125,0.05,0.01,0.4143158793449402,7.83132530120482e-05,1.1702127659574468,220,,,,,,,,,,,,,,,,,,,,,,,,,,,,,,,,,,,,,,,,,,,
llama3_8b_qlora_l40_protocol_v3_phase2_r32_seed43__1776524912,llama3_8b_qlora_l40_protocol_v3_phase2_r32_seed43,qlora,train_and_eval,protocol_v3,logging_v2,meta-llama/Meta-Llama-3-8B,True,False,43,32,64,350,8,1024,8.316989216966332,7.381526078549463,7.381526078549463,2715.3206,0.129,completed,outputs/experiments/protocol_v3/llama3_8b_qlora_l40_protocol_v3_phase2_r32_seed43/reports/comparison_row.json,outputs/experiments/protocol_v3/llama3_8b_qlora_l40_protocol_v3_phase2_r32_seed43/reports/metrics_history.jsonl,230,1.2234042553191489,train_log,2026-04-18T15:56:01.712325+00:00,1.8225,8.768091201782227,9.31640625,8.646641110051549,5.311128582088765,7.694667697659493,4.640502153866472,350,-0.9354631384168695,-0.9519734123920562,-0.6706264282222927,-0.9354631384168695,-0.9519734123920562,-0.6706264282222927,50,7.694667697659493,4.640502153866472,350,4,350,0.0002,10,0.05,8.887051582336426,14.470703125,0.5291473269462585,0.35087352991104126,0,0,0,0,0,0,1,2,8.887051105499268,14.470703125,50,5.007544589570856,5.005242221010849,5.014269381888676,7,0.003923059062030694,False,completed,7.589663982391357,14.470703125,0.05,0.01,0.39911139011383057,7.228915662650602e-05,1.2234042553191489,230,,,,,,,,,,,,,,,,,,,,,,,,,,,,,,,,,,,,,,,,,,,
llama3_8b_qlora_l40_protocol_v3_phase2_r32_seed43__1776524912,llama3_8b_qlora_l40_protocol_v3_phase2_r32_seed43,qlora,train_and_eval,protocol_v3,logging_v2,meta-llama/Meta-Llama-3-8B,True,False,43,32,64,350,8,1024,8.316989216966332,7.381526078549463,7.381526078549463,2715.3206,0.129,completed,outputs/experiments/protocol_v3/llama3_8b_qlora_l40_protocol_v3_phase2_r32_seed43/reports/comparison_row.json,outputs/experiments/protocol_v3/llama3_8b_qlora_l40_protocol_v3_phase2_r32_seed43/reports/metrics_history.jsonl,240,1.2765957446808511,train_log,2026-04-18T15:56:01.712329+00:00,1.8742,8.768091201782227,9.31640625,8.646641110051549,5.311128582088765,7.694667697659493,4.640502153866472,350,-0.9354631384168695,-0.9519734123920562,-0.6706264282222927,-0.9354631384168695,-0.9519734123920562,-0.6706264282222927,50,7.694667697659493,4.640502153866472,350,4,350,0.0002,10,0.05,8.887051582336426,14.470703125,0.5291473269462585,0.35087352991104126,0,0,0,0,0,0,1,2,8.887051105499268,14.470703125,50,5.007544589570856,5.005242221010849,5.014269381888676,7,0.003923059062030694,False,completed,7.589663982391357,14.470703125,0.05,0.01,0.4095326364040375,6.626506024096386e-05,1.2765957446808511,240,,,,,,,,,,,,,,,,,,,,,,,,,,,,,,,,,,,,,,,,,,,
llama3_8b_qlora_l40_protocol_v3_phase2_r32_seed43__1776524912,llama3_8b_qlora_l40_protocol_v3_phase2_r32_seed43,qlora,train_and_eval,protocol_v3,logging_v2,meta-llama/Meta-Llama-3-8B,True,False,43,32,64,350,8,1024,8.316989216966332,7.381526078549463,7.381526078549463,2715.3206,0.129,completed,outputs/experiments/protocol_v3/llama3_8b_qlora_l40_protocol_v3_phase2_r32_seed43/reports/comparison_row.json,outputs/experiments/protocol_v3/llama3_8b_qlora_l40_protocol_v3_phase2_r32_seed43/reports/metrics_history.jsonl,250,1.3297872340425532,train_log,2026-04-18T15:56:01.712332+00:00,1.8492,8.768091201782227,9.31640625,8.646641110051549,5.311128582088765,7.694667697659493,4.640502153866472,350,-0.9354631384168695,-0.9519734123920562,-0.6706264282222927,-0.9354631384168695,-0.9519734123920562,-0.6706264282222927,50,7.694667697659493,4.640502153866472,350,4,350,0.0002,10,0.05,8.887051582336426,14.470703125,0.5291473269462585,0.35087352991104126,0,0,0,0,0,0,1,2,8.887051105499268,14.470703125,50,5.007544589570856,5.005242221010849,5.014269381888676,7,0.003923059062030694,False,completed,7.589663982391357,14.470703125,0.05,0.01,0.4336351752281189,6.02409638554217e-05,1.3297872340425532,250,,,,,,,,,,,,,,,,,,,,,,,,,,,,,,,,,,,,,,,,,,,
llama3_8b_qlora_l40_protocol_v3_phase2_r32_seed43__1776524912,llama3_8b_qlora_l40_protocol_v3_phase2_r32_seed43,qlora,train_and_eval,protocol_v3,logging_v2,meta-llama/Meta-Llama-3-8B,True,False,43,32,64,350,8,1024,8.316989216966332,7.381526078549463,7.381526078549463,2715.3206,0.129,completed,outputs/experiments/protocol_v3/llama3_8b_qlora_l40_protocol_v3_phase2_r32_seed43/reports/comparison_row.json,outputs/experiments/protocol_v3/llama3_8b_qlora_l40_protocol_v3_phase2_r32_seed43/reports/metrics_history.jsonl,250,1.3297872340425532,eval,2026-04-18T15:56:01.712337+00:00,,8.768091201782227,9.31640625,8.646641110051549,5.311128582088765,7.694667697659493,4.640502153866472,350,-0.9354631384168695,-0.9519734123920562,-0.6706264282222927,-0.9354631384168695,-0.9519734123920562,-0.6706264282222927,50,7.694667697659493,4.640502153866472,350,4,350,0.0002,10,0.05,8.887051582336426,14.470703125,0.5291473269462585,0.35087352991104126,0,0,0,0,0,0,1,2,8.887051105499268,14.470703125,50,5.007544589570856,5.005242221010849,5.014269381888676,7,0.003923059062030694,False,completed,7.589663982391357,14.470703125,0.05,0.01,,,1.3297872340425532,250,2.002760171890259,68.4001,3.728,3.728,,,,,,,,,,,,,,,,,,,,,,,,,,,,,,,,,,,,,,,
llama3_8b_qlora_l40_protocol_v3_phase2_r32_seed43__1776524912,llama3_8b_qlora_l40_protocol_v3_phase2_r32_seed43,qlora,train_and_eval,protocol_v3,logging_v2,meta-llama/Meta-Llama-3-8B,True,False,43,32,64,350,8,1024,8.316989216966332,7.381526078549463,7.381526078549463,2715.3206,0.129,completed,outputs/experiments/protocol_v3/llama3_8b_qlora_l40_protocol_v3_phase2_r32_seed43/reports/comparison_row.json,outputs/experiments/protocol_v3/llama3_8b_qlora_l40_protocol_v3_phase2_r32_seed43/reports/metrics_history.jsonl,250,1.3297872340425532,eval,2026-04-18T15:56:01.712340+00:00,,8.768091201782227,9.31640625,8.646641110051549,5.311128582088765,7.694667697659493,4.640502153866472,350,-0.9354631384168695,-0.9519734123920562,-0.6706264282222927,-0.9354631384168695,-0.9519734123920562,-0.6706264282222927,50,7.694667697659493,4.640502153866472,350,4,350,0.0002,10,0.05,8.887051582336426,14.470703125,0.5291473269462585,0.35087352991104126,0,0,0,0,0,0,1,2,8.887051105499268,14.470703125,50,5.007544589570856,5.005242221010849,5.014269381888676,7,0.003923059062030694,False,completed,7.589663982391357,14.470703125,0.05,0.01,,,1.3297872340425532,250,,,,,2.044020175933838,62.7658,3.728,3.728,,,,,,,,,,,,,,,,,,,,,,,,,,,,,,,,,,,
llama3_8b_qlora_l40_protocol_v3_phase2_r32_seed43__1776524912,llama3_8b_qlora_l40_protocol_v3_phase2_r32_seed43,qlora,train_and_eval,protocol_v3,logging_v2,meta-llama/Meta-Llama-3-8B,True,False,43,32,64,350,8,1024,8.316989216966332,7.381526078549463,7.381526078549463,2715.3206,0.129,completed,outputs/experiments/protocol_v3/llama3_8b_qlora_l40_protocol_v3_phase2_r32_seed43/reports/comparison_row.json,outputs/experiments/protocol_v3/llama3_8b_qlora_l40_protocol_v3_phase2_r32_seed43/reports/metrics_history.jsonl,250,1.3297872340425532,eval,2026-04-18T15:56:01.712344+00:00,,8.768091201782227,9.31640625,8.646641110051549,5.311128582088765,7.694667697659493,4.640502153866472,350,-0.9354631384168695,-0.9519734123920562,-0.6706264282222927,-0.9354631384168695,-0.9519734123920562,-0.6706264282222927,50,7.694667697659493,4.640502153866472,350,4,350,0.0002,10,0.05,8.887051582336426,14.470703125,0.5291473269462585,0.35087352991104126,0,0,0,0,0,0,1,2,8.887051105499268,14.470703125,50,5.007544589570856,5.005242221010849,5.014269381888676,7,0.003923059062030694,False,completed,7.589663982391357,14.470703125,0.05,0.01,,,1.3297872340425532,250,,,,,,,,,1.5410035848617554,5.636,3.726,3.726,,,,,,,,,,,,,,,,,,,,,,,,,,,,,,,
llama3_8b_qlora_l40_protocol_v3_phase2_r32_seed43__1776524912,llama3_8b_qlora_l40_protocol_v3_phase2_r32_seed43,qlora,train_and_eval,protocol_v3,logging_v2,meta-llama/Meta-Llama-3-8B,True,False,43,32,64,350,8,1024,8.316989216966332,7.381526078549463,7.381526078549463,2715.3206,0.129,completed,outputs/experiments/protocol_v3/llama3_8b_qlora_l40_protocol_v3_phase2_r32_seed43/reports/comparison_row.json,outputs/experiments/protocol_v3/llama3_8b_qlora_l40_protocol_v3_phase2_r32_seed43/reports/metrics_history.jsonl,250,1.3297872340425532,eval,2026-04-18T15:56:01.712351+00:00,,8.768091201782227,9.31640625,8.646641110051549,5.311128582088765,7.694667697659493,4.640502153866472,350,-0.9354631384168695,-0.9519734123920562,-0.6706264282222927,-0.9354631384168695,-0.9519734123920562,-0.6706264282222927,50,7.694667697659493,4.640502153866472,350,4,350,0.0002,10,0.05,8.887051582336426,14.470703125,0.5291473269462585,0.35087352991104126,0,0,0,0,0,0,1,2,8.887051105499268,14.470703125,50,5.007544589570856,5.005242221010849,5.014269381888676,7,0.003923059062030694,False,completed,7.589663982391357,14.470703125,0.05,0.01,,,1.3297872340425532,250,2.002760171890259,68.4001,3.728,3.728,2.044020175933838,62.7658,3.728,3.728,1.5410035848617554,5.636,3.726,3.726,7.409479336727617,8.887051582336426,14.470703125,8.887051582336426,14.470703125,8.887051582336426,14.470703125,7.721589031361193,8.887051582336426,14.470703125,8.887051582336426,14.470703125,8.887051582336426,14.470703125,4.669273933003421,8.887051105499268,14.470703125,8.887051105499268,14.470703125,8.887051105499268,14.470703125,5.016261753104627,5.016339867492206,5.017331176146399,0.0007924765590749252,50,,,,,
llama3_8b_qlora_l40_protocol_v3_phase2_r32_seed43__1776524912,llama3_8b_qlora_l40_protocol_v3_phase2_r32_seed43,qlora,train_and_eval,protocol_v3,logging_v2,meta-llama/Meta-Llama-3-8B,True,False,43,32,64,350,8,1024,8.316989216966332,7.381526078549463,7.381526078549463,2715.3206,0.129,completed,outputs/experiments/protocol_v3/llama3_8b_qlora_l40_protocol_v3_phase2_r32_seed43/reports/comparison_row.json,outputs/experiments/protocol_v3/llama3_8b_qlora_l40_protocol_v3_phase2_r32_seed43/reports/metrics_history.jsonl,260,1.3829787234042552,train_log,2026-04-18T15:56:01.712358+00:00,1.8387,8.768091201782227,9.31640625,8.646641110051549,5.311128582088765,7.694667697659493,4.640502153866472,350,-0.9354631384168695,-0.9519734123920562,-0.6706264282222927,-0.9354631384168695,-0.9519734123920562,-0.6706264282222927,50,7.694667697659493,4.640502153866472,350,4,350,0.0002,10,0.05,8.887051582336426,14.470703125,0.5291473269462585,0.35087352991104126,0,0,0,0,0,0,1,2,8.887051105499268,14.470703125,50,5.007544589570856,5.005242221010849,5.014269381888676,7,0.003923059062030694,False,completed,7.589663982391357,14.470703125,0.05,0.01,0.42626920342445374,5.4216867469879516e-05,1.3829787234042552,260,,,,,,,,,,,,,,,,,,,,,,,,,,,,,,,,,,,,,,,,,,,
llama3_8b_qlora_l40_protocol_v3_phase2_r32_seed43__1776524912,llama3_8b_qlora_l40_protocol_v3_phase2_r32_seed43,qlora,train_and_eval,protocol_v3,logging_v2,meta-llama/Meta-Llama-3-8B,True,False,43,32,64,350,8,1024,8.316989216966332,7.381526078549463,7.381526078549463,2715.3206,0.129,completed,outputs/experiments/protocol_v3/llama3_8b_qlora_l40_protocol_v3_phase2_r32_seed43/reports/comparison_row.json,outputs/experiments/protocol_v3/llama3_8b_qlora_l40_protocol_v3_phase2_r32_seed43/reports/metrics_history.jsonl,270,1.4361702127659575,train_log,2026-04-18T15:56:01.712362+00:00,1.8431,8.768091201782227,9.31640625,8.646641110051549,5.311128582088765,7.694667697659493,4.640502153866472,350,-0.9354631384168695,-0.9519734123920562,-0.6706264282222927,-0.9354631384168695,-0.9519734123920562,-0.6706264282222927,50,7.694667697659493,4.640502153866472,350,4,350,0.0002,10,0.05,8.887051582336426,14.470703125,0.5291473269462585,0.35087352991104126,0,0,0,0,0,0,1,2,8.887051105499268,14.470703125,50,5.007544589570856,5.005242221010849,5.014269381888676,7,0.003923059062030694,False,completed,7.589663982391357,14.470703125,0.05,0.01,0.4670926332473755,4.8192771084337354e-05,1.4361702127659575,270,,,,,,,,,,,,,,,,,,,,,,,,,,,,,,,,,,,,,,,,,,,
llama3_8b_qlora_l40_protocol_v3_phase2_r32_seed43__1776524912,llama3_8b_qlora_l40_protocol_v3_phase2_r32_seed43,qlora,train_and_eval,protocol_v3,logging_v2,meta-llama/Meta-Llama-3-8B,True,False,43,32,64,350,8,1024,8.316989216966332,7.381526078549463,7.381526078549463,2715.3206,0.129,completed,outputs/experiments/protocol_v3/llama3_8b_qlora_l40_protocol_v3_phase2_r32_seed43/reports/comparison_row.json,outputs/experiments/protocol_v3/llama3_8b_qlora_l40_protocol_v3_phase2_r32_seed43/reports/metrics_history.jsonl,280,1.4893617021276595,train_log,2026-04-18T15:56:01.712366+00:00,1.7959,8.768091201782227,9.31640625,8.646641110051549,5.311128582088765,7.694667697659493,4.640502153866472,350,-0.9354631384168695,-0.9519734123920562,-0.6706264282222927,-0.9354631384168695,-0.9519734123920562,-0.6706264282222927,50,7.694667697659493,4.640502153866472,350,4,350,0.0002,10,0.05,8.887051582336426,14.470703125,0.5291473269462585,0.35087352991104126,0,0,0,0,0,0,1,2,8.887051105499268,14.470703125,50,5.007544589570856,5.005242221010849,5.014269381888676,7,0.003923059062030694,False,completed,7.589663982391357,14.470703125,0.05,0.01,0.4906829297542572,4.2168674698795186e-05,1.4893617021276595,280,,,,,,,,,,,,,,,,,,,,,,,,,,,,,,,,,,,,,,,,,,,
llama3_8b_qlora_l40_protocol_v3_phase2_r32_seed43__1776524912,llama3_8b_qlora_l40_protocol_v3_phase2_r32_seed43,qlora,train_and_eval,protocol_v3,logging_v2,meta-llama/Meta-Llama-3-8B,True,False,43,32,64,350,8,1024,8.316989216966332,7.381526078549463,7.381526078549463,2715.3206,0.129,completed,outputs/experiments/protocol_v3/llama3_8b_qlora_l40_protocol_v3_phase2_r32_seed43/reports/comparison_row.json,outputs/experiments/protocol_v3/llama3_8b_qlora_l40_protocol_v3_phase2_r32_seed43/reports/metrics_history.jsonl,290,1.5425531914893615,train_log,2026-04-18T15:56:01.712370+00:00,1.8151,8.768091201782227,9.31640625,8.646641110051549,5.311128582088765,7.694667697659493,4.640502153866472,350,-0.9354631384168695,-0.9519734123920562,-0.6706264282222927,-0.9354631384168695,-0.9519734123920562,-0.6706264282222927,50,7.694667697659493,4.640502153866472,350,4,350,0.0002,10,0.05,8.887051582336426,14.470703125,0.5291473269462585,0.35087352991104126,0,0,0,0,0,0,1,2,8.887051105499268,14.470703125,50,5.007544589570856,5.005242221010849,5.014269381888676,7,0.003923059062030694,False,completed,7.589663982391357,14.470703125,0.05,0.01,0.46880483627319336,3.614457831325301e-05,1.5425531914893615,290,,,,,,,,,,,,,,,,,,,,,,,,,,,,,,,,,,,,,,,,,,,
llama3_8b_qlora_l40_protocol_v3_phase2_r32_seed43__1776524912,llama3_8b_qlora_l40_protocol_v3_phase2_r32_seed43,qlora,train_and_eval,protocol_v3,logging_v2,meta-llama/Meta-Llama-3-8B,True,False,43,32,64,350,8,1024,8.316989216966332,7.381526078549463,7.381526078549463,2715.3206,0.129,completed,outputs/experiments/protocol_v3/llama3_8b_qlora_l40_protocol_v3_phase2_r32_seed43/reports/comparison_row.json,outputs/experiments/protocol_v3/llama3_8b_qlora_l40_protocol_v3_phase2_r32_seed43/reports/metrics_history.jsonl,300,1.5957446808510638,train_log,2026-04-18T15:56:01.712373+00:00,1.8375,8.768091201782227,9.31640625,8.646641110051549,5.311128582088765,7.694667697659493,4.640502153866472,350,-0.9354631384168695,-0.9519734123920562,-0.6706264282222927,-0.9354631384168695,-0.9519734123920562,-0.6706264282222927,50,7.694667697659493,4.640502153866472,350,4,350,0.0002,10,0.05,8.887051582336426,14.470703125,0.5291473269462585,0.35087352991104126,0,0,0,0,0,0,1,2,8.887051105499268,14.470703125,50,5.007544589570856,5.005242221010849,5.014269381888676,7,0.003923059062030694,False,completed,7.589663982391357,14.470703125,0.05,0.01,0.4575679302215576,3.012048192771085e-05,1.5957446808510638,300,,,,,,,,,,,,,,,,,,,,,,,,,,,,,,,,,,,,,,,,,,,
llama3_8b_qlora_l40_protocol_v3_phase2_r32_seed43__1776524912,llama3_8b_qlora_l40_protocol_v3_phase2_r32_seed43,qlora,train_and_eval,protocol_v3,logging_v2,meta-llama/Meta-Llama-3-8B,True,False,43,32,64,350,8,1024,8.316989216966332,7.381526078549463,7.381526078549463,2715.3206,0.129,completed,outputs/experiments/protocol_v3/llama3_8b_qlora_l40_protocol_v3_phase2_r32_seed43/reports/comparison_row.json,outputs/experiments/protocol_v3/llama3_8b_qlora_l40_protocol_v3_phase2_r32_seed43/reports/metrics_history.jsonl,300,1.5957446808510638,eval,2026-04-18T15:56:01.712377+00:00,,8.768091201782227,9.31640625,8.646641110051549,5.311128582088765,7.694667697659493,4.640502153866472,350,-0.9354631384168695,-0.9519734123920562,-0.6706264282222927,-0.9354631384168695,-0.9519734123920562,-0.6706264282222927,50,7.694667697659493,4.640502153866472,350,4,350,0.0002,10,0.05,8.887051582336426,14.470703125,0.5291473269462585,0.35087352991104126,0,0,0,0,0,0,1,2,8.887051105499268,14.470703125,50,5.007544589570856,5.005242221010849,5.014269381888676,7,0.003923059062030694,False,completed,7.589663982391357,14.470703125,0.05,0.01,,,1.5957446808510638,300,2.0007429122924805,68.2592,3.736,3.736,,,,,,,,,,,,,,,,,,,,,,,,,,,,,,,,,,,,,,,
llama3_8b_qlora_l40_protocol_v3_phase2_r32_seed43__1776524912,llama3_8b_qlora_l40_protocol_v3_phase2_r32_seed43,qlora,train_and_eval,protocol_v3,logging_v2,meta-llama/Meta-Llama-3-8B,True,False,43,32,64,350,8,1024,8.316989216966332,7.381526078549463,7.381526078549463,2715.3206,0.129,completed,outputs/experiments/protocol_v3/llama3_8b_qlora_l40_protocol_v3_phase2_r32_seed43/reports/comparison_row.json,outputs/experiments/protocol_v3/llama3_8b_qlora_l40_protocol_v3_phase2_r32_seed43/reports/metrics_history.jsonl,300,1.5957446808510638,eval,2026-04-18T15:56:01.712381+00:00,,8.768091201782227,9.31640625,8.646641110051549,5.311128582088765,7.694667697659493,4.640502153866472,350,-0.9354631384168695,-0.9519734123920562,-0.6706264282222927,-0.9354631384168695,-0.9519734123920562,-0.6706264282222927,50,7.694667697659493,4.640502153866472,350,4,350,0.0002,10,0.05,8.887051582336426,14.470703125,0.5291473269462585,0.35087352991104126,0,0,0,0,0,0,1,2,8.887051105499268,14.470703125,50,5.007544589570856,5.005242221010849,5.014269381888676,7,0.003923059062030694,False,completed,7.589663982391357,14.470703125,0.05,0.01,,,1.5957446808510638,300,,,,,2.0422208309173584,62.6371,3.736,3.736,,,,,,,,,,,,,,,,,,,,,,,,,,,,,,,,,,,
llama3_8b_qlora_l40_protocol_v3_phase2_r32_seed43__1776524912,llama3_8b_qlora_l40_protocol_v3_phase2_r32_seed43,qlora,train_and_eval,protocol_v3,logging_v2,meta-llama/Meta-Llama-3-8B,True,False,43,32,64,350,8,1024,8.316989216966332,7.381526078549463,7.381526078549463,2715.3206,0.129,completed,outputs/experiments/protocol_v3/llama3_8b_qlora_l40_protocol_v3_phase2_r32_seed43/reports/comparison_row.json,outputs/experiments/protocol_v3/llama3_8b_qlora_l40_protocol_v3_phase2_r32_seed43/reports/metrics_history.jsonl,300,1.5957446808510638,eval,2026-04-18T15:56:01.712385+00:00,,8.768091201782227,9.31640625,8.646641110051549,5.311128582088765,7.694667697659493,4.640502153866472,350,-0.9354631384168695,-0.9519734123920562,-0.6706264282222927,-0.9354631384168695,-0.9519734123920562,-0.6706264282222927,50,7.694667697659493,4.640502153866472,350,4,350,0.0002,10,0.05,8.887051582336426,14.470703125,0.5291473269462585,0.35087352991104126,0,0,0,0,0,0,1,2,8.887051105499268,14.470703125,50,5.007544589570856,5.005242221010849,5.014269381888676,7,0.003923059062030694,False,completed,7.589663982391357,14.470703125,0.05,0.01,,,1.5957446808510638,300,,,,,,,,,1.5374338626861572,5.6241,3.734,3.734,,,,,,,,,,,,,,,,,,,,,,,,,,,,,,,
llama3_8b_qlora_l40_protocol_v3_phase2_r32_seed43__1776524912,llama3_8b_qlora_l40_protocol_v3_phase2_r32_seed43,qlora,train_and_eval,protocol_v3,logging_v2,meta-llama/Meta-Llama-3-8B,True,False,43,32,64,350,8,1024,8.316989216966332,7.381526078549463,7.381526078549463,2715.3206,0.129,completed,outputs/experiments/protocol_v3/llama3_8b_qlora_l40_protocol_v3_phase2_r32_seed43/reports/comparison_row.json,outputs/experiments/protocol_v3/llama3_8b_qlora_l40_protocol_v3_phase2_r32_seed43/reports/metrics_history.jsonl,300,1.5957446808510638,eval,2026-04-18T15:56:01.712391+00:00,,8.768091201782227,9.31640625,8.646641110051549,5.311128582088765,7.694667697659493,4.640502153866472,350,-0.9354631384168695,-0.9519734123920562,-0.6706264282222927,-0.9354631384168695,-0.9519734123920562,-0.6706264282222927,50,7.694667697659493,4.640502153866472,350,4,350,0.0002,10,0.05,8.887051582336426,14.470703125,0.5291473269462585,0.35087352991104126,0,0,0,0,0,0,1,2,8.887051105499268,14.470703125,50,5.007544589570856,5.005242221010849,5.014269381888676,7,0.003923059062030694,False,completed,7.589663982391357,14.470703125,0.05,0.01,,,1.5957446808510638,300,2.0007429122924805,68.2592,3.736,3.736,2.0422208309173584,62.6371,3.736,3.736,1.5374338626861572,5.6241,3.734,3.734,7.394547559120443,8.887051582336426,14.470703125,8.887051582336426,14.470703125,8.887051582336426,14.470703125,7.70770772099685,8.887051582336426,14.470703125,8.887051582336426,14.470703125,8.887051582336426,14.470703125,4.6526356370162745,8.887051105499268,14.470703125,8.887051105499268,14.470703125,8.887051105499268,14.470703125,5.005242221010849,5.005279354401864,5.006279478850775,0.0006917525573754868,50,,,,,
llama3_8b_qlora_l40_protocol_v3_phase2_r32_seed43__1776524912,llama3_8b_qlora_l40_protocol_v3_phase2_r32_seed43,qlora,train_and_eval,protocol_v3,logging_v2,meta-llama/Meta-Llama-3-8B,True,False,43,32,64,350,8,1024,8.316989216966332,7.381526078549463,7.381526078549463,2715.3206,0.129,completed,outputs/experiments/protocol_v3/llama3_8b_qlora_l40_protocol_v3_phase2_r32_seed43/reports/comparison_row.json,outputs/experiments/protocol_v3/llama3_8b_qlora_l40_protocol_v3_phase2_r32_seed43/reports/metrics_history.jsonl,310,1.648936170212766,train_log,2026-04-18T15:56:01.712399+00:00,1.8014,8.768091201782227,9.31640625,8.646641110051549,5.311128582088765,7.694667697659493,4.640502153866472,350,-0.9354631384168695,-0.9519734123920562,-0.6706264282222927,-0.9354631384168695,-0.9519734123920562,-0.6706264282222927,50,7.694667697659493,4.640502153866472,350,4,350,0.0002,10,0.05,8.887051582336426,14.470703125,0.5291473269462585,0.35087352991104126,0,0,0,0,0,0,1,2,8.887051105499268,14.470703125,50,5.007544589570856,5.005242221010849,5.014269381888676,7,0.003923059062030694,False,completed,7.589663982391357,14.470703125,0.05,0.01,0.4562773108482361,2.4096385542168677e-05,1.648936170212766,310,,,,,,,,,,,,,,,,,,,,,,,,,,,,,,,,,,,,,,,,,,,
llama3_8b_qlora_l40_protocol_v3_phase2_r32_seed43__1776524912,llama3_8b_qlora_l40_protocol_v3_phase2_r32_seed43,qlora,train_and_eval,protocol_v3,logging_v2,meta-llama/Meta-Llama-3-8B,True,False,43,32,64,350,8,1024,8.316989216966332,7.381526078549463,7.381526078549463,2715.3206,0.129,completed,outputs/experiments/protocol_v3/llama3_8b_qlora_l40_protocol_v3_phase2_r32_seed43/reports/comparison_row.json,outputs/experiments/protocol_v3/llama3_8b_qlora_l40_protocol_v3_phase2_r32_seed43/reports/metrics_history.jsonl,320,1.702127659574468,train_log,2026-04-18T15:56:01.712403+00:00,1.8352,8.768091201782227,9.31640625,8.646641110051549,5.311128582088765,7.694667697659493,4.640502153866472,350,-0.9354631384168695,-0.9519734123920562,-0.6706264282222927,-0.9354631384168695,-0.9519734123920562,-0.6706264282222927,50,7.694667697659493,4.640502153866472,350,4,350,0.0002,10,0.05,8.887051582336426,14.470703125,0.5291473269462585,0.35087352991104126,0,0,0,0,0,0,1,2,8.887051105499268,14.470703125,50,5.007544589570856,5.005242221010849,5.014269381888676,7,0.003923059062030694,False,completed,7.589663982391357,14.470703125,0.05,0.01,0.4264606833457947,1.8072289156626505e-05,1.702127659574468,320,,,,,,,,,,,,,,,,,,,,,,,,,,,,,,,,,,,,,,,,,,,
llama3_8b_qlora_l40_protocol_v3_phase2_r32_seed43__1776524912,llama3_8b_qlora_l40_protocol_v3_phase2_r32_seed43,qlora,train_and_eval,protocol_v3,logging_v2,meta-llama/Meta-Llama-3-8B,True,False,43,32,64,350,8,1024,8.316989216966332,7.381526078549463,7.381526078549463,2715.3206,0.129,completed,outputs/experiments/protocol_v3/llama3_8b_qlora_l40_protocol_v3_phase2_r32_seed43/reports/comparison_row.json,outputs/experiments/protocol_v3/llama3_8b_qlora_l40_protocol_v3_phase2_r32_seed43/reports/metrics_history.jsonl,330,1.7553191489361701,train_log,2026-04-18T15:56:01.712407+00:00,1.7949,8.768091201782227,9.31640625,8.646641110051549,5.311128582088765,7.694667697659493,4.640502153866472,350,-0.9354631384168695,-0.9519734123920562,-0.6706264282222927,-0.9354631384168695,-0.9519734123920562,-0.6706264282222927,50,7.694667697659493,4.640502153866472,350,4,350,0.0002,10,0.05,8.887051582336426,14.470703125,0.5291473269462585,0.35087352991104126,0,0,0,0,0,0,1,2,8.887051105499268,14.470703125,50,5.007544589570856,5.005242221010849,5.014269381888676,7,0.003923059062030694,False,completed,7.589663982391357,14.470703125,0.05,0.01,0.4509832262992859,1.2048192771084338e-05,1.7553191489361701,330,,,,,,,,,,,,,,,,,,,,,,,,,,,,,,,,,,,,,,,,,,,
llama3_8b_qlora_l40_protocol_v3_phase2_r32_seed43__1776524912,llama3_8b_qlora_l40_protocol_v3_phase2_r32_seed43,qlora,train_and_eval,protocol_v3,logging_v2,meta-llama/Meta-Llama-3-8B,True,False,43,32,64,350,8,1024,8.316989216966332,7.381526078549463,7.381526078549463,2715.3206,0.129,completed,outputs/experiments/protocol_v3/llama3_8b_qlora_l40_protocol_v3_phase2_r32_seed43/reports/comparison_row.json,outputs/experiments/protocol_v3/llama3_8b_qlora_l40_protocol_v3_phase2_r32_seed43/reports/metrics_history.jsonl,340,1.8085106382978724,train_log,2026-04-18T15:56:01.712411+00:00,1.9329,8.768091201782227,9.31640625,8.646641110051549,5.311128582088765,7.694667697659493,4.640502153866472,350,-0.9354631384168695,-0.9519734123920562,-0.6706264282222927,-0.9354631384168695,-0.9519734123920562,-0.6706264282222927,50,7.694667697659493,4.640502153866472,350,4,350,0.0002,10,0.05,8.887051582336426,14.470703125,0.5291473269462585,0.35087352991104126,0,0,0,0,0,0,1,2,8.887051105499268,14.470703125,50,5.007544589570856,5.005242221010849,5.014269381888676,7,0.003923059062030694,False,completed,7.589663982391357,14.470703125,0.05,0.01,0.49162110686302185,6.024096385542169e-06,1.8085106382978724,340,,,,,,,,,,,,,,,,,,,,,,,,,,,,,,,,,,,,,,,,,,,
llama3_8b_qlora_l40_protocol_v3_phase2_r32_seed43__1776524912,llama3_8b_qlora_l40_protocol_v3_phase2_r32_seed43,qlora,train_and_eval,protocol_v3,logging_v2,meta-llama/Meta-Llama-3-8B,True,False,43,32,64,350,8,1024,8.316989216966332,7.381526078549463,7.381526078549463,2715.3206,0.129,completed,outputs/experiments/protocol_v3/llama3_8b_qlora_l40_protocol_v3_phase2_r32_seed43/reports/comparison_row.json,outputs/experiments/protocol_v3/llama3_8b_qlora_l40_protocol_v3_phase2_r32_seed43/reports/metrics_history.jsonl,350,1.8617021276595744,train_log,2026-04-18T15:56:01.712415+00:00,1.8508,8.768091201782227,9.31640625,8.646641110051549,5.311128582088765,7.694667697659493,4.640502153866472,350,-0.9354631384168695,-0.9519734123920562,-0.6706264282222927,-0.9354631384168695,-0.9519734123920562,-0.6706264282222927,50,7.694667697659493,4.640502153866472,350,4,350,0.0002,10,0.05,8.887051582336426,14.470703125,0.5291473269462585,0.35087352991104126,0,0,0,0,0,0,1,2,8.887051105499268,14.470703125,50,5.007544589570856,5.005242221010849,5.014269381888676,7,0.003923059062030694,False,completed,7.589663982391357,14.470703125,0.05,0.01,0.43283939361572266,0.0,1.8617021276595744,350,,,,,,,,,,,,,,,,,,,,,,,,,,,,,,,,,,,,,,,,,,,
llama3_8b_qlora_l40_protocol_v3_phase2_r32_seed43__1776524912,llama3_8b_qlora_l40_protocol_v3_phase2_r32_seed43,qlora,train_and_eval,protocol_v3,logging_v2,meta-llama/Meta-Llama-3-8B,True,False,43,32,64,350,8,1024,8.316989216966332,7.381526078549463,7.381526078549463,2715.3206,0.129,completed,outputs/experiments/protocol_v3/llama3_8b_qlora_l40_protocol_v3_phase2_r32_seed43/reports/comparison_row.json,outputs/experiments/protocol_v3/llama3_8b_qlora_l40_protocol_v3_phase2_r32_seed43/reports/metrics_history.jsonl,350,1.8617021276595744,eval,2026-04-18T15:56:01.712419+00:00,,8.768091201782227,9.31640625,8.646641110051549,5.311128582088765,7.694667697659493,4.640502153866472,350,-0.9354631384168695,-0.9519734123920562,-0.6706264282222927,-0.9354631384168695,-0.9519734123920562,-0.6706264282222927,50,7.694667697659493,4.640502153866472,350,4,350,0.0002,10,0.05,8.887051582336426,14.470703125,0.5291473269462585,0.35087352991104126,0,0,0,0,0,0,1,2,8.887051105499268,14.470703125,50,5.007544589570856,5.005242221010849,5.014269381888676,7,0.003923059062030694,False,completed,7.589663982391357,14.470703125,0.05,0.01,,,1.8617021276595744,350,1.9989804029464722,68.3184,3.733,3.733,,,,,,,,,,,,,,,,,,,,,,,,,,,,,,,,,,,,,,,
llama3_8b_qlora_l40_protocol_v3_phase2_r32_seed43__1776524912,llama3_8b_qlora_l40_protocol_v3_phase2_r32_seed43,qlora,train_and_eval,protocol_v3,logging_v2,meta-llama/Meta-Llama-3-8B,True,False,43,32,64,350,8,1024,8.316989216966332,7.381526078549463,7.381526078549463,2715.3206,0.129,completed,outputs/experiments/protocol_v3/llama3_8b_qlora_l40_protocol_v3_phase2_r32_seed43/reports/comparison_row.json,outputs/experiments/protocol_v3/llama3_8b_qlora_l40_protocol_v3_phase2_r32_seed43/reports/metrics_history.jsonl,350,1.8617021276595744,eval,2026-04-18T15:56:01.712428+00:00,,8.768091201782227,9.31640625,8.646641110051549,5.311128582088765,7.694667697659493,4.640502153866472,350,-0.9354631384168695,-0.9519734123920562,-0.6706264282222927,-0.9354631384168695,-0.9519734123920562,-0.6706264282222927,50,7.694667697659493,4.640502153866472,350,4,350,0.0002,10,0.05,8.887051582336426,14.470703125,0.5291473269462585,0.35087352991104126,0,0,0,0,0,0,1,2,8.887051105499268,14.470703125,50,5.007544589570856,5.005242221010849,5.014269381888676,7,0.003923059062030694,False,completed,7.589663982391357,14.470703125,0.05,0.01,,,1.8617021276595744,350,,,,,2.040527582168579,62.6934,3.732,3.732,,,,,,,,,,,,,,,,,,,,,,,,,,,,,,,,,,,
llama3_8b_qlora_l40_protocol_v3_phase2_r32_seed43__1776524912,llama3_8b_qlora_l40_protocol_v3_phase2_r32_seed43,qlora,train_and_eval,protocol_v3,logging_v2,meta-llama/Meta-Llama-3-8B,True,False,43,32,64,350,8,1024,8.316989216966332,7.381526078549463,7.381526078549463,2715.3206,0.129,completed,outputs/experiments/protocol_v3/llama3_8b_qlora_l40_protocol_v3_phase2_r32_seed43/reports/comparison_row.json,outputs/experiments/protocol_v3/llama3_8b_qlora_l40_protocol_v3_phase2_r32_seed43/reports/metrics_history.jsonl,350,1.8617021276595744,eval,2026-04-18T15:56:01.712432+00:00,,8.768091201782227,9.31640625,8.646641110051549,5.311128582088765,7.694667697659493,4.640502153866472,350,-0.9354631384168695,-0.9519734123920562,-0.6706264282222927,-0.9354631384168695,-0.9519734123920562,-0.6706264282222927,50,7.694667697659493,4.640502153866472,350,4,350,0.0002,10,0.05,8.887051582336426,14.470703125,0.5291473269462585,0.35087352991104126,0,0,0,0,0,0,1,2,8.887051105499268,14.470703125,50,5.007544589570856,5.005242221010849,5.014269381888676,7,0.003923059062030694,False,completed,7.589663982391357,14.470703125,0.05,0.01,,,1.8617021276595744,350,,,,,,,,,1.5348225831985474,5.6288,3.731,3.731,,,,,,,,,,,,,,,,,,,,,,,,,,,,,,,
llama3_8b_qlora_l40_protocol_v3_phase2_r32_seed43__1776524912,llama3_8b_qlora_l40_protocol_v3_phase2_r32_seed43,qlora,train_and_eval,protocol_v3,logging_v2,meta-llama/Meta-Llama-3-8B,True,False,43,32,64,350,8,1024,8.316989216966332,7.381526078549463,7.381526078549463,2715.3206,0.129,completed,outputs/experiments/protocol_v3/llama3_8b_qlora_l40_protocol_v3_phase2_r32_seed43/reports/comparison_row.json,outputs/experiments/protocol_v3/llama3_8b_qlora_l40_protocol_v3_phase2_r32_seed43/reports/metrics_history.jsonl,350,1.8617021276595744,eval,2026-04-18T15:56:01.712438+00:00,,8.768091201782227,9.31640625,8.646641110051549,5.311128582088765,7.694667697659493,4.640502153866472,350,-0.9354631384168695,-0.9519734123920562,-0.6706264282222927,-0.9354631384168695,-0.9519734123920562,-0.6706264282222927,50,7.694667697659493,4.640502153866472,350,4,350,0.0002,10,0.05,8.887051582336426,14.470703125,0.5291473269462585,0.35087352991104126,0,0,0,0,0,0,1,2,8.887051105499268,14.470703125,50,5.007544589570856,5.005242221010849,5.014269381888676,7,0.003923059062030694,False,completed,7.589663982391357,14.470703125,0.05,0.01,,,1.8617021276595744,350,1.9989804029464722,68.3184,3.733,3.733,2.040527582168579,62.6934,3.732,3.732,1.5348225831985474,5.6288,3.731,3.731,7.381526078549463,8.887051582336426,14.470703125,8.887051582336426,14.470703125,8.887051582336426,14.470703125,7.694667697659493,8.887051582336426,14.470703125,8.887051582336426,14.470703125,8.887051582336426,14.470703125,4.640502153866472,8.887051105499268,14.470703125,8.887051105499268,14.470703125,8.887051105499268,14.470703125,5.009620515718125,5.0097944888984784,5.0108634939417245,0.0009604776813886455,50,,,,,
llama3_8b_qlora_l40_protocol_v3_phase2_r32_seed43__1776524912,llama3_8b_qlora_l40_protocol_v3_phase2_r32_seed43,qlora,train_and_eval,protocol_v3,logging_v2,meta-llama/Meta-Llama-3-8B,True,False,43,32,64,350,8,1024,8.316989216966332,7.381526078549463,7.381526078549463,2715.3206,0.129,completed,outputs/experiments/protocol_v3/llama3_8b_qlora_l40_protocol_v3_phase2_r32_seed43/reports/comparison_row.json,outputs/experiments/protocol_v3/llama3_8b_qlora_l40_protocol_v3_phase2_r32_seed43/reports/metrics_history.jsonl,350,1.8617021276595744,system,2026-04-18T15:56:01.712446+00:00,,8.768091201782227,9.31640625,8.646641110051549,5.311128582088765,7.694667697659493,4.640502153866472,350,-0.9354631384168695,-0.9519734123920562,-0.6706264282222927,-0.9354631384168695,-0.9519734123920562,-0.6706264282222927,50,7.694667697659493,4.640502153866472,350,4,350,0.0002,10,0.05,8.887051582336426,14.470703125,0.5291473269462585,0.35087352991104126,0,0,0,0,0,0,1,2,8.887051105499268,14.470703125,50,5.007544589570856,5.005242221010849,5.014269381888676,7,0.003923059062030694,False,completed,7.589663982391357,14.470703125,0.05,0.01,,,1.8617021276595744,350,,,,,,,,,,,,,,,,,,,,,,,,,,,,,,,,,,,,,,,2715.3206,1.031,0.129,1.295777305460736e+17,1.917398316519601
llama3_8b_qlora_l40_protocol_v3_phase2_r32_seed44__1776783323,llama3_8b_qlora_l40_protocol_v3_phase2_r32_seed44,qlora,train_and_eval,protocol_v3,logging_v2,meta-llama/Meta-Llama-3-8B,True,False,44,32,64,350,8,1024,8.316989216966332,7.384801966043569,7.384801966043569,2717.3301,0.129,completed,outputs/experiments/protocol_v3/llama3_8b_qlora_l40_protocol_v3_phase2_r32_seed44/reports/comparison_row.json,outputs/experiments/protocol_v3/llama3_8b_qlora_l40_protocol_v3_phase2_r32_seed44/reports/metrics_history.jsonl,10,0.05319148936170213,train_log,2026-04-21T15:42:54.865809+00:00,2.0811,8.768091201782227,9.31640625,8.646641110051549,5.311128582088765,7.697860479899984,4.637831563448872,350,-0.9321872509227633,-0.9487806301515649,-0.673297018639893,-0.9321872509227633,-0.9487806301515649,-0.673297018639893,50,7.697860479899984,4.637831563448872,350,4,350,0.0002,10,0.05,8.887051582336426,14.470703125,0.6196871399879456,0.35237953066825867,0,0,0,0,0,0,1,2,8.887051105499268,14.470703125,50,5.0095117053681415,5.015807378560712,5.0169203983235935,7,0.008055736309398204,False,completed,7.589663982391357,14.470703125,0.05,0.01,0.410319447517395,0.00011111111111111112,0.05319148936170213,10,,,,,,,,,,,,,,,,,,,,,,,,,,,,,,,,,,,,,,,,,,,
llama3_8b_qlora_l40_protocol_v3_phase2_r32_seed44__1776783323,llama3_8b_qlora_l40_protocol_v3_phase2_r32_seed44,qlora,train_and_eval,protocol_v3,logging_v2,meta-llama/Meta-Llama-3-8B,True,False,44,32,64,350,8,1024,8.316989216966332,7.384801966043569,7.384801966043569,2717.3301,0.129,completed,outputs/experiments/protocol_v3/llama3_8b_qlora_l40_protocol_v3_phase2_r32_seed44/reports/comparison_row.json,outputs/experiments/protocol_v3/llama3_8b_qlora_l40_protocol_v3_phase2_r32_seed44/reports/metrics_history.jsonl,20,0.10638297872340426,train_log,2026-04-21T15:42:54.865833+00:00,2.0946,8.768091201782227,9.31640625,8.646641110051549,5.311128582088765,7.697860479899984,4.637831563448872,350,-0.9321872509227633,-0.9487806301515649,-0.673297018639893,-0.9321872509227633,-0.9487806301515649,-0.673297018639893,50,7.697860479899984,4.637831563448872,350,4,350,0.0002,10,0.05,8.887051582336426,14.470703125,0.6196871399879456,0.35237953066825867,0,0,0,0,0,0,1,2,8.887051105499268,14.470703125,50,5.0095117053681415,5.015807378560712,5.0169203983235935,7,0.008055736309398204,False,completed,7.589663982391357,14.470703125,0.05,0.01,0.38899970054626465,0.00019879518072289158,0.10638297872340426,20,,,,,,,,,,,,,,,,,,,,,,,,,,,,,,,,,,,,,,,,,,,
llama3_8b_qlora_l40_protocol_v3_phase2_r32_seed44__1776783323,llama3_8b_qlora_l40_protocol_v3_phase2_r32_seed44,qlora,train_and_eval,protocol_v3,logging_v2,meta-llama/Meta-Llama-3-8B,True,False,44,32,64,350,8,1024,8.316989216966332,7.384801966043569,7.384801966043569,2717.3301,0.129,completed,outputs/experiments/protocol_v3/llama3_8b_qlora_l40_protocol_v3_phase2_r32_seed44/reports/comparison_row.json,outputs/experiments/protocol_v3/llama3_8b_qlora_l40_protocol_v3_phase2_r32_seed44/reports/metrics_history.jsonl,30,0.1595744680851064,train_log,2026-04-21T15:42:54.865838+00:00,2.0088,8.768091201782227,9.31640625,8.646641110051549,5.311128582088765,7.697860479899984,4.637831563448872,350,-0.9321872509227633,-0.9487806301515649,-0.673297018639893,-0.9321872509227633,-0.9487806301515649,-0.673297018639893,50,7.697860479899984,4.637831563448872,350,4,350,0.0002,10,0.05,8.887051582336426,14.470703125,0.6196871399879456,0.35237953066825867,0,0,0,0,0,0,1,2,8.887051105499268,14.470703125,50,5.0095117053681415,5.015807378560712,5.0169203983235935,7,0.008055736309398204,False,completed,7.589663982391357,14.470703125,0.05,0.01,0.3819739818572998,0.00019277108433734942,0.1595744680851064,30,,,,,,,,,,,,,,,,,,,,,,,,,,,,,,,,,,,,,,,,,,,
llama3_8b_qlora_l40_protocol_v3_phase2_r32_seed44__1776783323,llama3_8b_qlora_l40_protocol_v3_phase2_r32_seed44,qlora,train_and_eval,protocol_v3,logging_v2,meta-llama/Meta-Llama-3-8B,True,False,44,32,64,350,8,1024,8.316989216966332,7.384801966043569,7.384801966043569,2717.3301,0.129,completed,outputs/experiments/protocol_v3/llama3_8b_qlora_l40_protocol_v3_phase2_r32_seed44/reports/comparison_row.json,outputs/experiments/protocol_v3/llama3_8b_qlora_l40_protocol_v3_phase2_r32_seed44/reports/metrics_history.jsonl,40,0.2127659574468085,train_log,2026-04-21T15:42:54.865847+00:00,1.9698,8.768091201782227,9.31640625,8.646641110051549,5.311128582088765,7.697860479899984,4.637831563448872,350,-0.9321872509227633,-0.9487806301515649,-0.673297018639893,-0.9321872509227633,-0.9487806301515649,-0.673297018639893,50,7.697860479899984,4.637831563448872,350,4,350,0.0002,10,0.05,8.887051582336426,14.470703125,0.6196871399879456,0.35237953066825867,0,0,0,0,0,0,1,2,8.887051105499268,14.470703125,50,5.0095117053681415,5.015807378560712,5.0169203983235935,7,0.008055736309398204,False,completed,7.589663982391357,14.470703125,0.05,0.01,0.3749659061431885,0.00018674698795180723,0.2127659574468085,40,,,,,,,,,,,,,,,,,,,,,,,,,,,,,,,,,,,,,,,,,,,
llama3_8b_qlora_l40_protocol_v3_phase2_r32_seed44__1776783323,llama3_8b_qlora_l40_protocol_v3_phase2_r32_seed44,qlora,train_and_eval,protocol_v3,logging_v2,meta-llama/Meta-Llama-3-8B,True,False,44,32,64,350,8,1024,8.316989216966332,7.384801966043569,7.384801966043569,2717.3301,0.129,completed,outputs/experiments/protocol_v3/llama3_8b_qlora_l40_protocol_v3_phase2_r32_seed44/reports/comparison_row.json,outputs/experiments/protocol_v3/llama3_8b_qlora_l40_protocol_v3_phase2_r32_seed44/reports/metrics_history.jsonl,50,0.26595744680851063,train_log,2026-04-21T15:42:54.865851+00:00,1.972,8.768091201782227,9.31640625,8.646641110051549,5.311128582088765,7.697860479899984,4.637831563448872,350,-0.9321872509227633,-0.9487806301515649,-0.673297018639893,-0.9321872509227633,-0.9487806301515649,-0.673297018639893,50,7.697860479899984,4.637831563448872,350,4,350,0.0002,10,0.05,8.887051582336426,14.470703125,0.6196871399879456,0.35237953066825867,0,0,0,0,0,0,1,2,8.887051105499268,14.470703125,50,5.0095117053681415,5.015807378560712,5.0169203983235935,7,0.008055736309398204,False,completed,7.589663982391357,14.470703125,0.05,0.01,0.40556463599205017,0.00018072289156626507,0.26595744680851063,50,,,,,,,,,,,,,,,,,,,,,,,,,,,,,,,,,,,,,,,,,,,
llama3_8b_qlora_l40_protocol_v3_phase2_r32_seed44__1776783323,llama3_8b_qlora_l40_protocol_v3_phase2_r32_seed44,qlora,train_and_eval,protocol_v3,logging_v2,meta-llama/Meta-Llama-3-8B,True,False,44,32,64,350,8,1024,8.316989216966332,7.384801966043569,7.384801966043569,2717.3301,0.129,completed,outputs/experiments/protocol_v3/llama3_8b_qlora_l40_protocol_v3_phase2_r32_seed44/reports/comparison_row.json,outputs/experiments/protocol_v3/llama3_8b_qlora_l40_protocol_v3_phase2_r32_seed44/reports/metrics_history.jsonl,50,0.26595744680851063,eval,2026-04-21T15:42:54.865857+00:00,,8.768091201782227,9.31640625,8.646641110051549,5.311128582088765,7.697860479899984,4.637831563448872,350,-0.9321872509227633,-0.9487806301515649,-0.673297018639893,-0.9321872509227633,-0.9487806301515649,-0.673297018639893,50,7.697860479899984,4.637831563448872,350,4,350,0.0002,10,0.05,8.887051582336426,14.470703125,0.6196871399879456,0.35237953066825867,0,0,0,0,0,0,1,2,8.887051105499268,14.470703125,50,5.0095117053681415,5.015807378560712,5.0169203983235935,7,0.008055736309398204,False,completed,7.589663982391357,14.470703125,0.05,0.01,,,0.26595744680851063,50,2.0382018089294434,68.2068,3.739,3.739,,,,,,,,,,,,,,,,,,,,,,,,,,,,,,,,,,,,,,,
llama3_8b_qlora_l40_protocol_v3_phase2_r32_seed44__1776783323,llama3_8b_qlora_l40_protocol_v3_phase2_r32_seed44,qlora,train_and_eval,protocol_v3,logging_v2,meta-llama/Meta-Llama-3-8B,True,False,44,32,64,350,8,1024,8.316989216966332,7.384801966043569,7.384801966043569,2717.3301,0.129,completed,outputs/experiments/protocol_v3/llama3_8b_qlora_l40_protocol_v3_phase2_r32_seed44/reports/comparison_row.json,outputs/experiments/protocol_v3/llama3_8b_qlora_l40_protocol_v3_phase2_r32_seed44/reports/metrics_history.jsonl,50,0.26595744680851063,eval,2026-04-21T15:42:54.865863+00:00,,8.768091201782227,9.31640625,8.646641110051549,5.311128582088765,7.697860479899984,4.637831563448872,350,-0.9321872509227633,-0.9487806301515649,-0.673297018639893,-0.9321872509227633,-0.9487806301515649,-0.673297018639893,50,7.697860479899984,4.637831563448872,350,4,350,0.0002,10,0.05,8.887051582336426,14.470703125,0.6196871399879456,0.35237953066825867,0,0,0,0,0,0,1,2,8.887051105499268,14.470703125,50,5.0095117053681415,5.015807378560712,5.0169203983235935,7,0.008055736309398204,False,completed,7.589663982391357,14.470703125,0.05,0.01,,,0.26595744680851063,50,,,,,2.0777838230133057,62.583,3.739,3.739,,,,,,,,,,,,,,,,,,,,,,,,,,,,,,,,,,,
llama3_8b_qlora_l40_protocol_v3_phase2_r32_seed44__1776783323,llama3_8b_qlora_l40_protocol_v3_phase2_r32_seed44,qlora,train_and_eval,protocol_v3,logging_v2,meta-llama/Meta-Llama-3-8B,True,False,44,32,64,350,8,1024,8.316989216966332,7.384801966043569,7.384801966043569,2717.3301,0.129,completed,outputs/experiments/protocol_v3/llama3_8b_qlora_l40_protocol_v3_phase2_r32_seed44/reports/comparison_row.json,outputs/experiments/protocol_v3/llama3_8b_qlora_l40_protocol_v3_phase2_r32_seed44/reports/metrics_history.jsonl,50,0.26595744680851063,eval,2026-04-21T15:42:54.865869+00:00,,8.768091201782227,9.31640625,8.646641110051549,5.311128582088765,7.697860479899984,4.637831563448872,350,-0.9321872509227633,-0.9487806301515649,-0.673297018639893,-0.9321872509227633,-0.9487806301515649,-0.673297018639893,50,7.697860479899984,4.637831563448872,350,4,350,0.0002,10,0.05,8.887051582336426,14.470703125,0.6196871399879456,0.35237953066825867,0,0,0,0,0,0,1,2,8.887051105499268,14.470703125,50,5.0095117053681415,5.015807378560712,5.0169203983235935,7,0.008055736309398204,False,completed,7.589663982391357,14.470703125,0.05,0.01,,,0.26595744680851063,50,,,,,,,,,1.5917447805404663,5.6207,3.736,3.736,,,,,,,,,,,,,,,,,,,,,,,,,,,,,,,
llama3_8b_qlora_l40_protocol_v3_phase2_r32_seed44__1776783323,llama3_8b_qlora_l40_protocol_v3_phase2_r32_seed44,qlora,train_and_eval,protocol_v3,logging_v2,meta-llama/Meta-Llama-3-8B,True,False,44,32,64,350,8,1024,8.316989216966332,7.384801966043569,7.384801966043569,2717.3301,0.129,completed,outputs/experiments/protocol_v3/llama3_8b_qlora_l40_protocol_v3_phase2_r32_seed44/reports/comparison_row.json,outputs/experiments/protocol_v3/llama3_8b_qlora_l40_protocol_v3_phase2_r32_seed44/reports/metrics_history.jsonl,50,0.26595744680851063,eval,2026-04-21T15:42:54.865879+00:00,,8.768091201782227,9.31640625,8.646641110051549,5.311128582088765,7.697860479899984,4.637831563448872,350,-0.9321872509227633,-0.9487806301515649,-0.673297018639893,-0.9321872509227633,-0.9487806301515649,-0.673297018639893,50,7.697860479899984,4.637831563448872,350,4,350,0.0002,10,0.05,8.887051582336426,14.470703125,0.6196871399879456,0.35237953066825867,0,0,0,0,0,0,1,2,8.887051105499268,14.470703125,50,5.0095117053681415,5.015807378560712,5.0169203983235935,7,0.008055736309398204,False,completed,7.589663982391357,14.470703125,0.05,0.01,,,0.26595744680851063,50,2.0382018089294434,68.2068,3.739,3.739,2.0777838230133057,62.583,3.739,3.739,1.5917447805404663,5.6207,3.736,3.736,7.676792440399325,8.887051582336426,14.470703125,8.887051582336426,14.470703125,8.887051582336426,14.470703125,7.9867492367210335,8.887051582336426,14.470703125,8.887051582336426,14.470703125,8.887051582336426,14.470703125,4.912312362516324,8.887051105499268,14.470703125,8.887051105499268,14.470703125,8.887051105499268,14.470703125,5.016259539438178,5.010546793499088,5.0181176275000325,0.03511164979079677,50,,,,,
llama3_8b_qlora_l40_protocol_v3_phase2_r32_seed44__1776783323,llama3_8b_qlora_l40_protocol_v3_phase2_r32_seed44,qlora,train_and_eval,protocol_v3,logging_v2,meta-llama/Meta-Llama-3-8B,True,False,44,32,64,350,8,1024,8.316989216966332,7.384801966043569,7.384801966043569,2717.3301,0.129,completed,outputs/experiments/protocol_v3/llama3_8b_qlora_l40_protocol_v3_phase2_r32_seed44/reports/comparison_row.json,outputs/experiments/protocol_v3/llama3_8b_qlora_l40_protocol_v3_phase2_r32_seed44/reports/metrics_history.jsonl,60,0.3191489361702128,train_log,2026-04-21T15:42:54.865888+00:00,1.8864,8.768091201782227,9.31640625,8.646641110051549,5.311128582088765,7.697860479899984,4.637831563448872,350,-0.9321872509227633,-0.9487806301515649,-0.673297018639893,-0.9321872509227633,-0.9487806301515649,-0.673297018639893,50,7.697860479899984,4.637831563448872,350,4,350,0.0002,10,0.05,8.887051582336426,14.470703125,0.6196871399879456,0.35237953066825867,0,0,0,0,0,0,1,2,8.887051105499268,14.470703125,50,5.0095117053681415,5.015807378560712,5.0169203983235935,7,0.008055736309398204,False,completed,7.589663982391357,14.470703125,0.05,0.01,0.37208908796310425,0.0001746987951807229,0.3191489361702128,60,,,,,,,,,,,,,,,,,,,,,,,,,,,,,,,,,,,,,,,,,,,
llama3_8b_qlora_l40_protocol_v3_phase2_r32_seed44__1776783323,llama3_8b_qlora_l40_protocol_v3_phase2_r32_seed44,qlora,train_and_eval,protocol_v3,logging_v2,meta-llama/Meta-Llama-3-8B,True,False,44,32,64,350,8,1024,8.316989216966332,7.384801966043569,7.384801966043569,2717.3301,0.129,completed,outputs/experiments/protocol_v3/llama3_8b_qlora_l40_protocol_v3_phase2_r32_seed44/reports/comparison_row.json,outputs/experiments/protocol_v3/llama3_8b_qlora_l40_protocol_v3_phase2_r32_seed44/reports/metrics_history.jsonl,70,0.3723404255319149,train_log,2026-04-21T15:42:54.865891+00:00,1.9317,8.768091201782227,9.31640625,8.646641110051549,5.311128582088765,7.697860479899984,4.637831563448872,350,-0.9321872509227633,-0.9487806301515649,-0.673297018639893,-0.9321872509227633,-0.9487806301515649,-0.673297018639893,50,7.697860479899984,4.637831563448872,350,4,350,0.0002,10,0.05,8.887051582336426,14.470703125,0.6196871399879456,0.35237953066825867,0,0,0,0,0,0,1,2,8.887051105499268,14.470703125,50,5.0095117053681415,5.015807378560712,5.0169203983235935,7,0.008055736309398204,False,completed,7.589663982391357,14.470703125,0.05,0.01,0.6196871399879456,0.00016867469879518074,0.3723404255319149,70,,,,,,,,,,,,,,,,,,,,,,,,,,,,,,,,,,,,,,,,,,,
llama3_8b_qlora_l40_protocol_v3_phase2_r32_seed44__1776783323,llama3_8b_qlora_l40_protocol_v3_phase2_r32_seed44,qlora,train_and_eval,protocol_v3,logging_v2,meta-llama/Meta-Llama-3-8B,True,False,44,32,64,350,8,1024,8.316989216966332,7.384801966043569,7.384801966043569,2717.3301,0.129,completed,outputs/experiments/protocol_v3/llama3_8b_qlora_l40_protocol_v3_phase2_r32_seed44/reports/comparison_row.json,outputs/experiments/protocol_v3/llama3_8b_qlora_l40_protocol_v3_phase2_r32_seed44/reports/metrics_history.jsonl,80,0.425531914893617,train_log,2026-04-21T15:42:54.865895+00:00,1.9917,8.768091201782227,9.31640625,8.646641110051549,5.311128582088765,7.697860479899984,4.637831563448872,350,-0.9321872509227633,-0.9487806301515649,-0.673297018639893,-0.9321872509227633,-0.9487806301515649,-0.673297018639893,50,7.697860479899984,4.637831563448872,350,4,350,0.0002,10,0.05,8.887051582336426,14.470703125,0.6196871399879456,0.35237953066825867,0,0,0,0,0,0,1,2,8.887051105499268,14.470703125,50,5.0095117053681415,5.015807378560712,5.0169203983235935,7,0.008055736309398204,False,completed,7.589663982391357,14.470703125,0.05,0.01,0.3576909303665161,0.00016265060240963855,0.425531914893617,80,,,,,,,,,,,,,,,,,,,,,,,,,,,,,,,,,,,,,,,,,,,
llama3_8b_qlora_l40_protocol_v3_phase2_r32_seed44__1776783323,llama3_8b_qlora_l40_protocol_v3_phase2_r32_seed44,qlora,train_and_eval,protocol_v3,logging_v2,meta-llama/Meta-Llama-3-8B,True,False,44,32,64,350,8,1024,8.316989216966332,7.384801966043569,7.384801966043569,2717.3301,0.129,completed,outputs/experiments/protocol_v3/llama3_8b_qlora_l40_protocol_v3_phase2_r32_seed44/reports/comparison_row.json,outputs/experiments/protocol_v3/llama3_8b_qlora_l40_protocol_v3_phase2_r32_seed44/reports/metrics_history.jsonl,90,0.4787234042553192,train_log,2026-04-21T15:42:54.865898+00:00,1.9583,8.768091201782227,9.31640625,8.646641110051549,5.311128582088765,7.697860479899984,4.637831563448872,350,-0.9321872509227633,-0.9487806301515649,-0.673297018639893,-0.9321872509227633,-0.9487806301515649,-0.673297018639893,50,7.697860479899984,4.637831563448872,350,4,350,0.0002,10,0.05,8.887051582336426,14.470703125,0.6196871399879456,0.35237953066825867,0,0,0,0,0,0,1,2,8.887051105499268,14.470703125,50,5.0095117053681415,5.015807378560712,5.0169203983235935,7,0.008055736309398204,False,completed,7.589663982391357,14.470703125,0.05,0.01,0.35367533564567566,0.0001566265060240964,0.4787234042553192,90,,,,,,,,,,,,,,,,,,,,,,,,,,,,,,,,,,,,,,,,,,,
llama3_8b_qlora_l40_protocol_v3_phase2_r32_seed44__1776783323,llama3_8b_qlora_l40_protocol_v3_phase2_r32_seed44,qlora,train_and_eval,protocol_v3,logging_v2,meta-llama/Meta-Llama-3-8B,True,False,44,32,64,350,8,1024,8.316989216966332,7.384801966043569,7.384801966043569,2717.3301,0.129,completed,outputs/experiments/protocol_v3/llama3_8b_qlora_l40_protocol_v3_phase2_r32_seed44/reports/comparison_row.json,outputs/experiments/protocol_v3/llama3_8b_qlora_l40_protocol_v3_phase2_r32_seed44/reports/metrics_history.jsonl,100,0.5319148936170213,train_log,2026-04-21T15:42:54.865902+00:00,1.9757,8.768091201782227,9.31640625,8.646641110051549,5.311128582088765,7.697860479899984,4.637831563448872,350,-0.9321872509227633,-0.9487806301515649,-0.673297018639893,-0.9321872509227633,-0.9487806301515649,-0.673297018639893,50,7.697860479899984,4.637831563448872,350,4,350,0.0002,10,0.05,8.887051582336426,14.470703125,0.6196871399879456,0.35237953066825867,0,0,0,0,0,0,1,2,8.887051105499268,14.470703125,50,5.0095117053681415,5.015807378560712,5.0169203983235935,7,0.008055736309398204,False,completed,7.589663982391357,14.470703125,0.05,0.01,0.3792683184146881,0.00015060240963855423,0.5319148936170213,100,,,,,,,,,,,,,,,,,,,,,,,,,,,,,,,,,,,,,,,,,,,
llama3_8b_qlora_l40_protocol_v3_phase2_r32_seed44__1776783323,llama3_8b_qlora_l40_protocol_v3_phase2_r32_seed44,qlora,train_and_eval,protocol_v3,logging_v2,meta-llama/Meta-Llama-3-8B,True,False,44,32,64,350,8,1024,8.316989216966332,7.384801966043569,7.384801966043569,2717.3301,0.129,completed,outputs/experiments/protocol_v3/llama3_8b_qlora_l40_protocol_v3_phase2_r32_seed44/reports/comparison_row.json,outputs/experiments/protocol_v3/llama3_8b_qlora_l40_protocol_v3_phase2_r32_seed44/reports/metrics_history.jsonl,100,0.5319148936170213,eval,2026-04-21T15:42:54.865907+00:00,,8.768091201782227,9.31640625,8.646641110051549,5.311128582088765,7.697860479899984,4.637831563448872,350,-0.9321872509227633,-0.9487806301515649,-0.673297018639893,-0.9321872509227633,-0.9487806301515649,-0.673297018639893,50,7.697860479899984,4.637831563448872,350,4,350,0.0002,10,0.05,8.887051582336426,14.470703125,0.6196871399879456,0.35237953066825867,0,0,0,0,0,0,1,2,8.887051105499268,14.470703125,50,5.0095117053681415,5.015807378560712,5.0169203983235935,7,0.008055736309398204,False,completed,7.589663982391357,14.470703125,0.05,0.01,,,0.5319148936170213,100,2.018483877182007,68.363,3.73,3.73,,,,,,,,,,,,,,,,,,,,,,,,,,,,,,,,,,,,,,,
llama3_8b_qlora_l40_protocol_v3_phase2_r32_seed44__1776783323,llama3_8b_qlora_l40_protocol_v3_phase2_r32_seed44,qlora,train_and_eval,protocol_v3,logging_v2,meta-llama/Meta-Llama-3-8B,True,False,44,32,64,350,8,1024,8.316989216966332,7.384801966043569,7.384801966043569,2717.3301,0.129,completed,outputs/experiments/protocol_v3/llama3_8b_qlora_l40_protocol_v3_phase2_r32_seed44/reports/comparison_row.json,outputs/experiments/protocol_v3/llama3_8b_qlora_l40_protocol_v3_phase2_r32_seed44/reports/metrics_history.jsonl,100,0.5319148936170213,eval,2026-04-21T15:42:54.865910+00:00,,8.768091201782227,9.31640625,8.646641110051549,5.311128582088765,7.697860479899984,4.637831563448872,350,-0.9321872509227633,-0.9487806301515649,-0.673297018639893,-0.9321872509227633,-0.9487806301515649,-0.673297018639893,50,7.697860479899984,4.637831563448872,350,4,350,0.0002,10,0.05,8.887051582336426,14.470703125,0.6196871399879456,0.35237953066825867,0,0,0,0,0,0,1,2,8.887051105499268,14.470703125,50,5.0095117053681415,5.015807378560712,5.0169203983235935,7,0.008055736309398204,False,completed,7.589663982391357,14.470703125,0.05,0.01,,,0.5319148936170213,100,,,,,2.05896258354187,62.7341,3.73,3.73,,,,,,,,,,,,,,,,,,,,,,,,,,,,,,,,,,,
llama3_8b_qlora_l40_protocol_v3_phase2_r32_seed44__1776783323,llama3_8b_qlora_l40_protocol_v3_phase2_r32_seed44,qlora,train_and_eval,protocol_v3,logging_v2,meta-llama/Meta-Llama-3-8B,True,False,44,32,64,350,8,1024,8.316989216966332,7.384801966043569,7.384801966043569,2717.3301,0.129,completed,outputs/experiments/protocol_v3/llama3_8b_qlora_l40_protocol_v3_phase2_r32_seed44/reports/comparison_row.json,outputs/experiments/protocol_v3/llama3_8b_qlora_l40_protocol_v3_phase2_r32_seed44/reports/metrics_history.jsonl,100,0.5319148936170213,eval,2026-04-21T15:42:54.865915+00:00,,8.768091201782227,9.31640625,8.646641110051549,5.311128582088765,7.697860479899984,4.637831563448872,350,-0.9321872509227633,-0.9487806301515649,-0.673297018639893,-0.9321872509227633,-0.9487806301515649,-0.673297018639893,50,7.697860479899984,4.637831563448872,350,4,350,0.0002,10,0.05,8.887051582336426,14.470703125,0.6196871399879456,0.35237953066825867,0,0,0,0,0,0,1,2,8.887051105499268,14.470703125,50,5.0095117053681415,5.015807378560712,5.0169203983235935,7,0.008055736309398204,False,completed,7.589663982391357,14.470703125,0.05,0.01,,,0.5319148936170213,100,,,,,,,,,1.5638874769210815,5.6341,3.727,3.727,,,,,,,,,,,,,,,,,,,,,,,,,,,,,,,
llama3_8b_qlora_l40_protocol_v3_phase2_r32_seed44__1776783323,llama3_8b_qlora_l40_protocol_v3_phase2_r32_seed44,qlora,train_and_eval,protocol_v3,logging_v2,meta-llama/Meta-Llama-3-8B,True,False,44,32,64,350,8,1024,8.316989216966332,7.384801966043569,7.384801966043569,2717.3301,0.129,completed,outputs/experiments/protocol_v3/llama3_8b_qlora_l40_protocol_v3_phase2_r32_seed44/reports/comparison_row.json,outputs/experiments/protocol_v3/llama3_8b_qlora_l40_protocol_v3_phase2_r32_seed44/reports/metrics_history.jsonl,100,0.5319148936170213,eval,2026-04-21T15:42:54.865922+00:00,,8.768091201782227,9.31640625,8.646641110051549,5.311128582088765,7.697860479899984,4.637831563448872,350,-0.9321872509227633,-0.9487806301515649,-0.673297018639893,-0.9321872509227633,-0.9487806301515649,-0.673297018639893,50,7.697860479899984,4.637831563448872,350,4,350,0.0002,10,0.05,8.887051582336426,14.470703125,0.6196871399879456,0.35237953066825867,0,0,0,0,0,0,1,2,8.887051105499268,14.470703125,50,5.0095117053681415,5.015807378560712,5.0169203983235935,7,0.008055736309398204,False,completed,7.589663982391357,14.470703125,0.05,0.01,,,0.5319148936170213,100,2.018483877182007,68.363,3.73,3.73,2.05896258354187,62.7341,3.73,3.73,1.5638874769210815,5.6341,3.727,3.727,7.526904566747583,8.887051582336426,14.470703125,8.887051582336426,14.470703125,8.887051582336426,14.470703125,7.837834492693057,8.887051582336426,14.470703125,8.887051582336426,14.470703125,8.887051582336426,14.470703125,4.77735705832938,8.887051105499268,14.470703125,8.887051105499268,14.470703125,8.887051105499268,14.470703125,5.0158318817600955,5.015927448999719,5.0172462484995775,0.0008680458145681023,50,,,,,
llama3_8b_qlora_l40_protocol_v3_phase2_r32_seed44__1776783323,llama3_8b_qlora_l40_protocol_v3_phase2_r32_seed44,qlora,train_and_eval,protocol_v3,logging_v2,meta-llama/Meta-Llama-3-8B,True,False,44,32,64,350,8,1024,8.316989216966332,7.384801966043569,7.384801966043569,2717.3301,0.129,completed,outputs/experiments/protocol_v3/llama3_8b_qlora_l40_protocol_v3_phase2_r32_seed44/reports/comparison_row.json,outputs/experiments/protocol_v3/llama3_8b_qlora_l40_protocol_v3_phase2_r32_seed44/reports/metrics_history.jsonl,110,0.5851063829787234,train_log,2026-04-21T15:42:54.865930+00:00,2.0204,8.768091201782227,9.31640625,8.646641110051549,5.311128582088765,7.697860479899984,4.637831563448872,350,-0.9321872509227633,-0.9487806301515649,-0.673297018639893,-0.9321872509227633,-0.9487806301515649,-0.673297018639893,50,7.697860479899984,4.637831563448872,350,4,350,0.0002,10,0.05,8.887051582336426,14.470703125,0.6196871399879456,0.35237953066825867,0,0,0,0,0,0,1,2,8.887051105499268,14.470703125,50,5.0095117053681415,5.015807378560712,5.0169203983235935,7,0.008055736309398204,False,completed,7.589663982391357,14.470703125,0.05,0.01,0.38084012269973755,0.00014457831325301204,0.5851063829787234,110,,,,,,,,,,,,,,,,,,,,,,,,,,,,,,,,,,,,,,,,,,,
llama3_8b_qlora_l40_protocol_v3_phase2_r32_seed44__1776783323,llama3_8b_qlora_l40_protocol_v3_phase2_r32_seed44,qlora,train_and_eval,protocol_v3,logging_v2,meta-llama/Meta-Llama-3-8B,True,False,44,32,64,350,8,1024,8.316989216966332,7.384801966043569,7.384801966043569,2717.3301,0.129,completed,outputs/experiments/protocol_v3/llama3_8b_qlora_l40_protocol_v3_phase2_r32_seed44/reports/comparison_row.json,outputs/experiments/protocol_v3/llama3_8b_qlora_l40_protocol_v3_phase2_r32_seed44/reports/metrics_history.jsonl,120,0.6382978723404256,train_log,2026-04-21T15:42:54.865934+00:00,1.9583,8.768091201782227,9.31640625,8.646641110051549,5.311128582088765,7.697860479899984,4.637831563448872,350,-0.9321872509227633,-0.9487806301515649,-0.673297018639893,-0.9321872509227633,-0.9487806301515649,-0.673297018639893,50,7.697860479899984,4.637831563448872,350,4,350,0.0002,10,0.05,8.887051582336426,14.470703125,0.6196871399879456,0.35237953066825867,0,0,0,0,0,0,1,2,8.887051105499268,14.470703125,50,5.0095117053681415,5.015807378560712,5.0169203983235935,7,0.008055736309398204,False,completed,7.589663982391357,14.470703125,0.05,0.01,0.4102223813533783,0.00013855421686746988,0.6382978723404256,120,,,,,,,,,,,,,,,,,,,,,,,,,,,,,,,,,,,,,,,,,,,
llama3_8b_qlora_l40_protocol_v3_phase2_r32_seed44__1776783323,llama3_8b_qlora_l40_protocol_v3_phase2_r32_seed44,qlora,train_and_eval,protocol_v3,logging_v2,meta-llama/Meta-Llama-3-8B,True,False,44,32,64,350,8,1024,8.316989216966332,7.384801966043569,7.384801966043569,2717.3301,0.129,completed,outputs/experiments/protocol_v3/llama3_8b_qlora_l40_protocol_v3_phase2_r32_seed44/reports/comparison_row.json,outputs/experiments/protocol_v3/llama3_8b_qlora_l40_protocol_v3_phase2_r32_seed44/reports/metrics_history.jsonl,130,0.6914893617021277,train_log,2026-04-21T15:42:54.865937+00:00,1.9732,8.768091201782227,9.31640625,8.646641110051549,5.311128582088765,7.697860479899984,4.637831563448872,350,-0.9321872509227633,-0.9487806301515649,-0.673297018639893,-0.9321872509227633,-0.9487806301515649,-0.673297018639893,50,7.697860479899984,4.637831563448872,350,4,350,0.0002,10,0.05,8.887051582336426,14.470703125,0.6196871399879456,0.35237953066825867,0,0,0,0,0,0,1,2,8.887051105499268,14.470703125,50,5.0095117053681415,5.015807378560712,5.0169203983235935,7,0.008055736309398204,False,completed,7.589663982391357,14.470703125,0.05,0.01,0.36148887872695923,0.00013253012048192772,0.6914893617021277,130,,,,,,,,,,,,,,,,,,,,,,,,,,,,,,,,,,,,,,,,,,,
llama3_8b_qlora_l40_protocol_v3_phase2_r32_seed44__1776783323,llama3_8b_qlora_l40_protocol_v3_phase2_r32_seed44,qlora,train_and_eval,protocol_v3,logging_v2,meta-llama/Meta-Llama-3-8B,True,False,44,32,64,350,8,1024,8.316989216966332,7.384801966043569,7.384801966043569,2717.3301,0.129,completed,outputs/experiments/protocol_v3/llama3_8b_qlora_l40_protocol_v3_phase2_r32_seed44/reports/comparison_row.json,outputs/experiments/protocol_v3/llama3_8b_qlora_l40_protocol_v3_phase2_r32_seed44/reports/metrics_history.jsonl,140,0.7446808510638298,train_log,2026-04-21T15:42:54.865941+00:00,2.004,8.768091201782227,9.31640625,8.646641110051549,5.311128582088765,7.697860479899984,4.637831563448872,350,-0.9321872509227633,-0.9487806301515649,-0.673297018639893,-0.9321872509227633,-0.9487806301515649,-0.673297018639893,50,7.697860479899984,4.637831563448872,350,4,350,0.0002,10,0.05,8.887051582336426,14.470703125,0.6196871399879456,0.35237953066825867,0,0,0,0,0,0,1,2,8.887051105499268,14.470703125,50,5.0095117053681415,5.015807378560712,5.0169203983235935,7,0.008055736309398204,False,completed,7.589663982391357,14.470703125,0.05,0.01,0.3837846517562866,0.00012650602409638556,0.7446808510638298,140,,,,,,,,,,,,,,,,,,,,,,,,,,,,,,,,,,,,,,,,,,,
llama3_8b_qlora_l40_protocol_v3_phase2_r32_seed44__1776783323,llama3_8b_qlora_l40_protocol_v3_phase2_r32_seed44,qlora,train_and_eval,protocol_v3,logging_v2,meta-llama/Meta-Llama-3-8B,True,False,44,32,64,350,8,1024,8.316989216966332,7.384801966043569,7.384801966043569,2717.3301,0.129,completed,outputs/experiments/protocol_v3/llama3_8b_qlora_l40_protocol_v3_phase2_r32_seed44/reports/comparison_row.json,outputs/experiments/protocol_v3/llama3_8b_qlora_l40_protocol_v3_phase2_r32_seed44/reports/metrics_history.jsonl,150,0.7978723404255319,train_log,2026-04-21T15:42:54.865944+00:00,1.9602,8.768091201782227,9.31640625,8.646641110051549,5.311128582088765,7.697860479899984,4.637831563448872,350,-0.9321872509227633,-0.9487806301515649,-0.673297018639893,-0.9321872509227633,-0.9487806301515649,-0.673297018639893,50,7.697860479899984,4.637831563448872,350,4,350,0.0002,10,0.05,8.887051582336426,14.470703125,0.6196871399879456,0.35237953066825867,0,0,0,0,0,0,1,2,8.887051105499268,14.470703125,50,5.0095117053681415,5.015807378560712,5.0169203983235935,7,0.008055736309398204,False,completed,7.589663982391357,14.470703125,0.05,0.01,0.3788720965385437,0.0001204819277108434,0.7978723404255319,150,,,,,,,,,,,,,,,,,,,,,,,,,,,,,,,,,,,,,,,,,,,
llama3_8b_qlora_l40_protocol_v3_phase2_r32_seed44__1776783323,llama3_8b_qlora_l40_protocol_v3_phase2_r32_seed44,qlora,train_and_eval,protocol_v3,logging_v2,meta-llama/Meta-Llama-3-8B,True,False,44,32,64,350,8,1024,8.316989216966332,7.384801966043569,7.384801966043569,2717.3301,0.129,completed,outputs/experiments/protocol_v3/llama3_8b_qlora_l40_protocol_v3_phase2_r32_seed44/reports/comparison_row.json,outputs/experiments/protocol_v3/llama3_8b_qlora_l40_protocol_v3_phase2_r32_seed44/reports/metrics_history.jsonl,150,0.7978723404255319,eval,2026-04-21T15:42:54.865948+00:00,,8.768091201782227,9.31640625,8.646641110051549,5.311128582088765,7.697860479899984,4.637831563448872,350,-0.9321872509227633,-0.9487806301515649,-0.673297018639893,-0.9321872509227633,-0.9487806301515649,-0.673297018639893,50,7.697860479899984,4.637831563448872,350,4,350,0.0002,10,0.05,8.887051582336426,14.470703125,0.6196871399879456,0.35237953066825867,0,0,0,0,0,0,1,2,8.887051105499268,14.470703125,50,5.0095117053681415,5.015807378560712,5.0169203983235935,7,0.008055736309398204,False,completed,7.589663982391357,14.470703125,0.05,0.01,,,0.7978723404255319,150,2.008683443069458,68.3765,3.729,3.729,,,,,,,,,,,,,,,,,,,,,,,,,,,,,,,,,,,,,,,
llama3_8b_qlora_l40_protocol_v3_phase2_r32_seed44__1776783323,llama3_8b_qlora_l40_protocol_v3_phase2_r32_seed44,qlora,train_and_eval,protocol_v3,logging_v2,meta-llama/Meta-Llama-3-8B,True,False,44,32,64,350,8,1024,8.316989216966332,7.384801966043569,7.384801966043569,2717.3301,0.129,completed,outputs/experiments/protocol_v3/llama3_8b_qlora_l40_protocol_v3_phase2_r32_seed44/reports/comparison_row.json,outputs/experiments/protocol_v3/llama3_8b_qlora_l40_protocol_v3_phase2_r32_seed44/reports/metrics_history.jsonl,150,0.7978723404255319,eval,2026-04-21T15:42:54.865952+00:00,,8.768091201782227,9.31640625,8.646641110051549,5.311128582088765,7.697860479899984,4.637831563448872,350,-0.9321872509227633,-0.9487806301515649,-0.673297018639893,-0.9321872509227633,-0.9487806301515649,-0.673297018639893,50,7.697860479899984,4.637831563448872,350,4,350,0.0002,10,0.05,8.887051582336426,14.470703125,0.6196871399879456,0.35237953066825867,0,0,0,0,0,0,1,2,8.887051105499268,14.470703125,50,5.0095117053681415,5.015807378560712,5.0169203983235935,7,0.008055736309398204,False,completed,7.589663982391357,14.470703125,0.05,0.01,,,0.7978723404255319,150,,,,,2.049358367919922,62.745,3.729,3.729,,,,,,,,,,,,,,,,,,,,,,,,,,,,,,,,,,,
llama3_8b_qlora_l40_protocol_v3_phase2_r32_seed44__1776783323,llama3_8b_qlora_l40_protocol_v3_phase2_r32_seed44,qlora,train_and_eval,protocol_v3,logging_v2,meta-llama/Meta-Llama-3-8B,True,False,44,32,64,350,8,1024,8.316989216966332,7.384801966043569,7.384801966043569,2717.3301,0.129,completed,outputs/experiments/protocol_v3/llama3_8b_qlora_l40_protocol_v3_phase2_r32_seed44/reports/comparison_row.json,outputs/experiments/protocol_v3/llama3_8b_qlora_l40_protocol_v3_phase2_r32_seed44/reports/metrics_history.jsonl,150,0.7978723404255319,eval,2026-04-21T15:42:54.865955+00:00,,8.768091201782227,9.31640625,8.646641110051549,5.311128582088765,7.697860479899984,4.637831563448872,350,-0.9321872509227633,-0.9487806301515649,-0.673297018639893,-0.9321872509227633,-0.9487806301515649,-0.673297018639893,50,7.697860479899984,4.637831563448872,350,4,350,0.0002,10,0.05,8.887051582336426,14.470703125,0.6196871399879456,0.35237953066825867,0,0,0,0,0,0,1,2,8.887051105499268,14.470703125,50,5.0095117053681415,5.015807378560712,5.0169203983235935,7,0.008055736309398204,False,completed,7.589663982391357,14.470703125,0.05,0.01,,,0.7978723404255319,150,,,,,,,,,1.5533232688903809,5.6332,3.728,3.728,,,,,,,,,,,,,,,,,,,,,,,,,,,,,,,
llama3_8b_qlora_l40_protocol_v3_phase2_r32_seed44__1776783323,llama3_8b_qlora_l40_protocol_v3_phase2_r32_seed44,qlora,train_and_eval,protocol_v3,logging_v2,meta-llama/Meta-Llama-3-8B,True,False,44,32,64,350,8,1024,8.316989216966332,7.384801966043569,7.384801966043569,2717.3301,0.129,completed,outputs/experiments/protocol_v3/llama3_8b_qlora_l40_protocol_v3_phase2_r32_seed44/reports/comparison_row.json,outputs/experiments/protocol_v3/llama3_8b_qlora_l40_protocol_v3_phase2_r32_seed44/reports/metrics_history.jsonl,150,0.7978723404255319,eval,2026-04-21T15:42:54.865962+00:00,,8.768091201782227,9.31640625,8.646641110051549,5.311128582088765,7.697860479899984,4.637831563448872,350,-0.9321872509227633,-0.9487806301515649,-0.673297018639893,-0.9321872509227633,-0.9487806301515649,-0.673297018639893,50,7.697860479899984,4.637831563448872,350,4,350,0.0002,10,0.05,8.887051582336426,14.470703125,0.6196871399879456,0.35237953066825867,0,0,0,0,0,0,1,2,8.887051105499268,14.470703125,50,5.0095117053681415,5.015807378560712,5.0169203983235935,7,0.008055736309398204,False,completed,7.589663982391357,14.470703125,0.05,0.01,,,0.7978723404255319,150,2.008683443069458,68.3765,3.729,3.729,2.049358367919922,62.745,3.729,3.729,1.5533232688903809,5.6332,3.728,3.728,7.4534979304697515,8.887051582336426,14.470703125,8.887051582336426,14.470703125,8.887051582336426,14.470703125,7.7629185704104655,8.887051582336426,14.470703125,8.887051582336426,14.470703125,8.887051582336426,14.470703125,4.727153710732862,8.887051105499268,14.470703125,8.887051105499268,14.470703125,8.887051105499268,14.470703125,5.017203623560199,5.017264203997911,5.018361480654857,0.0007293712092749331,50,,,,,
llama3_8b_qlora_l40_protocol_v3_phase2_r32_seed44__1776783323,llama3_8b_qlora_l40_protocol_v3_phase2_r32_seed44,qlora,train_and_eval,protocol_v3,logging_v2,meta-llama/Meta-Llama-3-8B,True,False,44,32,64,350,8,1024,8.316989216966332,7.384801966043569,7.384801966043569,2717.3301,0.129,completed,outputs/experiments/protocol_v3/llama3_8b_qlora_l40_protocol_v3_phase2_r32_seed44/reports/comparison_row.json,outputs/experiments/protocol_v3/llama3_8b_qlora_l40_protocol_v3_phase2_r32_seed44/reports/metrics_history.jsonl,160,0.851063829787234,train_log,2026-04-21T15:42:54.865970+00:00,1.9288,8.768091201782227,9.31640625,8.646641110051549,5.311128582088765,7.697860479899984,4.637831563448872,350,-0.9321872509227633,-0.9487806301515649,-0.673297018639893,-0.9321872509227633,-0.9487806301515649,-0.673297018639893,50,7.697860479899984,4.637831563448872,350,4,350,0.0002,10,0.05,8.887051582336426,14.470703125,0.6196871399879456,0.35237953066825867,0,0,0,0,0,0,1,2,8.887051105499268,14.470703125,50,5.0095117053681415,5.015807378560712,5.0169203983235935,7,0.008055736309398204,False,completed,7.589663982391357,14.470703125,0.05,0.01,0.37471890449523926,0.0001144578313253012,0.851063829787234,160,,,,,,,,,,,,,,,,,,,,,,,,,,,,,,,,,,,,,,,,,,,
llama3_8b_qlora_l40_protocol_v3_phase2_r32_seed44__1776783323,llama3_8b_qlora_l40_protocol_v3_phase2_r32_seed44,qlora,train_and_eval,protocol_v3,logging_v2,meta-llama/Meta-Llama-3-8B,True,False,44,32,64,350,8,1024,8.316989216966332,7.384801966043569,7.384801966043569,2717.3301,0.129,completed,outputs/experiments/protocol_v3/llama3_8b_qlora_l40_protocol_v3_phase2_r32_seed44/reports/comparison_row.json,outputs/experiments/protocol_v3/llama3_8b_qlora_l40_protocol_v3_phase2_r32_seed44/reports/metrics_history.jsonl,170,0.9042553191489362,train_log,2026-04-21T15:42:54.865973+00:00,1.954,8.768091201782227,9.31640625,8.646641110051549,5.311128582088765,7.697860479899984,4.637831563448872,350,-0.9321872509227633,-0.9487806301515649,-0.673297018639893,-0.9321872509227633,-0.9487806301515649,-0.673297018639893,50,7.697860479899984,4.637831563448872,350,4,350,0.0002,10,0.05,8.887051582336426,14.470703125,0.6196871399879456,0.35237953066825867,0,0,0,0,0,0,1,2,8.887051105499268,14.470703125,50,5.0095117053681415,5.015807378560712,5.0169203983235935,7,0.008055736309398204,False,completed,7.589663982391357,14.470703125,0.05,0.01,0.3875561058521271,0.00010843373493975903,0.9042553191489362,170,,,,,,,,,,,,,,,,,,,,,,,,,,,,,,,,,,,,,,,,,,,
llama3_8b_qlora_l40_protocol_v3_phase2_r32_seed44__1776783323,llama3_8b_qlora_l40_protocol_v3_phase2_r32_seed44,qlora,train_and_eval,protocol_v3,logging_v2,meta-llama/Meta-Llama-3-8B,True,False,44,32,64,350,8,1024,8.316989216966332,7.384801966043569,7.384801966043569,2717.3301,0.129,completed,outputs/experiments/protocol_v3/llama3_8b_qlora_l40_protocol_v3_phase2_r32_seed44/reports/comparison_row.json,outputs/experiments/protocol_v3/llama3_8b_qlora_l40_protocol_v3_phase2_r32_seed44/reports/metrics_history.jsonl,180,0.9574468085106383,train_log,2026-04-21T15:42:54.865977+00:00,1.9798,8.768091201782227,9.31640625,8.646641110051549,5.311128582088765,7.697860479899984,4.637831563448872,350,-0.9321872509227633,-0.9487806301515649,-0.673297018639893,-0.9321872509227633,-0.9487806301515649,-0.673297018639893,50,7.697860479899984,4.637831563448872,350,4,350,0.0002,10,0.05,8.887051582336426,14.470703125,0.6196871399879456,0.35237953066825867,0,0,0,0,0,0,1,2,8.887051105499268,14.470703125,50,5.0095117053681415,5.015807378560712,5.0169203983235935,7,0.008055736309398204,False,completed,7.589663982391357,14.470703125,0.05,0.01,0.35237953066825867,0.00010240963855421688,0.9574468085106383,180,,,,,,,,,,,,,,,,,,,,,,,,,,,,,,,,,,,,,,,,,,,
llama3_8b_qlora_l40_protocol_v3_phase2_r32_seed44__1776783323,llama3_8b_qlora_l40_protocol_v3_phase2_r32_seed44,qlora,train_and_eval,protocol_v3,logging_v2,meta-llama/Meta-Llama-3-8B,True,False,44,32,64,350,8,1024,8.316989216966332,7.384801966043569,7.384801966043569,2717.3301,0.129,completed,outputs/experiments/protocol_v3/llama3_8b_qlora_l40_protocol_v3_phase2_r32_seed44/reports/comparison_row.json,outputs/experiments/protocol_v3/llama3_8b_qlora_l40_protocol_v3_phase2_r32_seed44/reports/metrics_history.jsonl,190,1.0106382978723405,train_log,2026-04-21T15:42:54.865981+00:00,1.9356,8.768091201782227,9.31640625,8.646641110051549,5.311128582088765,7.697860479899984,4.637831563448872,350,-0.9321872509227633,-0.9487806301515649,-0.673297018639893,-0.9321872509227633,-0.9487806301515649,-0.673297018639893,50,7.697860479899984,4.637831563448872,350,4,350,0.0002,10,0.05,8.887051582336426,14.470703125,0.6196871399879456,0.35237953066825867,0,0,0,0,0,0,1,2,8.887051105499268,14.470703125,50,5.0095117053681415,5.015807378560712,5.0169203983235935,7,0.008055736309398204,False,completed,7.589663982391357,14.470703125,0.05,0.01,0.4830378592014313,9.638554216867471e-05,1.0106382978723405,190,,,,,,,,,,,,,,,,,,,,,,,,,,,,,,,,,,,,,,,,,,,
llama3_8b_qlora_l40_protocol_v3_phase2_r32_seed44__1776783323,llama3_8b_qlora_l40_protocol_v3_phase2_r32_seed44,qlora,train_and_eval,protocol_v3,logging_v2,meta-llama/Meta-Llama-3-8B,True,False,44,32,64,350,8,1024,8.316989216966332,7.384801966043569,7.384801966043569,2717.3301,0.129,completed,outputs/experiments/protocol_v3/llama3_8b_qlora_l40_protocol_v3_phase2_r32_seed44/reports/comparison_row.json,outputs/experiments/protocol_v3/llama3_8b_qlora_l40_protocol_v3_phase2_r32_seed44/reports/metrics_history.jsonl,200,1.0638297872340425,train_log,2026-04-21T15:42:54.865984+00:00,1.8802,8.768091201782227,9.31640625,8.646641110051549,5.311128582088765,7.697860479899984,4.637831563448872,350,-0.9321872509227633,-0.9487806301515649,-0.673297018639893,-0.9321872509227633,-0.9487806301515649,-0.673297018639893,50,7.697860479899984,4.637831563448872,350,4,350,0.0002,10,0.05,8.887051582336426,14.470703125,0.6196871399879456,0.35237953066825867,0,0,0,0,0,0,1,2,8.887051105499268,14.470703125,50,5.0095117053681415,5.015807378560712,5.0169203983235935,7,0.008055736309398204,False,completed,7.589663982391357,14.470703125,0.05,0.01,0.36576035618782043,9.036144578313253e-05,1.0638297872340425,200,,,,,,,,,,,,,,,,,,,,,,,,,,,,,,,,,,,,,,,,,,,
llama3_8b_qlora_l40_protocol_v3_phase2_r32_seed44__1776783323,llama3_8b_qlora_l40_protocol_v3_phase2_r32_seed44,qlora,train_and_eval,protocol_v3,logging_v2,meta-llama/Meta-Llama-3-8B,True,False,44,32,64,350,8,1024,8.316989216966332,7.384801966043569,7.384801966043569,2717.3301,0.129,completed,outputs/experiments/protocol_v3/llama3_8b_qlora_l40_protocol_v3_phase2_r32_seed44/reports/comparison_row.json,outputs/experiments/protocol_v3/llama3_8b_qlora_l40_protocol_v3_phase2_r32_seed44/reports/metrics_history.jsonl,200,1.0638297872340425,eval,2026-04-21T15:42:54.865988+00:00,,8.768091201782227,9.31640625,8.646641110051549,5.311128582088765,7.697860479899984,4.637831563448872,350,-0.9321872509227633,-0.9487806301515649,-0.673297018639893,-0.9321872509227633,-0.9487806301515649,-0.673297018639893,50,7.697860479899984,4.637831563448872,350,4,350,0.0002,10,0.05,8.887051582336426,14.470703125,0.6196871399879456,0.35237953066825867,0,0,0,0,0,0,1,2,8.887051105499268,14.470703125,50,5.0095117053681415,5.015807378560712,5.0169203983235935,7,0.008055736309398204,False,completed,7.589663982391357,14.470703125,0.05,0.01,,,1.0638297872340425,200,2.004472494125366,68.358,3.73,3.73,,,,,,,,,,,,,,,,,,,,,,,,,,,,,,,,,,,,,,,
llama3_8b_qlora_l40_protocol_v3_phase2_r32_seed44__1776783323,llama3_8b_qlora_l40_protocol_v3_phase2_r32_seed44,qlora,train_and_eval,protocol_v3,logging_v2,meta-llama/Meta-Llama-3-8B,True,False,44,32,64,350,8,1024,8.316989216966332,7.384801966043569,7.384801966043569,2717.3301,0.129,completed,outputs/experiments/protocol_v3/llama3_8b_qlora_l40_protocol_v3_phase2_r32_seed44/reports/comparison_row.json,outputs/experiments/protocol_v3/llama3_8b_qlora_l40_protocol_v3_phase2_r32_seed44/reports/metrics_history.jsonl,200,1.0638297872340425,eval,2026-04-21T15:42:54.865993+00:00,,8.768091201782227,9.31640625,8.646641110051549,5.311128582088765,7.697860479899984,4.637831563448872,350,-0.9321872509227633,-0.9487806301515649,-0.673297018639893,-0.9321872509227633,-0.9487806301515649,-0.673297018639893,50,7.697860479899984,4.637831563448872,350,4,350,0.0002,10,0.05,8.887051582336426,14.470703125,0.6196871399879456,0.35237953066825867,0,0,0,0,0,0,1,2,8.887051105499268,14.470703125,50,5.0095117053681415,5.015807378560712,5.0169203983235935,7,0.008055736309398204,False,completed,7.589663982391357,14.470703125,0.05,0.01,,,1.0638297872340425,200,,,,,2.0456342697143555,62.7454,3.729,3.729,,,,,,,,,,,,,,,,,,,,,,,,,,,,,,,,,,,
llama3_8b_qlora_l40_protocol_v3_phase2_r32_seed44__1776783323,llama3_8b_qlora_l40_protocol_v3_phase2_r32_seed44,qlora,train_and_eval,protocol_v3,logging_v2,meta-llama/Meta-Llama-3-8B,True,False,44,32,64,350,8,1024,8.316989216966332,7.384801966043569,7.384801966043569,2717.3301,0.129,completed,outputs/experiments/protocol_v3/llama3_8b_qlora_l40_protocol_v3_phase2_r32_seed44/reports/comparison_row.json,outputs/experiments/protocol_v3/llama3_8b_qlora_l40_protocol_v3_phase2_r32_seed44/reports/metrics_history.jsonl,200,1.0638297872340425,eval,2026-04-21T15:42:54.865997+00:00,,8.768091201782227,9.31640625,8.646641110051549,5.311128582088765,7.697860479899984,4.637831563448872,350,-0.9321872509227633,-0.9487806301515649,-0.673297018639893,-0.9321872509227633,-0.9487806301515649,-0.673297018639893,50,7.697860479899984,4.637831563448872,350,4,350,0.0002,10,0.05,8.887051582336426,14.470703125,0.6196871399879456,0.35237953066825867,0,0,0,0,0,0,1,2,8.887051105499268,14.470703125,50,5.0095117053681415,5.015807378560712,5.0169203983235935,7,0.008055736309398204,False,completed,7.589663982391357,14.470703125,0.05,0.01,,,1.0638297872340425,200,,,,,,,,,1.542841911315918,5.6333,3.728,3.728,,,,,,,,,,,,,,,,,,,,,,,,,,,,,,,
llama3_8b_qlora_l40_protocol_v3_phase2_r32_seed44__1776783323,llama3_8b_qlora_l40_protocol_v3_phase2_r32_seed44,qlora,train_and_eval,protocol_v3,logging_v2,meta-llama/Meta-Llama-3-8B,True,False,44,32,64,350,8,1024,8.316989216966332,7.384801966043569,7.384801966043569,2717.3301,0.129,completed,outputs/experiments/protocol_v3/llama3_8b_qlora_l40_protocol_v3_phase2_r32_seed44/reports/comparison_row.json,outputs/experiments/protocol_v3/llama3_8b_qlora_l40_protocol_v3_phase2_r32_seed44/reports/metrics_history.jsonl,200,1.0638297872340425,eval,2026-04-21T15:42:54.866004+00:00,,8.768091201782227,9.31640625,8.646641110051549,5.311128582088765,7.697860479899984,4.637831563448872,350,-0.9321872509227633,-0.9487806301515649,-0.673297018639893,-0.9321872509227633,-0.9487806301515649,-0.673297018639893,50,7.697860479899984,4.637831563448872,350,4,350,0.0002,10,0.05,8.887051582336426,14.470703125,0.6196871399879456,0.35237953066825867,0,0,0,0,0,0,1,2,8.887051105499268,14.470703125,50,5.0095117053681415,5.015807378560712,5.0169203983235935,7,0.008055736309398204,False,completed,7.589663982391357,14.470703125,0.05,0.01,,,1.0638297872340425,200,2.004472494125366,68.358,3.73,3.73,2.0456342697143555,62.7454,3.729,3.729,1.542841911315918,5.6333,3.728,3.728,7.422177621621586,8.887051582336426,14.470703125,8.887051582336426,14.470703125,8.887051582336426,14.470703125,7.734062464129467,8.887051582336426,14.470703125,8.887051582336426,14.470703125,8.887051582336426,14.470703125,4.67786547740832,8.887051105499268,14.470703125,8.887051105499268,14.470703125,8.887051105499268,14.470703125,5.015807378560712,5.015669615000661,5.017216471600113,0.0007821944640363539,50,,,,,
llama3_8b_qlora_l40_protocol_v3_phase2_r32_seed44__1776783323,llama3_8b_qlora_l40_protocol_v3_phase2_r32_seed44,qlora,train_and_eval,protocol_v3,logging_v2,meta-llama/Meta-Llama-3-8B,True,False,44,32,64,350,8,1024,8.316989216966332,7.384801966043569,7.384801966043569,2717.3301,0.129,completed,outputs/experiments/protocol_v3/llama3_8b_qlora_l40_protocol_v3_phase2_r32_seed44/reports/comparison_row.json,outputs/experiments/protocol_v3/llama3_8b_qlora_l40_protocol_v3_phase2_r32_seed44/reports/metrics_history.jsonl,210,1.1170212765957448,train_log,2026-04-21T15:42:54.866012+00:00,1.8117,8.768091201782227,9.31640625,8.646641110051549,5.311128582088765,7.697860479899984,4.637831563448872,350,-0.9321872509227633,-0.9487806301515649,-0.673297018639893,-0.9321872509227633,-0.9487806301515649,-0.673297018639893,50,7.697860479899984,4.637831563448872,350,4,350,0.0002,10,0.05,8.887051582336426,14.470703125,0.6196871399879456,0.35237953066825867,0,0,0,0,0,0,1,2,8.887051105499268,14.470703125,50,5.0095117053681415,5.015807378560712,5.0169203983235935,7,0.008055736309398204,False,completed,7.589663982391357,14.470703125,0.05,0.01,0.45517387986183167,8.433734939759037e-05,1.1170212765957448,210,,,,,,,,,,,,,,,,,,,,,,,,,,,,,,,,,,,,,,,,,,,
llama3_8b_qlora_l40_protocol_v3_phase2_r32_seed44__1776783323,llama3_8b_qlora_l40_protocol_v3_phase2_r32_seed44,qlora,train_and_eval,protocol_v3,logging_v2,meta-llama/Meta-Llama-3-8B,True,False,44,32,64,350,8,1024,8.316989216966332,7.384801966043569,7.384801966043569,2717.3301,0.129,completed,outputs/experiments/protocol_v3/llama3_8b_qlora_l40_protocol_v3_phase2_r32_seed44/reports/comparison_row.json,outputs/experiments/protocol_v3/llama3_8b_qlora_l40_protocol_v3_phase2_r32_seed44/reports/metrics_history.jsonl,220,1.1702127659574468,train_log,2026-04-21T15:42:54.866016+00:00,1.9393,8.768091201782227,9.31640625,8.646641110051549,5.311128582088765,7.697860479899984,4.637831563448872,350,-0.9321872509227633,-0.9487806301515649,-0.673297018639893,-0.9321872509227633,-0.9487806301515649,-0.673297018639893,50,7.697860479899984,4.637831563448872,350,4,350,0.0002,10,0.05,8.887051582336426,14.470703125,0.6196871399879456,0.35237953066825867,0,0,0,0,0,0,1,2,8.887051105499268,14.470703125,50,5.0095117053681415,5.015807378560712,5.0169203983235935,7,0.008055736309398204,False,completed,7.589663982391357,14.470703125,0.05,0.01,0.40729087591171265,7.83132530120482e-05,1.1702127659574468,220,,,,,,,,,,,,,,,,,,,,,,,,,,,,,,,,,,,,,,,,,,,
llama3_8b_qlora_l40_protocol_v3_phase2_r32_seed44__1776783323,llama3_8b_qlora_l40_protocol_v3_phase2_r32_seed44,qlora,train_and_eval,protocol_v3,logging_v2,meta-llama/Meta-Llama-3-8B,True,False,44,32,64,350,8,1024,8.316989216966332,7.384801966043569,7.384801966043569,2717.3301,0.129,completed,outputs/experiments/protocol_v3/llama3_8b_qlora_l40_protocol_v3_phase2_r32_seed44/reports/comparison_row.json,outputs/experiments/protocol_v3/llama3_8b_qlora_l40_protocol_v3_phase2_r32_seed44/reports/metrics_history.jsonl,230,1.2234042553191489,train_log,2026-04-21T15:42:54.866020+00:00,1.8221,8.768091201782227,9.31640625,8.646641110051549,5.311128582088765,7.697860479899984,4.637831563448872,350,-0.9321872509227633,-0.9487806301515649,-0.673297018639893,-0.9321872509227633,-0.9487806301515649,-0.673297018639893,50,7.697860479899984,4.637831563448872,350,4,350,0.0002,10,0.05,8.887051582336426,14.470703125,0.6196871399879456,0.35237953066825867,0,0,0,0,0,0,1,2,8.887051105499268,14.470703125,50,5.0095117053681415,5.015807378560712,5.0169203983235935,7,0.008055736309398204,False,completed,7.589663982391357,14.470703125,0.05,0.01,0.4160501956939697,7.228915662650602e-05,1.2234042553191489,230,,,,,,,,,,,,,,,,,,,,,,,,,,,,,,,,,,,,,,,,,,,
llama3_8b_qlora_l40_protocol_v3_phase2_r32_seed44__1776783323,llama3_8b_qlora_l40_protocol_v3_phase2_r32_seed44,qlora,train_and_eval,protocol_v3,logging_v2,meta-llama/Meta-Llama-3-8B,True,False,44,32,64,350,8,1024,8.316989216966332,7.384801966043569,7.384801966043569,2717.3301,0.129,completed,outputs/experiments/protocol_v3/llama3_8b_qlora_l40_protocol_v3_phase2_r32_seed44/reports/comparison_row.json,outputs/experiments/protocol_v3/llama3_8b_qlora_l40_protocol_v3_phase2_r32_seed44/reports/metrics_history.jsonl,240,1.2765957446808511,train_log,2026-04-21T15:42:54.866023+00:00,1.8742,8.768091201782227,9.31640625,8.646641110051549,5.311128582088765,7.697860479899984,4.637831563448872,350,-0.9321872509227633,-0.9487806301515649,-0.673297018639893,-0.9321872509227633,-0.9487806301515649,-0.673297018639893,50,7.697860479899984,4.637831563448872,350,4,350,0.0002,10,0.05,8.887051582336426,14.470703125,0.6196871399879456,0.35237953066825867,0,0,0,0,0,0,1,2,8.887051105499268,14.470703125,50,5.0095117053681415,5.015807378560712,5.0169203983235935,7,0.008055736309398204,False,completed,7.589663982391357,14.470703125,0.05,0.01,0.41313332319259644,6.626506024096386e-05,1.2765957446808511,240,,,,,,,,,,,,,,,,,,,,,,,,,,,,,,,,,,,,,,,,,,,
llama3_8b_qlora_l40_protocol_v3_phase2_r32_seed44__1776783323,llama3_8b_qlora_l40_protocol_v3_phase2_r32_seed44,qlora,train_and_eval,protocol_v3,logging_v2,meta-llama/Meta-Llama-3-8B,True,False,44,32,64,350,8,1024,8.316989216966332,7.384801966043569,7.384801966043569,2717.3301,0.129,completed,outputs/experiments/protocol_v3/llama3_8b_qlora_l40_protocol_v3_phase2_r32_seed44/reports/comparison_row.json,outputs/experiments/protocol_v3/llama3_8b_qlora_l40_protocol_v3_phase2_r32_seed44/reports/metrics_history.jsonl,250,1.3297872340425532,train_log,2026-04-21T15:42:54.866027+00:00,1.8492,8.768091201782227,9.31640625,8.646641110051549,5.311128582088765,7.697860479899984,4.637831563448872,350,-0.9321872509227633,-0.9487806301515649,-0.673297018639893,-0.9321872509227633,-0.9487806301515649,-0.673297018639893,50,7.697860479899984,4.637831563448872,350,4,350,0.0002,10,0.05,8.887051582336426,14.470703125,0.6196871399879456,0.35237953066825867,0,0,0,0,0,0,1,2,8.887051105499268,14.470703125,50,5.0095117053681415,5.015807378560712,5.0169203983235935,7,0.008055736309398204,False,completed,7.589663982391357,14.470703125,0.05,0.01,0.4281400144100189,6.02409638554217e-05,1.3297872340425532,250,,,,,,,,,,,,,,,,,,,,,,,,,,,,,,,,,,,,,,,,,,,
llama3_8b_qlora_l40_protocol_v3_phase2_r32_seed44__1776783323,llama3_8b_qlora_l40_protocol_v3_phase2_r32_seed44,qlora,train_and_eval,protocol_v3,logging_v2,meta-llama/Meta-Llama-3-8B,True,False,44,32,64,350,8,1024,8.316989216966332,7.384801966043569,7.384801966043569,2717.3301,0.129,completed,outputs/experiments/protocol_v3/llama3_8b_qlora_l40_protocol_v3_phase2_r32_seed44/reports/comparison_row.json,outputs/experiments/protocol_v3/llama3_8b_qlora_l40_protocol_v3_phase2_r32_seed44/reports/metrics_history.jsonl,250,1.3297872340425532,eval,2026-04-21T15:42:54.866031+00:00,,8.768091201782227,9.31640625,8.646641110051549,5.311128582088765,7.697860479899984,4.637831563448872,350,-0.9321872509227633,-0.9487806301515649,-0.673297018639893,-0.9321872509227633,-0.9487806301515649,-0.673297018639893,50,7.697860479899984,4.637831563448872,350,4,350,0.0002,10,0.05,8.887051582336426,14.470703125,0.6196871399879456,0.35237953066825867,0,0,0,0,0,0,1,2,8.887051105499268,14.470703125,50,5.0095117053681415,5.015807378560712,5.0169203983235935,7,0.008055736309398204,False,completed,7.589663982391357,14.470703125,0.05,0.01,,,1.3297872340425532,250,2.0027689933776855,68.1761,3.74,3.74,,,,,,,,,,,,,,,,,,,,,,,,,,,,,,,,,,,,,,,
llama3_8b_qlora_l40_protocol_v3_phase2_r32_seed44__1776783323,llama3_8b_qlora_l40_protocol_v3_phase2_r32_seed44,qlora,train_and_eval,protocol_v3,logging_v2,meta-llama/Meta-Llama-3-8B,True,False,44,32,64,350,8,1024,8.316989216966332,7.384801966043569,7.384801966043569,2717.3301,0.129,completed,outputs/experiments/protocol_v3/llama3_8b_qlora_l40_protocol_v3_phase2_r32_seed44/reports/comparison_row.json,outputs/experiments/protocol_v3/llama3_8b_qlora_l40_protocol_v3_phase2_r32_seed44/reports/metrics_history.jsonl,250,1.3297872340425532,eval,2026-04-21T15:42:54.866035+00:00,,8.768091201782227,9.31640625,8.646641110051549,5.311128582088765,7.697860479899984,4.637831563448872,350,-0.9321872509227633,-0.9487806301515649,-0.673297018639893,-0.9321872509227633,-0.9487806301515649,-0.673297018639893,50,7.697860479899984,4.637831563448872,350,4,350,0.0002,10,0.05,8.887051582336426,14.470703125,0.6196871399879456,0.35237953066825867,0,0,0,0,0,0,1,2,8.887051105499268,14.470703125,50,5.0095117053681415,5.015807378560712,5.0169203983235935,7,0.008055736309398204,False,completed,7.589663982391357,14.470703125,0.05,0.01,,,1.3297872340425532,250,,,,,2.044053316116333,62.5568,3.741,3.741,,,,,,,,,,,,,,,,,,,,,,,,,,,,,,,,,,,
llama3_8b_qlora_l40_protocol_v3_phase2_r32_seed44__1776783323,llama3_8b_qlora_l40_protocol_v3_phase2_r32_seed44,qlora,train_and_eval,protocol_v3,logging_v2,meta-llama/Meta-Llama-3-8B,True,False,44,32,64,350,8,1024,8.316989216966332,7.384801966043569,7.384801966043569,2717.3301,0.129,completed,outputs/experiments/protocol_v3/llama3_8b_qlora_l40_protocol_v3_phase2_r32_seed44/reports/comparison_row.json,outputs/experiments/protocol_v3/llama3_8b_qlora_l40_protocol_v3_phase2_r32_seed44/reports/metrics_history.jsonl,250,1.3297872340425532,eval,2026-04-21T15:42:54.866039+00:00,,8.768091201782227,9.31640625,8.646641110051549,5.311128582088765,7.697860479899984,4.637831563448872,350,-0.9321872509227633,-0.9487806301515649,-0.673297018639893,-0.9321872509227633,-0.9487806301515649,-0.673297018639893,50,7.697860479899984,4.637831563448872,350,4,350,0.0002,10,0.05,8.887051582336426,14.470703125,0.6196871399879456,0.35237953066825867,0,0,0,0,0,0,1,2,8.887051105499268,14.470703125,50,5.0095117053681415,5.015807378560712,5.0169203983235935,7,0.008055736309398204,False,completed,7.589663982391357,14.470703125,0.05,0.01,,,1.3297872340425532,250,,,,,,,,,1.5399197340011597,5.6167,3.739,3.739,,,,,,,,,,,,,,,,,,,,,,,,,,,,,,,
llama3_8b_qlora_l40_protocol_v3_phase2_r32_seed44__1776783323,llama3_8b_qlora_l40_protocol_v3_phase2_r32_seed44,qlora,train_and_eval,protocol_v3,logging_v2,meta-llama/Meta-Llama-3-8B,True,False,44,32,64,350,8,1024,8.316989216966332,7.384801966043569,7.384801966043569,2717.3301,0.129,completed,outputs/experiments/protocol_v3/llama3_8b_qlora_l40_protocol_v3_phase2_r32_seed44/reports/comparison_row.json,outputs/experiments/protocol_v3/llama3_8b_qlora_l40_protocol_v3_phase2_r32_seed44/reports/metrics_history.jsonl,250,1.3297872340425532,eval,2026-04-21T15:42:54.866045+00:00,,8.768091201782227,9.31640625,8.646641110051549,5.311128582088765,7.697860479899984,4.637831563448872,350,-0.9321872509227633,-0.9487806301515649,-0.673297018639893,-0.9321872509227633,-0.9487806301515649,-0.673297018639893,50,7.697860479899984,4.637831563448872,350,4,350,0.0002,10,0.05,8.887051582336426,14.470703125,0.6196871399879456,0.35237953066825867,0,0,0,0,0,0,1,2,8.887051105499268,14.470703125,50,5.0095117053681415,5.015807378560712,5.0169203983235935,7,0.008055736309398204,False,completed,7.589663982391357,14.470703125,0.05,0.01,,,1.3297872340425532,250,2.0027689933776855,68.1761,3.74,3.74,2.044053316116333,62.5568,3.741,3.741,1.5399197340011597,5.6167,3.739,3.739,7.409544699644723,8.887051582336426,14.470703125,8.887051582336426,14.470703125,8.887051582336426,14.470703125,7.721844930471092,8.887051582336426,14.470703125,8.887051582336426,14.470703125,8.887051582336426,14.470703125,4.664215878016558,8.887051105499268,14.470703125,8.887051105499268,14.470703125,8.887051105499268,14.470703125,5.001241248059086,5.001281836499402,5.002962937994016,0.0012286067914211943,50,,,,,
llama3_8b_qlora_l40_protocol_v3_phase2_r32_seed44__1776783323,llama3_8b_qlora_l40_protocol_v3_phase2_r32_seed44,qlora,train_and_eval,protocol_v3,logging_v2,meta-llama/Meta-Llama-3-8B,True,False,44,32,64,350,8,1024,8.316989216966332,7.384801966043569,7.384801966043569,2717.3301,0.129,completed,outputs/experiments/protocol_v3/llama3_8b_qlora_l40_protocol_v3_phase2_r32_seed44/reports/comparison_row.json,outputs/experiments/protocol_v3/llama3_8b_qlora_l40_protocol_v3_phase2_r32_seed44/reports/metrics_history.jsonl,260,1.3829787234042552,train_log,2026-04-21T15:42:54.866053+00:00,1.8391,8.768091201782227,9.31640625,8.646641110051549,5.311128582088765,7.697860479899984,4.637831563448872,350,-0.9321872509227633,-0.9487806301515649,-0.673297018639893,-0.9321872509227633,-0.9487806301515649,-0.673297018639893,50,7.697860479899984,4.637831563448872,350,4,350,0.0002,10,0.05,8.887051582336426,14.470703125,0.6196871399879456,0.35237953066825867,0,0,0,0,0,0,1,2,8.887051105499268,14.470703125,50,5.0095117053681415,5.015807378560712,5.0169203983235935,7,0.008055736309398204,False,completed,7.589663982391357,14.470703125,0.05,0.01,0.4210434556007385,5.4216867469879516e-05,1.3829787234042552,260,,,,,,,,,,,,,,,,,,,,,,,,,,,,,,,,,,,,,,,,,,,
llama3_8b_qlora_l40_protocol_v3_phase2_r32_seed44__1776783323,llama3_8b_qlora_l40_protocol_v3_phase2_r32_seed44,qlora,train_and_eval,protocol_v3,logging_v2,meta-llama/Meta-Llama-3-8B,True,False,44,32,64,350,8,1024,8.316989216966332,7.384801966043569,7.384801966043569,2717.3301,0.129,completed,outputs/experiments/protocol_v3/llama3_8b_qlora_l40_protocol_v3_phase2_r32_seed44/reports/comparison_row.json,outputs/experiments/protocol_v3/llama3_8b_qlora_l40_protocol_v3_phase2_r32_seed44/reports/metrics_history.jsonl,270,1.4361702127659575,train_log,2026-04-21T15:42:54.866056+00:00,1.8432,8.768091201782227,9.31640625,8.646641110051549,5.311128582088765,7.697860479899984,4.637831563448872,350,-0.9321872509227633,-0.9487806301515649,-0.673297018639893,-0.9321872509227633,-0.9487806301515649,-0.673297018639893,50,7.697860479899984,4.637831563448872,350,4,350,0.0002,10,0.05,8.887051582336426,14.470703125,0.6196871399879456,0.35237953066825867,0,0,0,0,0,0,1,2,8.887051105499268,14.470703125,50,5.0095117053681415,5.015807378560712,5.0169203983235935,7,0.008055736309398204,False,completed,7.589663982391357,14.470703125,0.05,0.01,0.4747028648853302,4.8192771084337354e-05,1.4361702127659575,270,,,,,,,,,,,,,,,,,,,,,,,,,,,,,,,,,,,,,,,,,,,
llama3_8b_qlora_l40_protocol_v3_phase2_r32_seed44__1776783323,llama3_8b_qlora_l40_protocol_v3_phase2_r32_seed44,qlora,train_and_eval,protocol_v3,logging_v2,meta-llama/Meta-Llama-3-8B,True,False,44,32,64,350,8,1024,8.316989216966332,7.384801966043569,7.384801966043569,2717.3301,0.129,completed,outputs/experiments/protocol_v3/llama3_8b_qlora_l40_protocol_v3_phase2_r32_seed44/reports/comparison_row.json,outputs/experiments/protocol_v3/llama3_8b_qlora_l40_protocol_v3_phase2_r32_seed44/reports/metrics_history.jsonl,280,1.4893617021276595,train_log,2026-04-21T15:42:54.866060+00:00,1.7949,8.768091201782227,9.31640625,8.646641110051549,5.311128582088765,7.697860479899984,4.637831563448872,350,-0.9321872509227633,-0.9487806301515649,-0.673297018639893,-0.9321872509227633,-0.9487806301515649,-0.673297018639893,50,7.697860479899984,4.637831563448872,350,4,350,0.0002,10,0.05,8.887051582336426,14.470703125,0.6196871399879456,0.35237953066825867,0,0,0,0,0,0,1,2,8.887051105499268,14.470703125,50,5.0095117053681415,5.015807378560712,5.0169203983235935,7,0.008055736309398204,False,completed,7.589663982391357,14.470703125,0.05,0.01,0.5047921538352966,4.2168674698795186e-05,1.4893617021276595,280,,,,,,,,,,,,,,,,,,,,,,,,,,,,,,,,,,,,,,,,,,,
llama3_8b_qlora_l40_protocol_v3_phase2_r32_seed44__1776783323,llama3_8b_qlora_l40_protocol_v3_phase2_r32_seed44,qlora,train_and_eval,protocol_v3,logging_v2,meta-llama/Meta-Llama-3-8B,True,False,44,32,64,350,8,1024,8.316989216966332,7.384801966043569,7.384801966043569,2717.3301,0.129,completed,outputs/experiments/protocol_v3/llama3_8b_qlora_l40_protocol_v3_phase2_r32_seed44/reports/comparison_row.json,outputs/experiments/protocol_v3/llama3_8b_qlora_l40_protocol_v3_phase2_r32_seed44/reports/metrics_history.jsonl,290,1.5425531914893615,train_log,2026-04-21T15:42:54.866064+00:00,1.8158,8.768091201782227,9.31640625,8.646641110051549,5.311128582088765,7.697860479899984,4.637831563448872,350,-0.9321872509227633,-0.9487806301515649,-0.673297018639893,-0.9321872509227633,-0.9487806301515649,-0.673297018639893,50,7.697860479899984,4.637831563448872,350,4,350,0.0002,10,0.05,8.887051582336426,14.470703125,0.6196871399879456,0.35237953066825867,0,0,0,0,0,0,1,2,8.887051105499268,14.470703125,50,5.0095117053681415,5.015807378560712,5.0169203983235935,7,0.008055736309398204,False,completed,7.589663982391357,14.470703125,0.05,0.01,0.4677867889404297,3.614457831325301e-05,1.5425531914893615,290,,,,,,,,,,,,,,,,,,,,,,,,,,,,,,,,,,,,,,,,,,,
llama3_8b_qlora_l40_protocol_v3_phase2_r32_seed44__1776783323,llama3_8b_qlora_l40_protocol_v3_phase2_r32_seed44,qlora,train_and_eval,protocol_v3,logging_v2,meta-llama/Meta-Llama-3-8B,True,False,44,32,64,350,8,1024,8.316989216966332,7.384801966043569,7.384801966043569,2717.3301,0.129,completed,outputs/experiments/protocol_v3/llama3_8b_qlora_l40_protocol_v3_phase2_r32_seed44/reports/comparison_row.json,outputs/experiments/protocol_v3/llama3_8b_qlora_l40_protocol_v3_phase2_r32_seed44/reports/metrics_history.jsonl,300,1.5957446808510638,train_log,2026-04-21T15:42:54.866067+00:00,1.8376,8.768091201782227,9.31640625,8.646641110051549,5.311128582088765,7.697860479899984,4.637831563448872,350,-0.9321872509227633,-0.9487806301515649,-0.673297018639893,-0.9321872509227633,-0.9487806301515649,-0.673297018639893,50,7.697860479899984,4.637831563448872,350,4,350,0.0002,10,0.05,8.887051582336426,14.470703125,0.6196871399879456,0.35237953066825867,0,0,0,0,0,0,1,2,8.887051105499268,14.470703125,50,5.0095117053681415,5.015807378560712,5.0169203983235935,7,0.008055736309398204,False,completed,7.589663982391357,14.470703125,0.05,0.01,0.4849494397640228,3.012048192771085e-05,1.5957446808510638,300,,,,,,,,,,,,,,,,,,,,,,,,,,,,,,,,,,,,,,,,,,,
llama3_8b_qlora_l40_protocol_v3_phase2_r32_seed44__1776783323,llama3_8b_qlora_l40_protocol_v3_phase2_r32_seed44,qlora,train_and_eval,protocol_v3,logging_v2,meta-llama/Meta-Llama-3-8B,True,False,44,32,64,350,8,1024,8.316989216966332,7.384801966043569,7.384801966043569,2717.3301,0.129,completed,outputs/experiments/protocol_v3/llama3_8b_qlora_l40_protocol_v3_phase2_r32_seed44/reports/comparison_row.json,outputs/experiments/protocol_v3/llama3_8b_qlora_l40_protocol_v3_phase2_r32_seed44/reports/metrics_history.jsonl,300,1.5957446808510638,eval,2026-04-21T15:42:54.866071+00:00,,8.768091201782227,9.31640625,8.646641110051549,5.311128582088765,7.697860479899984,4.637831563448872,350,-0.9321872509227633,-0.9487806301515649,-0.673297018639893,-0.9321872509227633,-0.9487806301515649,-0.673297018639893,50,7.697860479899984,4.637831563448872,350,4,350,0.0002,10,0.05,8.887051582336426,14.470703125,0.6196871399879456,0.35237953066825867,0,0,0,0,0,0,1,2,8.887051105499268,14.470703125,50,5.0095117053681415,5.015807378560712,5.0169203983235935,7,0.008055736309398204,False,completed,7.589663982391357,14.470703125,0.05,0.01,,,1.5957446808510638,300,2.0014383792877197,68.1875,3.74,3.74,,,,,,,,,,,,,,,,,,,,,,,,,,,,,,,,,,,,,,,
llama3_8b_qlora_l40_protocol_v3_phase2_r32_seed44__1776783323,llama3_8b_qlora_l40_protocol_v3_phase2_r32_seed44,qlora,train_and_eval,protocol_v3,logging_v2,meta-llama/Meta-Llama-3-8B,True,False,44,32,64,350,8,1024,8.316989216966332,7.384801966043569,7.384801966043569,2717.3301,0.129,completed,outputs/experiments/protocol_v3/llama3_8b_qlora_l40_protocol_v3_phase2_r32_seed44/reports/comparison_row.json,outputs/experiments/protocol_v3/llama3_8b_qlora_l40_protocol_v3_phase2_r32_seed44/reports/metrics_history.jsonl,300,1.5957446808510638,eval,2026-04-21T15:42:54.866075+00:00,,8.768091201782227,9.31640625,8.646641110051549,5.311128582088765,7.697860479899984,4.637831563448872,350,-0.9321872509227633,-0.9487806301515649,-0.673297018639893,-0.9321872509227633,-0.9487806301515649,-0.673297018639893,50,7.697860479899984,4.637831563448872,350,4,350,0.0002,10,0.05,8.887051582336426,14.470703125,0.6196871399879456,0.35237953066825867,0,0,0,0,0,0,1,2,8.887051105499268,14.470703125,50,5.0095117053681415,5.015807378560712,5.0169203983235935,7,0.008055736309398204,False,completed,7.589663982391357,14.470703125,0.05,0.01,,,1.5957446808510638,300,,,,,2.042869806289673,62.5796,3.739,3.739,,,,,,,,,,,,,,,,,,,,,,,,,,,,,,,,,,,
llama3_8b_qlora_l40_protocol_v3_phase2_r32_seed44__1776783323,llama3_8b_qlora_l40_protocol_v3_phase2_r32_seed44,qlora,train_and_eval,protocol_v3,logging_v2,meta-llama/Meta-Llama-3-8B,True,False,44,32,64,350,8,1024,8.316989216966332,7.384801966043569,7.384801966043569,2717.3301,0.129,completed,outputs/experiments/protocol_v3/llama3_8b_qlora_l40_protocol_v3_phase2_r32_seed44/reports/comparison_row.json,outputs/experiments/protocol_v3/llama3_8b_qlora_l40_protocol_v3_phase2_r32_seed44/reports/metrics_history.jsonl,300,1.5957446808510638,eval,2026-04-21T15:42:54.866078+00:00,,8.768091201782227,9.31640625,8.646641110051549,5.311128582088765,7.697860479899984,4.637831563448872,350,-0.9321872509227633,-0.9487806301515649,-0.673297018639893,-0.9321872509227633,-0.9487806301515649,-0.673297018639893,50,7.697860479899984,4.637831563448872,350,4,350,0.0002,10,0.05,8.887051582336426,14.470703125,0.6196871399879456,0.35237953066825867,0,0,0,0,0,0,1,2,8.887051105499268,14.470703125,50,5.0095117053681415,5.015807378560712,5.0169203983235935,7,0.008055736309398204,False,completed,7.589663982391357,14.470703125,0.05,0.01,,,1.5957446808510638,300,,,,,,,,,1.5369831323623657,5.6193,3.737,3.737,,,,,,,,,,,,,,,,,,,,,,,,,,,,,,,
llama3_8b_qlora_l40_protocol_v3_phase2_r32_seed44__1776783323,llama3_8b_qlora_l40_protocol_v3_phase2_r32_seed44,qlora,train_and_eval,protocol_v3,logging_v2,meta-llama/Meta-Llama-3-8B,True,False,44,32,64,350,8,1024,8.316989216966332,7.384801966043569,7.384801966043569,2717.3301,0.129,completed,outputs/experiments/protocol_v3/llama3_8b_qlora_l40_protocol_v3_phase2_r32_seed44/reports/comparison_row.json,outputs/experiments/protocol_v3/llama3_8b_qlora_l40_protocol_v3_phase2_r32_seed44/reports/metrics_history.jsonl,300,1.5957446808510638,eval,2026-04-21T15:42:54.866084+00:00,,8.768091201782227,9.31640625,8.646641110051549,5.311128582088765,7.697860479899984,4.637831563448872,350,-0.9321872509227633,-0.9487806301515649,-0.673297018639893,-0.9321872509227633,-0.9487806301515649,-0.673297018639893,50,7.697860479899984,4.637831563448872,350,4,350,0.0002,10,0.05,8.887051582336426,14.470703125,0.6196871399879456,0.35237953066825867,0,0,0,0,0,0,1,2,8.887051105499268,14.470703125,50,5.0095117053681415,5.015807378560712,5.0169203983235935,7,0.008055736309398204,False,completed,7.589663982391357,14.470703125,0.05,0.01,,,1.5957446808510638,300,2.0014383792877197,68.1875,3.74,3.74,2.042869806289673,62.5796,3.739,3.739,1.5369831323623657,5.6193,3.737,3.737,7.3996920115836335,8.887051582336426,14.470703125,8.887051582336426,14.470703125,8.887051582336426,14.470703125,7.712711456959861,8.887051582336426,14.470703125,8.887051582336426,14.470703125,8.887051582336426,14.470703125,4.650539025587788,8.887051105499268,14.470703125,8.887051105499268,14.470703125,8.887051105499268,14.470703125,5.003664829079935,5.003408828997635,5.004676112000016,0.0016091632918589145,50,,,,,
llama3_8b_qlora_l40_protocol_v3_phase2_r32_seed44__1776783323,llama3_8b_qlora_l40_protocol_v3_phase2_r32_seed44,qlora,train_and_eval,protocol_v3,logging_v2,meta-llama/Meta-Llama-3-8B,True,False,44,32,64,350,8,1024,8.316989216966332,7.384801966043569,7.384801966043569,2717.3301,0.129,completed,outputs/experiments/protocol_v3/llama3_8b_qlora_l40_protocol_v3_phase2_r32_seed44/reports/comparison_row.json,outputs/experiments/protocol_v3/llama3_8b_qlora_l40_protocol_v3_phase2_r32_seed44/reports/metrics_history.jsonl,310,1.648936170212766,train_log,2026-04-21T15:42:54.866092+00:00,1.8019,8.768091201782227,9.31640625,8.646641110051549,5.311128582088765,7.697860479899984,4.637831563448872,350,-0.9321872509227633,-0.9487806301515649,-0.673297018639893,-0.9321872509227633,-0.9487806301515649,-0.673297018639893,50,7.697860479899984,4.637831563448872,350,4,350,0.0002,10,0.05,8.887051582336426,14.470703125,0.6196871399879456,0.35237953066825867,0,0,0,0,0,0,1,2,8.887051105499268,14.470703125,50,5.0095117053681415,5.015807378560712,5.0169203983235935,7,0.008055736309398204,False,completed,7.589663982391357,14.470703125,0.05,0.01,0.4677431583404541,2.4096385542168677e-05,1.648936170212766,310,,,,,,,,,,,,,,,,,,,,,,,,,,,,,,,,,,,,,,,,,,,
llama3_8b_qlora_l40_protocol_v3_phase2_r32_seed44__1776783323,llama3_8b_qlora_l40_protocol_v3_phase2_r32_seed44,qlora,train_and_eval,protocol_v3,logging_v2,meta-llama/Meta-Llama-3-8B,True,False,44,32,64,350,8,1024,8.316989216966332,7.384801966043569,7.384801966043569,2717.3301,0.129,completed,outputs/experiments/protocol_v3/llama3_8b_qlora_l40_protocol_v3_phase2_r32_seed44/reports/comparison_row.json,outputs/experiments/protocol_v3/llama3_8b_qlora_l40_protocol_v3_phase2_r32_seed44/reports/metrics_history.jsonl,320,1.702127659574468,train_log,2026-04-21T15:42:54.866095+00:00,1.8356,8.768091201782227,9.31640625,8.646641110051549,5.311128582088765,7.697860479899984,4.637831563448872,350,-0.9321872509227633,-0.9487806301515649,-0.673297018639893,-0.9321872509227633,-0.9487806301515649,-0.673297018639893,50,7.697860479899984,4.637831563448872,350,4,350,0.0002,10,0.05,8.887051582336426,14.470703125,0.6196871399879456,0.35237953066825867,0,0,0,0,0,0,1,2,8.887051105499268,14.470703125,50,5.0095117053681415,5.015807378560712,5.0169203983235935,7,0.008055736309398204,False,completed,7.589663982391357,14.470703125,0.05,0.01,0.42708060145378113,1.8072289156626505e-05,1.702127659574468,320,,,,,,,,,,,,,,,,,,,,,,,,,,,,,,,,,,,,,,,,,,,
llama3_8b_qlora_l40_protocol_v3_phase2_r32_seed44__1776783323,llama3_8b_qlora_l40_protocol_v3_phase2_r32_seed44,qlora,train_and_eval,protocol_v3,logging_v2,meta-llama/Meta-Llama-3-8B,True,False,44,32,64,350,8,1024,8.316989216966332,7.384801966043569,7.384801966043569,2717.3301,0.129,completed,outputs/experiments/protocol_v3/llama3_8b_qlora_l40_protocol_v3_phase2_r32_seed44/reports/comparison_row.json,outputs/experiments/protocol_v3/llama3_8b_qlora_l40_protocol_v3_phase2_r32_seed44/reports/metrics_history.jsonl,330,1.7553191489361701,train_log,2026-04-21T15:42:54.866099+00:00,1.7958,8.768091201782227,9.31640625,8.646641110051549,5.311128582088765,7.697860479899984,4.637831563448872,350,-0.9321872509227633,-0.9487806301515649,-0.673297018639893,-0.9321872509227633,-0.9487806301515649,-0.673297018639893,50,7.697860479899984,4.637831563448872,350,4,350,0.0002,10,0.05,8.887051582336426,14.470703125,0.6196871399879456,0.35237953066825867,0,0,0,0,0,0,1,2,8.887051105499268,14.470703125,50,5.0095117053681415,5.015807378560712,5.0169203983235935,7,0.008055736309398204,False,completed,7.589663982391357,14.470703125,0.05,0.01,0.46239542961120605,1.2048192771084338e-05,1.7553191489361701,330,,,,,,,,,,,,,,,,,,,,,,,,,,,,,,,,,,,,,,,,,,,
llama3_8b_qlora_l40_protocol_v3_phase2_r32_seed44__1776783323,llama3_8b_qlora_l40_protocol_v3_phase2_r32_seed44,qlora,train_and_eval,protocol_v3,logging_v2,meta-llama/Meta-Llama-3-8B,True,False,44,32,64,350,8,1024,8.316989216966332,7.384801966043569,7.384801966043569,2717.3301,0.129,completed,outputs/experiments/protocol_v3/llama3_8b_qlora_l40_protocol_v3_phase2_r32_seed44/reports/comparison_row.json,outputs/experiments/protocol_v3/llama3_8b_qlora_l40_protocol_v3_phase2_r32_seed44/reports/metrics_history.jsonl,340,1.8085106382978724,train_log,2026-04-21T15:42:54.866103+00:00,1.9322,8.768091201782227,9.31640625,8.646641110051549,5.311128582088765,7.697860479899984,4.637831563448872,350,-0.9321872509227633,-0.9487806301515649,-0.673297018639893,-0.9321872509227633,-0.9487806301515649,-0.673297018639893,50,7.697860479899984,4.637831563448872,350,4,350,0.0002,10,0.05,8.887051582336426,14.470703125,0.6196871399879456,0.35237953066825867,0,0,0,0,0,0,1,2,8.887051105499268,14.470703125,50,5.0095117053681415,5.015807378560712,5.0169203983235935,7,0.008055736309398204,False,completed,7.589663982391357,14.470703125,0.05,0.01,0.47045865654945374,6.024096385542169e-06,1.8085106382978724,340,,,,,,,,,,,,,,,,,,,,,,,,,,,,,,,,,,,,,,,,,,,
llama3_8b_qlora_l40_protocol_v3_phase2_r32_seed44__1776783323,llama3_8b_qlora_l40_protocol_v3_phase2_r32_seed44,qlora,train_and_eval,protocol_v3,logging_v2,meta-llama/Meta-Llama-3-8B,True,False,44,32,64,350,8,1024,8.316989216966332,7.384801966043569,7.384801966043569,2717.3301,0.129,completed,outputs/experiments/protocol_v3/llama3_8b_qlora_l40_protocol_v3_phase2_r32_seed44/reports/comparison_row.json,outputs/experiments/protocol_v3/llama3_8b_qlora_l40_protocol_v3_phase2_r32_seed44/reports/metrics_history.jsonl,350,1.8617021276595744,train_log,2026-04-21T15:42:54.866107+00:00,1.8503,8.768091201782227,9.31640625,8.646641110051549,5.311128582088765,7.697860479899984,4.637831563448872,350,-0.9321872509227633,-0.9487806301515649,-0.673297018639893,-0.9321872509227633,-0.9487806301515649,-0.673297018639893,50,7.697860479899984,4.637831563448872,350,4,350,0.0002,10,0.05,8.887051582336426,14.470703125,0.6196871399879456,0.35237953066825867,0,0,0,0,0,0,1,2,8.887051105499268,14.470703125,50,5.0095117053681415,5.015807378560712,5.0169203983235935,7,0.008055736309398204,False,completed,7.589663982391357,14.470703125,0.05,0.01,0.43091389536857605,0.0,1.8617021276595744,350,,,,,,,,,,,,,,,,,,,,,,,,,,,,,,,,,,,,,,,,,,,
llama3_8b_qlora_l40_protocol_v3_phase2_r32_seed44__1776783323,llama3_8b_qlora_l40_protocol_v3_phase2_r32_seed44,qlora,train_and_eval,protocol_v3,logging_v2,meta-llama/Meta-Llama-3-8B,True,False,44,32,64,350,8,1024,8.316989216966332,7.384801966043569,7.384801966043569,2717.3301,0.129,completed,outputs/experiments/protocol_v3/llama3_8b_qlora_l40_protocol_v3_phase2_r32_seed44/reports/comparison_row.json,outputs/experiments/protocol_v3/llama3_8b_qlora_l40_protocol_v3_phase2_r32_seed44/reports/metrics_history.jsonl,350,1.8617021276595744,eval,2026-04-21T15:42:54.866110+00:00,,8.768091201782227,9.31640625,8.646641110051549,5.311128582088765,7.697860479899984,4.637831563448872,350,-0.9321872509227633,-0.9487806301515649,-0.673297018639893,-0.9321872509227633,-0.9487806301515649,-0.673297018639893,50,7.697860479899984,4.637831563448872,350,4,350,0.0002,10,0.05,8.887051582336426,14.470703125,0.6196871399879456,0.35237953066825867,0,0,0,0,0,0,1,2,8.887051105499268,14.470703125,50,5.0095117053681415,5.015807378560712,5.0169203983235935,7,0.008055736309398204,False,completed,7.589663982391357,14.470703125,0.05,0.01,,,1.8617021276595744,350,1.9994240999221802,68.0995,3.745,3.745,,,,,,,,,,,,,,,,,,,,,,,,,,,,,,,,,,,,,,,
llama3_8b_qlora_l40_protocol_v3_phase2_r32_seed44__1776783323,llama3_8b_qlora_l40_protocol_v3_phase2_r32_seed44,qlora,train_and_eval,protocol_v3,logging_v2,meta-llama/Meta-Llama-3-8B,True,False,44,32,64,350,8,1024,8.316989216966332,7.384801966043569,7.384801966043569,2717.3301,0.129,completed,outputs/experiments/protocol_v3/llama3_8b_qlora_l40_protocol_v3_phase2_r32_seed44/reports/comparison_row.json,outputs/experiments/protocol_v3/llama3_8b_qlora_l40_protocol_v3_phase2_r32_seed44/reports/metrics_history.jsonl,350,1.8617021276595744,eval,2026-04-21T15:42:54.866114+00:00,,8.768091201782227,9.31640625,8.646641110051549,5.311128582088765,7.697860479899984,4.637831563448872,350,-0.9321872509227633,-0.9487806301515649,-0.673297018639893,-0.9321872509227633,-0.9487806301515649,-0.673297018639893,50,7.697860479899984,4.637831563448872,350,4,350,0.0002,10,0.05,8.887051582336426,14.470703125,0.6196871399879456,0.35237953066825867,0,0,0,0,0,0,1,2,8.887051105499268,14.470703125,50,5.0095117053681415,5.015807378560712,5.0169203983235935,7,0.008055736309398204,False,completed,7.589663982391357,14.470703125,0.05,0.01,,,1.8617021276595744,350,,,,,2.040942430496216,62.4948,3.744,3.744,,,,,,,,,,,,,,,,,,,,,,,,,,,,,,,,,,,
llama3_8b_qlora_l40_protocol_v3_phase2_r32_seed44__1776783323,llama3_8b_qlora_l40_protocol_v3_phase2_r32_seed44,qlora,train_and_eval,protocol_v3,logging_v2,meta-llama/Meta-Llama-3-8B,True,False,44,32,64,350,8,1024,8.316989216966332,7.384801966043569,7.384801966043569,2717.3301,0.129,completed,outputs/experiments/protocol_v3/llama3_8b_qlora_l40_protocol_v3_phase2_r32_seed44/reports/comparison_row.json,outputs/experiments/protocol_v3/llama3_8b_qlora_l40_protocol_v3_phase2_r32_seed44/reports/metrics_history.jsonl,350,1.8617021276595744,eval,2026-04-21T15:42:54.866118+00:00,,8.768091201782227,9.31640625,8.646641110051549,5.311128582088765,7.697860479899984,4.637831563448872,350,-0.9321872509227633,-0.9487806301515649,-0.673297018639893,-0.9321872509227633,-0.9487806301515649,-0.673297018639893,50,7.697860479899984,4.637831563448872,350,4,350,0.0002,10,0.05,8.887051582336426,14.470703125,0.6196871399879456,0.35237953066825867,0,0,0,0,0,0,1,2,8.887051105499268,14.470703125,50,5.0095117053681415,5.015807378560712,5.0169203983235935,7,0.008055736309398204,False,completed,7.589663982391357,14.470703125,0.05,0.01,,,1.8617021276595744,350,,,,,,,,,1.5342469215393066,5.6121,3.742,3.742,,,,,,,,,,,,,,,,,,,,,,,,,,,,,,,
llama3_8b_qlora_l40_protocol_v3_phase2_r32_seed44__1776783323,llama3_8b_qlora_l40_protocol_v3_phase2_r32_seed44,qlora,train_and_eval,protocol_v3,logging_v2,meta-llama/Meta-Llama-3-8B,True,False,44,32,64,350,8,1024,8.316989216966332,7.384801966043569,7.384801966043569,2717.3301,0.129,completed,outputs/experiments/protocol_v3/llama3_8b_qlora_l40_protocol_v3_phase2_r32_seed44/reports/comparison_row.json,outputs/experiments/protocol_v3/llama3_8b_qlora_l40_protocol_v3_phase2_r32_seed44/reports/metrics_history.jsonl,350,1.8617021276595744,eval,2026-04-21T15:42:54.866124+00:00,,8.768091201782227,9.31640625,8.646641110051549,5.311128582088765,7.697860479899984,4.637831563448872,350,-0.9321872509227633,-0.9487806301515649,-0.673297018639893,-0.9321872509227633,-0.9487806301515649,-0.673297018639893,50,7.697860479899984,4.637831563448872,350,4,350,0.0002,10,0.05,8.887051582336426,14.470703125,0.6196871399879456,0.35237953066825867,0,0,0,0,0,0,1,2,8.887051105499268,14.470703125,50,5.0095117053681415,5.015807378560712,5.0169203983235935,7,0.008055736309398204,False,completed,7.589663982391357,14.470703125,0.05,0.01,,,1.8617021276595744,350,1.9994240999221802,68.0995,3.745,3.745,2.040942430496216,62.4948,3.744,3.744,1.5342469215393066,5.6121,3.742,3.742,7.384801966043569,8.887051582336426,14.470703125,8.887051582336426,14.470703125,8.887051582336426,14.470703125,7.697860479899984,8.887051582336426,14.470703125,8.887051582336426,14.470703125,8.887051582336426,14.470703125,4.637831563448872,8.887051105499268,14.470703125,8.887051105499268,14.470703125,8.887051105499268,14.470703125,4.996573437118786,4.996570336494187,4.9979677054514475,0.0012025291375667127,50,,,,,
llama3_8b_qlora_l40_protocol_v3_phase2_r32_seed44__1776783323,llama3_8b_qlora_l40_protocol_v3_phase2_r32_seed44,qlora,train_and_eval,protocol_v3,logging_v2,meta-llama/Meta-Llama-3-8B,True,False,44,32,64,350,8,1024,8.316989216966332,7.384801966043569,7.384801966043569,2717.3301,0.129,completed,outputs/experiments/protocol_v3/llama3_8b_qlora_l40_protocol_v3_phase2_r32_seed44/reports/comparison_row.json,outputs/experiments/protocol_v3/llama3_8b_qlora_l40_protocol_v3_phase2_r32_seed44/reports/metrics_history.jsonl,350,1.8617021276595744,system,2026-04-21T15:42:54.866132+00:00,,8.768091201782227,9.31640625,8.646641110051549,5.311128582088765,7.697860479899984,4.637831563448872,350,-0.9321872509227633,-0.9487806301515649,-0.673297018639893,-0.9321872509227633,-0.9487806301515649,-0.673297018639893,50,7.697860479899984,4.637831563448872,350,4,350,0.0002,10,0.05,8.887051582336426,14.470703125,0.6196871399879456,0.35237953066825867,0,0,0,0,0,0,1,2,8.887051105499268,14.470703125,50,5.0095117053681415,5.015807378560712,5.0169203983235935,7,0.008055736309398204,False,completed,7.589663982391357,14.470703125,0.05,0.01,,,1.8617021276595744,350,,,,,,,,,,,,,,,,,,,,,,,,,,,,,,,,,,,,,,,2717.3301,1.03,0.129,1.295777305460736e+17,1.9173583602905273
llama3_8b_qlora_l40_protocol_v3_phase2_r64_seed42__1776867625,llama3_8b_qlora_l40_protocol_v3_phase2_r64_seed42,qlora,train_and_eval,protocol_v3,logging_v2,meta-llama/Meta-Llama-3-8B,True,False,42,64,128,350,8,1024,8.316989216966332,7.382125346426498,7.382125346426498,2715.3735,0.129,completed,outputs/experiments/protocol_v3/llama3_8b_qlora_l40_protocol_v3_phase2_r64_seed42/reports/comparison_row.json,outputs/experiments/protocol_v3/llama3_8b_qlora_l40_protocol_v3_phase2_r64_seed42/reports/metrics_history.jsonl,10,0.05319148936170213,train_log,2026-04-22T15:07:54.715204+00:00,2.0775,8.768091201782227,9.31640625,8.646641110051549,5.311128582088765,7.698510208105226,4.6176702307482635,350,-0.934863870539834,-0.9481309019463229,-0.6934583513405013,-0.934863870539834,-0.9481309019463229,-0.6934583513405013,50,7.698510208105226,4.6176702307482635,350,4,350,0.0002,10,0.05,9.242520332336426,14.98046875,0.6759954690933228,0.3940935730934143,0,0,0,0,0,0,1,2,9.242519855499268,14.98046875,50,4.973223567172203,4.9763664412609065,4.981600086545281,7,0.006631774909423688,False,completed,7.894351482391357,14.98046875,0.05,0.01,0.556926965713501,0.00011111111111111112,0.05319148936170213,10,,,,,,,,,,,,,,,,,,,,,,,,,,,,,,,,,,,,,,,,,,,
llama3_8b_qlora_l40_protocol_v3_phase2_r64_seed42__1776867625,llama3_8b_qlora_l40_protocol_v3_phase2_r64_seed42,qlora,train_and_eval,protocol_v3,logging_v2,meta-llama/Meta-Llama-3-8B,True,False,42,64,128,350,8,1024,8.316989216966332,7.382125346426498,7.382125346426498,2715.3735,0.129,completed,outputs/experiments/protocol_v3/llama3_8b_qlora_l40_protocol_v3_phase2_r64_seed42/reports/comparison_row.json,outputs/experiments/protocol_v3/llama3_8b_qlora_l40_protocol_v3_phase2_r64_seed42/reports/metrics_history.jsonl,20,0.10638297872340426,train_log,2026-04-22T15:07:54.715223+00:00,2.0855,8.768091201782227,9.31640625,8.646641110051549,5.311128582088765,7.698510208105226,4.6176702307482635,350,-0.934863870539834,-0.9481309019463229,-0.6934583513405013,-0.934863870539834,-0.9481309019463229,-0.6934583513405013,50,7.698510208105226,4.6176702307482635,350,4,350,0.0002,10,0.05,9.242520332336426,14.98046875,0.6759954690933228,0.3940935730934143,0,0,0,0,0,0,1,2,9.242519855499268,14.98046875,50,4.973223567172203,4.9763664412609065,4.981600086545281,7,0.006631774909423688,False,completed,7.894351482391357,14.98046875,0.05,0.01,0.42914772033691406,0.00019879518072289158,0.10638297872340426,20,,,,,,,,,,,,,,,,,,,,,,,,,,,,,,,,,,,,,,,,,,,
llama3_8b_qlora_l40_protocol_v3_phase2_r64_seed42__1776867625,llama3_8b_qlora_l40_protocol_v3_phase2_r64_seed42,qlora,train_and_eval,protocol_v3,logging_v2,meta-llama/Meta-Llama-3-8B,True,False,42,64,128,350,8,1024,8.316989216966332,7.382125346426498,7.382125346426498,2715.3735,0.129,completed,outputs/experiments/protocol_v3/llama3_8b_qlora_l40_protocol_v3_phase2_r64_seed42/reports/comparison_row.json,outputs/experiments/protocol_v3/llama3_8b_qlora_l40_protocol_v3_phase2_r64_seed42/reports/metrics_history.jsonl,30,0.1595744680851064,train_log,2026-04-22T15:07:54.715229+00:00,2.0013,8.768091201782227,9.31640625,8.646641110051549,5.311128582088765,7.698510208105226,4.6176702307482635,350,-0.934863870539834,-0.9481309019463229,-0.6934583513405013,-0.934863870539834,-0.9481309019463229,-0.6934583513405013,50,7.698510208105226,4.6176702307482635,350,4,350,0.0002,10,0.05,9.242520332336426,14.98046875,0.6759954690933228,0.3940935730934143,0,0,0,0,0,0,1,2,9.242519855499268,14.98046875,50,4.973223567172203,4.9763664412609065,4.981600086545281,7,0.006631774909423688,False,completed,7.894351482391357,14.98046875,0.05,0.01,0.43904635310173035,0.00019277108433734942,0.1595744680851064,30,,,,,,,,,,,,,,,,,,,,,,,,,,,,,,,,,,,,,,,,,,,
llama3_8b_qlora_l40_protocol_v3_phase2_r64_seed42__1776867625,llama3_8b_qlora_l40_protocol_v3_phase2_r64_seed42,qlora,train_and_eval,protocol_v3,logging_v2,meta-llama/Meta-Llama-3-8B,True,False,42,64,128,350,8,1024,8.316989216966332,7.382125346426498,7.382125346426498,2715.3735,0.129,completed,outputs/experiments/protocol_v3/llama3_8b_qlora_l40_protocol_v3_phase2_r64_seed42/reports/comparison_row.json,outputs/experiments/protocol_v3/llama3_8b_qlora_l40_protocol_v3_phase2_r64_seed42/reports/metrics_history.jsonl,40,0.2127659574468085,train_log,2026-04-22T15:07:54.715233+00:00,1.9646,8.768091201782227,9.31640625,8.646641110051549,5.311128582088765,7.698510208105226,4.6176702307482635,350,-0.934863870539834,-0.9481309019463229,-0.6934583513405013,-0.934863870539834,-0.9481309019463229,-0.6934583513405013,50,7.698510208105226,4.6176702307482635,350,4,350,0.0002,10,0.05,9.242520332336426,14.98046875,0.6759954690933228,0.3940935730934143,0,0,0,0,0,0,1,2,9.242519855499268,14.98046875,50,4.973223567172203,4.9763664412609065,4.981600086545281,7,0.006631774909423688,False,completed,7.894351482391357,14.98046875,0.05,0.01,0.4115368127822876,0.00018674698795180723,0.2127659574468085,40,,,,,,,,,,,,,,,,,,,,,,,,,,,,,,,,,,,,,,,,,,,
llama3_8b_qlora_l40_protocol_v3_phase2_r64_seed42__1776867625,llama3_8b_qlora_l40_protocol_v3_phase2_r64_seed42,qlora,train_and_eval,protocol_v3,logging_v2,meta-llama/Meta-Llama-3-8B,True,False,42,64,128,350,8,1024,8.316989216966332,7.382125346426498,7.382125346426498,2715.3735,0.129,completed,outputs/experiments/protocol_v3/llama3_8b_qlora_l40_protocol_v3_phase2_r64_seed42/reports/comparison_row.json,outputs/experiments/protocol_v3/llama3_8b_qlora_l40_protocol_v3_phase2_r64_seed42/reports/metrics_history.jsonl,50,0.26595744680851063,train_log,2026-04-22T15:07:54.715236+00:00,1.9656,8.768091201782227,9.31640625,8.646641110051549,5.311128582088765,7.698510208105226,4.6176702307482635,350,-0.934863870539834,-0.9481309019463229,-0.6934583513405013,-0.934863870539834,-0.9481309019463229,-0.6934583513405013,50,7.698510208105226,4.6176702307482635,350,4,350,0.0002,10,0.05,9.242520332336426,14.98046875,0.6759954690933228,0.3940935730934143,0,0,0,0,0,0,1,2,9.242519855499268,14.98046875,50,4.973223567172203,4.9763664412609065,4.981600086545281,7,0.006631774909423688,False,completed,7.894351482391357,14.98046875,0.05,0.01,0.4268169701099396,0.00018072289156626507,0.26595744680851063,50,,,,,,,,,,,,,,,,,,,,,,,,,,,,,,,,,,,,,,,,,,,
llama3_8b_qlora_l40_protocol_v3_phase2_r64_seed42__1776867625,llama3_8b_qlora_l40_protocol_v3_phase2_r64_seed42,qlora,train_and_eval,protocol_v3,logging_v2,meta-llama/Meta-Llama-3-8B,True,False,42,64,128,350,8,1024,8.316989216966332,7.382125346426498,7.382125346426498,2715.3735,0.129,completed,outputs/experiments/protocol_v3/llama3_8b_qlora_l40_protocol_v3_phase2_r64_seed42/reports/comparison_row.json,outputs/experiments/protocol_v3/llama3_8b_qlora_l40_protocol_v3_phase2_r64_seed42/reports/metrics_history.jsonl,50,0.26595744680851063,eval,2026-04-22T15:07:54.715242+00:00,,8.768091201782227,9.31640625,8.646641110051549,5.311128582088765,7.698510208105226,4.6176702307482635,350,-0.934863870539834,-0.9481309019463229,-0.6934583513405013,-0.934863870539834,-0.9481309019463229,-0.6934583513405013,50,7.698510208105226,4.6176702307482635,350,4,350,0.0002,10,0.05,9.242520332336426,14.98046875,0.6759954690933228,0.3940935730934143,0,0,0,0,0,0,1,2,9.242519855499268,14.98046875,50,4.973223567172203,4.9763664412609065,4.981600086545281,7,0.006631774909423688,False,completed,7.894351482391357,14.98046875,0.05,0.01,,,0.26595744680851063,50,2.0333614349365234,67.6826,3.768,3.768,,,,,,,,,,,,,,,,,,,,,,,,,,,,,,,,,,,,,,,
llama3_8b_qlora_l40_protocol_v3_phase2_r64_seed42__1776867625,llama3_8b_qlora_l40_protocol_v3_phase2_r64_seed42,qlora,train_and_eval,protocol_v3,logging_v2,meta-llama/Meta-Llama-3-8B,True,False,42,64,128,350,8,1024,8.316989216966332,7.382125346426498,7.382125346426498,2715.3735,0.129,completed,outputs/experiments/protocol_v3/llama3_8b_qlora_l40_protocol_v3_phase2_r64_seed42/reports/comparison_row.json,outputs/experiments/protocol_v3/llama3_8b_qlora_l40_protocol_v3_phase2_r64_seed42/reports/metrics_history.jsonl,50,0.26595744680851063,eval,2026-04-22T15:07:54.715248+00:00,,8.768091201782227,9.31640625,8.646641110051549,5.311128582088765,7.698510208105226,4.6176702307482635,350,-0.934863870539834,-0.9481309019463229,-0.6934583513405013,-0.934863870539834,-0.9481309019463229,-0.6934583513405013,50,7.698510208105226,4.6176702307482635,350,4,350,0.0002,10,0.05,9.242520332336426,14.98046875,0.6759954690933228,0.3940935730934143,0,0,0,0,0,0,1,2,9.242519855499268,14.98046875,50,4.973223567172203,4.9763664412609065,4.981600086545281,7,0.006631774909423688,False,completed,7.894351482391357,14.98046875,0.05,0.01,,,0.26595744680851063,50,,,,,2.0733349323272705,62.1059,3.768,3.768,,,,,,,,,,,,,,,,,,,,,,,,,,,,,,,,,,,
llama3_8b_qlora_l40_protocol_v3_phase2_r64_seed42__1776867625,llama3_8b_qlora_l40_protocol_v3_phase2_r64_seed42,qlora,train_and_eval,protocol_v3,logging_v2,meta-llama/Meta-Llama-3-8B,True,False,42,64,128,350,8,1024,8.316989216966332,7.382125346426498,7.382125346426498,2715.3735,0.129,completed,outputs/experiments/protocol_v3/llama3_8b_qlora_l40_protocol_v3_phase2_r64_seed42/reports/comparison_row.json,outputs/experiments/protocol_v3/llama3_8b_qlora_l40_protocol_v3_phase2_r64_seed42/reports/metrics_history.jsonl,50,0.26595744680851063,eval,2026-04-22T15:07:54.715254+00:00,,8.768091201782227,9.31640625,8.646641110051549,5.311128582088765,7.698510208105226,4.6176702307482635,350,-0.934863870539834,-0.9481309019463229,-0.6934583513405013,-0.934863870539834,-0.9481309019463229,-0.6934583513405013,50,7.698510208105226,4.6176702307482635,350,4,350,0.0002,10,0.05,9.242520332336426,14.98046875,0.6759954690933228,0.3940935730934143,0,0,0,0,0,0,1,2,9.242519855499268,14.98046875,50,4.973223567172203,4.9763664412609065,4.981600086545281,7,0.006631774909423688,False,completed,7.894351482391357,14.98046875,0.05,0.01,,,0.26595744680851063,50,,,,,,,,,1.5818692445755005,5.5769,3.766,3.766,,,,,,,,,,,,,,,,,,,,,,,,,,,,,,,
llama3_8b_qlora_l40_protocol_v3_phase2_r64_seed42__1776867625,llama3_8b_qlora_l40_protocol_v3_phase2_r64_seed42,qlora,train_and_eval,protocol_v3,logging_v2,meta-llama/Meta-Llama-3-8B,True,False,42,64,128,350,8,1024,8.316989216966332,7.382125346426498,7.382125346426498,2715.3735,0.129,completed,outputs/experiments/protocol_v3/llama3_8b_qlora_l40_protocol_v3_phase2_r64_seed42/reports/comparison_row.json,outputs/experiments/protocol_v3/llama3_8b_qlora_l40_protocol_v3_phase2_r64_seed42/reports/metrics_history.jsonl,50,0.26595744680851063,eval,2026-04-22T15:07:54.715263+00:00,,8.768091201782227,9.31640625,8.646641110051549,5.311128582088765,7.698510208105226,4.6176702307482635,350,-0.934863870539834,-0.9481309019463229,-0.6934583513405013,-0.934863870539834,-0.9481309019463229,-0.6934583513405013,50,7.698510208105226,4.6176702307482635,350,4,350,0.0002,10,0.05,9.242520332336426,14.98046875,0.6759954690933228,0.3940935730934143,0,0,0,0,0,0,1,2,9.242519855499268,14.98046875,50,4.973223567172203,4.9763664412609065,4.981600086545281,7,0.006631774909423688,False,completed,7.894351482391357,14.98046875,0.05,0.01,,,0.26595744680851063,50,2.0333614349365234,67.6826,3.768,3.768,2.0733349323272705,62.1059,3.768,3.768,1.5818692445755005,5.5769,3.766,3.766,7.639723679628882,9.242520332336426,14.978515625,9.242520332336426,14.978515625,9.242520332336426,14.978515625,7.951295984727446,9.242520332336426,14.978515625,9.242520332336426,14.978515625,9.242520332336426,14.978515625,4.864039398129751,9.242519855499268,14.978515625,9.242519855499268,14.978515625,9.242519855499268,14.978515625,4.982863365358208,4.976263723001466,4.9816373564885,0.045420387644767655,50,,,,,
llama3_8b_qlora_l40_protocol_v3_phase2_r64_seed42__1776867625,llama3_8b_qlora_l40_protocol_v3_phase2_r64_seed42,qlora,train_and_eval,protocol_v3,logging_v2,meta-llama/Meta-Llama-3-8B,True,False,42,64,128,350,8,1024,8.316989216966332,7.382125346426498,7.382125346426498,2715.3735,0.129,completed,outputs/experiments/protocol_v3/llama3_8b_qlora_l40_protocol_v3_phase2_r64_seed42/reports/comparison_row.json,outputs/experiments/protocol_v3/llama3_8b_qlora_l40_protocol_v3_phase2_r64_seed42/reports/metrics_history.jsonl,60,0.3191489361702128,train_log,2026-04-22T15:07:54.715272+00:00,1.8784,8.768091201782227,9.31640625,8.646641110051549,5.311128582088765,7.698510208105226,4.6176702307482635,350,-0.934863870539834,-0.9481309019463229,-0.6934583513405013,-0.934863870539834,-0.9481309019463229,-0.6934583513405013,50,7.698510208105226,4.6176702307482635,350,4,350,0.0002,10,0.05,9.242520332336426,14.98046875,0.6759954690933228,0.3940935730934143,0,0,0,0,0,0,1,2,9.242519855499268,14.98046875,50,4.973223567172203,4.9763664412609065,4.981600086545281,7,0.006631774909423688,False,completed,7.894351482391357,14.98046875,0.05,0.01,0.4359758794307709,0.0001746987951807229,0.3191489361702128,60,,,,,,,,,,,,,,,,,,,,,,,,,,,,,,,,,,,,,,,,,,,
llama3_8b_qlora_l40_protocol_v3_phase2_r64_seed42__1776867625,llama3_8b_qlora_l40_protocol_v3_phase2_r64_seed42,qlora,train_and_eval,protocol_v3,logging_v2,meta-llama/Meta-Llama-3-8B,True,False,42,64,128,350,8,1024,8.316989216966332,7.382125346426498,7.382125346426498,2715.3735,0.129,completed,outputs/experiments/protocol_v3/llama3_8b_qlora_l40_protocol_v3_phase2_r64_seed42/reports/comparison_row.json,outputs/experiments/protocol_v3/llama3_8b_qlora_l40_protocol_v3_phase2_r64_seed42/reports/metrics_history.jsonl,70,0.3723404255319149,train_log,2026-04-22T15:07:54.715276+00:00,1.925,8.768091201782227,9.31640625,8.646641110051549,5.311128582088765,7.698510208105226,4.6176702307482635,350,-0.934863870539834,-0.9481309019463229,-0.6934583513405013,-0.934863870539834,-0.9481309019463229,-0.6934583513405013,50,7.698510208105226,4.6176702307482635,350,4,350,0.0002,10,0.05,9.242520332336426,14.98046875,0.6759954690933228,0.3940935730934143,0,0,0,0,0,0,1,2,9.242519855499268,14.98046875,50,4.973223567172203,4.9763664412609065,4.981600086545281,7,0.006631774909423688,False,completed,7.894351482391357,14.98046875,0.05,0.01,0.4070264995098114,0.00016867469879518074,0.3723404255319149,70,,,,,,,,,,,,,,,,,,,,,,,,,,,,,,,,,,,,,,,,,,,
llama3_8b_qlora_l40_protocol_v3_phase2_r64_seed42__1776867625,llama3_8b_qlora_l40_protocol_v3_phase2_r64_seed42,qlora,train_and_eval,protocol_v3,logging_v2,meta-llama/Meta-Llama-3-8B,True,False,42,64,128,350,8,1024,8.316989216966332,7.382125346426498,7.382125346426498,2715.3735,0.129,completed,outputs/experiments/protocol_v3/llama3_8b_qlora_l40_protocol_v3_phase2_r64_seed42/reports/comparison_row.json,outputs/experiments/protocol_v3/llama3_8b_qlora_l40_protocol_v3_phase2_r64_seed42/reports/metrics_history.jsonl,80,0.425531914893617,train_log,2026-04-22T15:07:54.715279+00:00,1.9858,8.768091201782227,9.31640625,8.646641110051549,5.311128582088765,7.698510208105226,4.6176702307482635,350,-0.934863870539834,-0.9481309019463229,-0.6934583513405013,-0.934863870539834,-0.9481309019463229,-0.6934583513405013,50,7.698510208105226,4.6176702307482635,350,4,350,0.0002,10,0.05,9.242520332336426,14.98046875,0.6759954690933228,0.3940935730934143,0,0,0,0,0,0,1,2,9.242519855499268,14.98046875,50,4.973223567172203,4.9763664412609065,4.981600086545281,7,0.006631774909423688,False,completed,7.894351482391357,14.98046875,0.05,0.01,0.4105161726474762,0.00016265060240963855,0.425531914893617,80,,,,,,,,,,,,,,,,,,,,,,,,,,,,,,,,,,,,,,,,,,,
llama3_8b_qlora_l40_protocol_v3_phase2_r64_seed42__1776867625,llama3_8b_qlora_l40_protocol_v3_phase2_r64_seed42,qlora,train_and_eval,protocol_v3,logging_v2,meta-llama/Meta-Llama-3-8B,True,False,42,64,128,350,8,1024,8.316989216966332,7.382125346426498,7.382125346426498,2715.3735,0.129,completed,outputs/experiments/protocol_v3/llama3_8b_qlora_l40_protocol_v3_phase2_r64_seed42/reports/comparison_row.json,outputs/experiments/protocol_v3/llama3_8b_qlora_l40_protocol_v3_phase2_r64_seed42/reports/metrics_history.jsonl,90,0.4787234042553192,train_log,2026-04-22T15:07:54.715283+00:00,1.9513,8.768091201782227,9.31640625,8.646641110051549,5.311128582088765,7.698510208105226,4.6176702307482635,350,-0.934863870539834,-0.9481309019463229,-0.6934583513405013,-0.934863870539834,-0.9481309019463229,-0.6934583513405013,50,7.698510208105226,4.6176702307482635,350,4,350,0.0002,10,0.05,9.242520332336426,14.98046875,0.6759954690933228,0.3940935730934143,0,0,0,0,0,0,1,2,9.242519855499268,14.98046875,50,4.973223567172203,4.9763664412609065,4.981600086545281,7,0.006631774909423688,False,completed,7.894351482391357,14.98046875,0.05,0.01,0.397197961807251,0.0001566265060240964,0.4787234042553192,90,,,,,,,,,,,,,,,,,,,,,,,,,,,,,,,,,,,,,,,,,,,
llama3_8b_qlora_l40_protocol_v3_phase2_r64_seed42__1776867625,llama3_8b_qlora_l40_protocol_v3_phase2_r64_seed42,qlora,train_and_eval,protocol_v3,logging_v2,meta-llama/Meta-Llama-3-8B,True,False,42,64,128,350,8,1024,8.316989216966332,7.382125346426498,7.382125346426498,2715.3735,0.129,completed,outputs/experiments/protocol_v3/llama3_8b_qlora_l40_protocol_v3_phase2_r64_seed42/reports/comparison_row.json,outputs/experiments/protocol_v3/llama3_8b_qlora_l40_protocol_v3_phase2_r64_seed42/reports/metrics_history.jsonl,100,0.5319148936170213,train_log,2026-04-22T15:07:54.715286+00:00,1.9672,8.768091201782227,9.31640625,8.646641110051549,5.311128582088765,7.698510208105226,4.6176702307482635,350,-0.934863870539834,-0.9481309019463229,-0.6934583513405013,-0.934863870539834,-0.9481309019463229,-0.6934583513405013,50,7.698510208105226,4.6176702307482635,350,4,350,0.0002,10,0.05,9.242520332336426,14.98046875,0.6759954690933228,0.3940935730934143,0,0,0,0,0,0,1,2,9.242519855499268,14.98046875,50,4.973223567172203,4.9763664412609065,4.981600086545281,7,0.006631774909423688,False,completed,7.894351482391357,14.98046875,0.05,0.01,0.40836793184280396,0.00015060240963855423,0.5319148936170213,100,,,,,,,,,,,,,,,,,,,,,,,,,,,,,,,,,,,,,,,,,,,
llama3_8b_qlora_l40_protocol_v3_phase2_r64_seed42__1776867625,llama3_8b_qlora_l40_protocol_v3_phase2_r64_seed42,qlora,train_and_eval,protocol_v3,logging_v2,meta-llama/Meta-Llama-3-8B,True,False,42,64,128,350,8,1024,8.316989216966332,7.382125346426498,7.382125346426498,2715.3735,0.129,completed,outputs/experiments/protocol_v3/llama3_8b_qlora_l40_protocol_v3_phase2_r64_seed42/reports/comparison_row.json,outputs/experiments/protocol_v3/llama3_8b_qlora_l40_protocol_v3_phase2_r64_seed42/reports/metrics_history.jsonl,100,0.5319148936170213,eval,2026-04-22T15:07:54.715290+00:00,,8.768091201782227,9.31640625,8.646641110051549,5.311128582088765,7.698510208105226,4.6176702307482635,350,-0.934863870539834,-0.9481309019463229,-0.6934583513405013,-0.934863870539834,-0.9481309019463229,-0.6934583513405013,50,7.698510208105226,4.6176702307482635,350,4,350,0.0002,10,0.05,9.242520332336426,14.98046875,0.6759954690933228,0.3940935730934143,0,0,0,0,0,0,1,2,9.242519855499268,14.98046875,50,4.973223567172203,4.9763664412609065,4.981600086545281,7,0.006631774909423688,False,completed,7.894351482391357,14.98046875,0.05,0.01,,,0.5319148936170213,100,2.0134077072143555,67.8022,3.761,3.761,,,,,,,,,,,,,,,,,,,,,,,,,,,,,,,,,,,,,,,
llama3_8b_qlora_l40_protocol_v3_phase2_r64_seed42__1776867625,llama3_8b_qlora_l40_protocol_v3_phase2_r64_seed42,qlora,train_and_eval,protocol_v3,logging_v2,meta-llama/Meta-Llama-3-8B,True,False,42,64,128,350,8,1024,8.316989216966332,7.382125346426498,7.382125346426498,2715.3735,0.129,completed,outputs/experiments/protocol_v3/llama3_8b_qlora_l40_protocol_v3_phase2_r64_seed42/reports/comparison_row.json,outputs/experiments/protocol_v3/llama3_8b_qlora_l40_protocol_v3_phase2_r64_seed42/reports/metrics_history.jsonl,100,0.5319148936170213,eval,2026-04-22T15:07:54.715294+00:00,,8.768091201782227,9.31640625,8.646641110051549,5.311128582088765,7.698510208105226,4.6176702307482635,350,-0.934863870539834,-0.9481309019463229,-0.6934583513405013,-0.934863870539834,-0.9481309019463229,-0.6934583513405013,50,7.698510208105226,4.6176702307482635,350,4,350,0.0002,10,0.05,9.242520332336426,14.98046875,0.6759954690933228,0.3940935730934143,0,0,0,0,0,0,1,2,9.242519855499268,14.98046875,50,4.973223567172203,4.9763664412609065,4.981600086545281,7,0.006631774909423688,False,completed,7.894351482391357,14.98046875,0.05,0.01,,,0.5319148936170213,100,,,,,2.0539157390594482,62.2184,3.761,3.761,,,,,,,,,,,,,,,,,,,,,,,,,,,,,,,,,,,
llama3_8b_qlora_l40_protocol_v3_phase2_r64_seed42__1776867625,llama3_8b_qlora_l40_protocol_v3_phase2_r64_seed42,qlora,train_and_eval,protocol_v3,logging_v2,meta-llama/Meta-Llama-3-8B,True,False,42,64,128,350,8,1024,8.316989216966332,7.382125346426498,7.382125346426498,2715.3735,0.129,completed,outputs/experiments/protocol_v3/llama3_8b_qlora_l40_protocol_v3_phase2_r64_seed42/reports/comparison_row.json,outputs/experiments/protocol_v3/llama3_8b_qlora_l40_protocol_v3_phase2_r64_seed42/reports/metrics_history.jsonl,100,0.5319148936170213,eval,2026-04-22T15:07:54.715298+00:00,,8.768091201782227,9.31640625,8.646641110051549,5.311128582088765,7.698510208105226,4.6176702307482635,350,-0.934863870539834,-0.9481309019463229,-0.6934583513405013,-0.934863870539834,-0.9481309019463229,-0.6934583513405013,50,7.698510208105226,4.6176702307482635,350,4,350,0.0002,10,0.05,9.242520332336426,14.98046875,0.6759954690933228,0.3940935730934143,0,0,0,0,0,0,1,2,9.242519855499268,14.98046875,50,4.973223567172203,4.9763664412609065,4.981600086545281,7,0.006631774909423688,False,completed,7.894351482391357,14.98046875,0.05,0.01,,,0.5319148936170213,100,,,,,,,,,1.5589016675949097,5.5868,3.759,3.759,,,,,,,,,,,,,,,,,,,,,,,,,,,,,,,
llama3_8b_qlora_l40_protocol_v3_phase2_r64_seed42__1776867625,llama3_8b_qlora_l40_protocol_v3_phase2_r64_seed42,qlora,train_and_eval,protocol_v3,logging_v2,meta-llama/Meta-Llama-3-8B,True,False,42,64,128,350,8,1024,8.316989216966332,7.382125346426498,7.382125346426498,2715.3735,0.129,completed,outputs/experiments/protocol_v3/llama3_8b_qlora_l40_protocol_v3_phase2_r64_seed42/reports/comparison_row.json,outputs/experiments/protocol_v3/llama3_8b_qlora_l40_protocol_v3_phase2_r64_seed42/reports/metrics_history.jsonl,100,0.5319148936170213,eval,2026-04-22T15:07:54.715305+00:00,,8.768091201782227,9.31640625,8.646641110051549,5.311128582088765,7.698510208105226,4.6176702307482635,350,-0.934863870539834,-0.9481309019463229,-0.6934583513405013,-0.934863870539834,-0.9481309019463229,-0.6934583513405013,50,7.698510208105226,4.6176702307482635,350,4,350,0.0002,10,0.05,9.242520332336426,14.98046875,0.6759954690933228,0.3940935730934143,0,0,0,0,0,0,1,2,9.242519855499268,14.98046875,50,4.973223567172203,4.9763664412609065,4.981600086545281,7,0.006631774909423688,False,completed,7.894351482391357,14.98046875,0.05,0.01,,,0.5319148936170213,100,2.0134077072143555,67.8022,3.761,3.761,2.0539157390594482,62.2184,3.761,3.761,1.5589016675949097,5.5868,3.759,3.759,7.48879353072022,9.242520332336426,14.978515625,9.242520332336426,14.978515625,9.242520332336426,14.978515625,7.798377810547637,9.242520332336426,14.978515625,9.242520332336426,14.978515625,9.242520332336426,14.978515625,4.753597346867809,9.242519855499268,14.978515625,9.242519855499268,14.978515625,9.242519855499268,14.978515625,4.9763664412609065,4.978837442991789,4.980219258200668,0.0056218181146766135,50,,,,,
llama3_8b_qlora_l40_protocol_v3_phase2_r64_seed42__1776867625,llama3_8b_qlora_l40_protocol_v3_phase2_r64_seed42,qlora,train_and_eval,protocol_v3,logging_v2,meta-llama/Meta-Llama-3-8B,True,False,42,64,128,350,8,1024,8.316989216966332,7.382125346426498,7.382125346426498,2715.3735,0.129,completed,outputs/experiments/protocol_v3/llama3_8b_qlora_l40_protocol_v3_phase2_r64_seed42/reports/comparison_row.json,outputs/experiments/protocol_v3/llama3_8b_qlora_l40_protocol_v3_phase2_r64_seed42/reports/metrics_history.jsonl,110,0.5851063829787234,train_log,2026-04-22T15:07:54.715312+00:00,2.0122,8.768091201782227,9.31640625,8.646641110051549,5.311128582088765,7.698510208105226,4.6176702307482635,350,-0.934863870539834,-0.9481309019463229,-0.6934583513405013,-0.934863870539834,-0.9481309019463229,-0.6934583513405013,50,7.698510208105226,4.6176702307482635,350,4,350,0.0002,10,0.05,9.242520332336426,14.98046875,0.6759954690933228,0.3940935730934143,0,0,0,0,0,0,1,2,9.242519855499268,14.98046875,50,4.973223567172203,4.9763664412609065,4.981600086545281,7,0.006631774909423688,False,completed,7.894351482391357,14.98046875,0.05,0.01,0.4075545072555542,0.00014457831325301204,0.5851063829787234,110,,,,,,,,,,,,,,,,,,,,,,,,,,,,,,,,,,,,,,,,,,,
llama3_8b_qlora_l40_protocol_v3_phase2_r64_seed42__1776867625,llama3_8b_qlora_l40_protocol_v3_phase2_r64_seed42,qlora,train_and_eval,protocol_v3,logging_v2,meta-llama/Meta-Llama-3-8B,True,False,42,64,128,350,8,1024,8.316989216966332,7.382125346426498,7.382125346426498,2715.3735,0.129,completed,outputs/experiments/protocol_v3/llama3_8b_qlora_l40_protocol_v3_phase2_r64_seed42/reports/comparison_row.json,outputs/experiments/protocol_v3/llama3_8b_qlora_l40_protocol_v3_phase2_r64_seed42/reports/metrics_history.jsonl,120,0.6382978723404256,train_log,2026-04-22T15:07:54.715316+00:00,1.949,8.768091201782227,9.31640625,8.646641110051549,5.311128582088765,7.698510208105226,4.6176702307482635,350,-0.934863870539834,-0.9481309019463229,-0.6934583513405013,-0.934863870539834,-0.9481309019463229,-0.6934583513405013,50,7.698510208105226,4.6176702307482635,350,4,350,0.0002,10,0.05,9.242520332336426,14.98046875,0.6759954690933228,0.3940935730934143,0,0,0,0,0,0,1,2,9.242519855499268,14.98046875,50,4.973223567172203,4.9763664412609065,4.981600086545281,7,0.006631774909423688,False,completed,7.894351482391357,14.98046875,0.05,0.01,0.41952598094940186,0.00013855421686746988,0.6382978723404256,120,,,,,,,,,,,,,,,,,,,,,,,,,,,,,,,,,,,,,,,,,,,
llama3_8b_qlora_l40_protocol_v3_phase2_r64_seed42__1776867625,llama3_8b_qlora_l40_protocol_v3_phase2_r64_seed42,qlora,train_and_eval,protocol_v3,logging_v2,meta-llama/Meta-Llama-3-8B,True,False,42,64,128,350,8,1024,8.316989216966332,7.382125346426498,7.382125346426498,2715.3735,0.129,completed,outputs/experiments/protocol_v3/llama3_8b_qlora_l40_protocol_v3_phase2_r64_seed42/reports/comparison_row.json,outputs/experiments/protocol_v3/llama3_8b_qlora_l40_protocol_v3_phase2_r64_seed42/reports/metrics_history.jsonl,130,0.6914893617021277,train_log,2026-04-22T15:07:54.715320+00:00,1.9634,8.768091201782227,9.31640625,8.646641110051549,5.311128582088765,7.698510208105226,4.6176702307482635,350,-0.934863870539834,-0.9481309019463229,-0.6934583513405013,-0.934863870539834,-0.9481309019463229,-0.6934583513405013,50,7.698510208105226,4.6176702307482635,350,4,350,0.0002,10,0.05,9.242520332336426,14.98046875,0.6759954690933228,0.3940935730934143,0,0,0,0,0,0,1,2,9.242519855499268,14.98046875,50,4.973223567172203,4.9763664412609065,4.981600086545281,7,0.006631774909423688,False,completed,7.894351482391357,14.98046875,0.05,0.01,0.3940935730934143,0.00013253012048192772,0.6914893617021277,130,,,,,,,,,,,,,,,,,,,,,,,,,,,,,,,,,,,,,,,,,,,
llama3_8b_qlora_l40_protocol_v3_phase2_r64_seed42__1776867625,llama3_8b_qlora_l40_protocol_v3_phase2_r64_seed42,qlora,train_and_eval,protocol_v3,logging_v2,meta-llama/Meta-Llama-3-8B,True,False,42,64,128,350,8,1024,8.316989216966332,7.382125346426498,7.382125346426498,2715.3735,0.129,completed,outputs/experiments/protocol_v3/llama3_8b_qlora_l40_protocol_v3_phase2_r64_seed42/reports/comparison_row.json,outputs/experiments/protocol_v3/llama3_8b_qlora_l40_protocol_v3_phase2_r64_seed42/reports/metrics_history.jsonl,140,0.7446808510638298,train_log,2026-04-22T15:07:54.715323+00:00,1.9948,8.768091201782227,9.31640625,8.646641110051549,5.311128582088765,7.698510208105226,4.6176702307482635,350,-0.934863870539834,-0.9481309019463229,-0.6934583513405013,-0.934863870539834,-0.9481309019463229,-0.6934583513405013,50,7.698510208105226,4.6176702307482635,350,4,350,0.0002,10,0.05,9.242520332336426,14.98046875,0.6759954690933228,0.3940935730934143,0,0,0,0,0,0,1,2,9.242519855499268,14.98046875,50,4.973223567172203,4.9763664412609065,4.981600086545281,7,0.006631774909423688,False,completed,7.894351482391357,14.98046875,0.05,0.01,0.4321820139884949,0.00012650602409638556,0.7446808510638298,140,,,,,,,,,,,,,,,,,,,,,,,,,,,,,,,,,,,,,,,,,,,
llama3_8b_qlora_l40_protocol_v3_phase2_r64_seed42__1776867625,llama3_8b_qlora_l40_protocol_v3_phase2_r64_seed42,qlora,train_and_eval,protocol_v3,logging_v2,meta-llama/Meta-Llama-3-8B,True,False,42,64,128,350,8,1024,8.316989216966332,7.382125346426498,7.382125346426498,2715.3735,0.129,completed,outputs/experiments/protocol_v3/llama3_8b_qlora_l40_protocol_v3_phase2_r64_seed42/reports/comparison_row.json,outputs/experiments/protocol_v3/llama3_8b_qlora_l40_protocol_v3_phase2_r64_seed42/reports/metrics_history.jsonl,150,0.7978723404255319,train_log,2026-04-22T15:07:54.715327+00:00,1.9492,8.768091201782227,9.31640625,8.646641110051549,5.311128582088765,7.698510208105226,4.6176702307482635,350,-0.934863870539834,-0.9481309019463229,-0.6934583513405013,-0.934863870539834,-0.9481309019463229,-0.6934583513405013,50,7.698510208105226,4.6176702307482635,350,4,350,0.0002,10,0.05,9.242520332336426,14.98046875,0.6759954690933228,0.3940935730934143,0,0,0,0,0,0,1,2,9.242519855499268,14.98046875,50,4.973223567172203,4.9763664412609065,4.981600086545281,7,0.006631774909423688,False,completed,7.894351482391357,14.98046875,0.05,0.01,0.43059927225112915,0.0001204819277108434,0.7978723404255319,150,,,,,,,,,,,,,,,,,,,,,,,,,,,,,,,,,,,,,,,,,,,
llama3_8b_qlora_l40_protocol_v3_phase2_r64_seed42__1776867625,llama3_8b_qlora_l40_protocol_v3_phase2_r64_seed42,qlora,train_and_eval,protocol_v3,logging_v2,meta-llama/Meta-Llama-3-8B,True,False,42,64,128,350,8,1024,8.316989216966332,7.382125346426498,7.382125346426498,2715.3735,0.129,completed,outputs/experiments/protocol_v3/llama3_8b_qlora_l40_protocol_v3_phase2_r64_seed42/reports/comparison_row.json,outputs/experiments/protocol_v3/llama3_8b_qlora_l40_protocol_v3_phase2_r64_seed42/reports/metrics_history.jsonl,150,0.7978723404255319,eval,2026-04-22T15:07:54.715330+00:00,,8.768091201782227,9.31640625,8.646641110051549,5.311128582088765,7.698510208105226,4.6176702307482635,350,-0.934863870539834,-0.9481309019463229,-0.6934583513405013,-0.934863870539834,-0.9481309019463229,-0.6934583513405013,50,7.698510208105226,4.6176702307482635,350,4,350,0.0002,10,0.05,9.242520332336426,14.98046875,0.6759954690933228,0.3940935730934143,0,0,0,0,0,0,1,2,9.242519855499268,14.98046875,50,4.973223567172203,4.9763664412609065,4.981600086545281,7,0.006631774909423688,False,completed,7.894351482391357,14.98046875,0.05,0.01,,,0.7978723404255319,150,2.002720594406128,67.7432,3.764,3.764,,,,,,,,,,,,,,,,,,,,,,,,,,,,,,,,,,,,,,,
llama3_8b_qlora_l40_protocol_v3_phase2_r64_seed42__1776867625,llama3_8b_qlora_l40_protocol_v3_phase2_r64_seed42,qlora,train_and_eval,protocol_v3,logging_v2,meta-llama/Meta-Llama-3-8B,True,False,42,64,128,350,8,1024,8.316989216966332,7.382125346426498,7.382125346426498,2715.3735,0.129,completed,outputs/experiments/protocol_v3/llama3_8b_qlora_l40_protocol_v3_phase2_r64_seed42/reports/comparison_row.json,outputs/experiments/protocol_v3/llama3_8b_qlora_l40_protocol_v3_phase2_r64_seed42/reports/metrics_history.jsonl,150,0.7978723404255319,eval,2026-04-22T15:07:54.715334+00:00,,8.768091201782227,9.31640625,8.646641110051549,5.311128582088765,7.698510208105226,4.6176702307482635,350,-0.934863870539834,-0.9481309019463229,-0.6934583513405013,-0.934863870539834,-0.9481309019463229,-0.6934583513405013,50,7.698510208105226,4.6176702307482635,350,4,350,0.0002,10,0.05,9.242520332336426,14.98046875,0.6759954690933228,0.3940935730934143,0,0,0,0,0,0,1,2,9.242519855499268,14.98046875,50,4.973223567172203,4.9763664412609065,4.981600086545281,7,0.006631774909423688,False,completed,7.894351482391357,14.98046875,0.05,0.01,,,0.7978723404255319,150,,,,,2.043595552444458,62.1753,3.764,3.764,,,,,,,,,,,,,,,,,,,,,,,,,,,,,,,,,,,
llama3_8b_qlora_l40_protocol_v3_phase2_r64_seed42__1776867625,llama3_8b_qlora_l40_protocol_v3_phase2_r64_seed42,qlora,train_and_eval,protocol_v3,logging_v2,meta-llama/Meta-Llama-3-8B,True,False,42,64,128,350,8,1024,8.316989216966332,7.382125346426498,7.382125346426498,2715.3735,0.129,completed,outputs/experiments/protocol_v3/llama3_8b_qlora_l40_protocol_v3_phase2_r64_seed42/reports/comparison_row.json,outputs/experiments/protocol_v3/llama3_8b_qlora_l40_protocol_v3_phase2_r64_seed42/reports/metrics_history.jsonl,150,0.7978723404255319,eval,2026-04-22T15:07:54.715338+00:00,,8.768091201782227,9.31640625,8.646641110051549,5.311128582088765,7.698510208105226,4.6176702307482635,350,-0.934863870539834,-0.9481309019463229,-0.6934583513405013,-0.934863870539834,-0.9481309019463229,-0.6934583513405013,50,7.698510208105226,4.6176702307482635,350,4,350,0.0002,10,0.05,9.242520332336426,14.98046875,0.6759954690933228,0.3940935730934143,0,0,0,0,0,0,1,2,9.242519855499268,14.98046875,50,4.973223567172203,4.9763664412609065,4.981600086545281,7,0.006631774909423688,False,completed,7.894351482391357,14.98046875,0.05,0.01,,,0.7978723404255319,150,,,,,,,,,1.5463640689849854,5.582,3.762,3.762,,,,,,,,,,,,,,,,,,,,,,,,,,,,,,,
llama3_8b_qlora_l40_protocol_v3_phase2_r64_seed42__1776867625,llama3_8b_qlora_l40_protocol_v3_phase2_r64_seed42,qlora,train_and_eval,protocol_v3,logging_v2,meta-llama/Meta-Llama-3-8B,True,False,42,64,128,350,8,1024,8.316989216966332,7.382125346426498,7.382125346426498,2715.3735,0.129,completed,outputs/experiments/protocol_v3/llama3_8b_qlora_l40_protocol_v3_phase2_r64_seed42/reports/comparison_row.json,outputs/experiments/protocol_v3/llama3_8b_qlora_l40_protocol_v3_phase2_r64_seed42/reports/metrics_history.jsonl,150,0.7978723404255319,eval,2026-04-22T15:07:54.715345+00:00,,8.768091201782227,9.31640625,8.646641110051549,5.311128582088765,7.698510208105226,4.6176702307482635,350,-0.934863870539834,-0.9481309019463229,-0.6934583513405013,-0.934863870539834,-0.9481309019463229,-0.6934583513405013,50,7.698510208105226,4.6176702307482635,350,4,350,0.0002,10,0.05,9.242520332336426,14.98046875,0.6759954690933228,0.3940935730934143,0,0,0,0,0,0,1,2,9.242519855499268,14.98046875,50,4.973223567172203,4.9763664412609065,4.981600086545281,7,0.006631774909423688,False,completed,7.894351482391357,14.98046875,0.05,0.01,,,0.7978723404255319,150,2.002720594406128,67.7432,3.764,3.764,2.043595552444458,62.1753,3.764,3.764,1.5463640689849854,5.582,3.762,3.762,7.409186093979693,9.242520332336426,14.978515625,9.242520332336426,14.978515625,9.242520332336426,14.978515625,7.71831095930559,9.242520332336426,14.978515625,9.242520332336426,14.978515625,9.242520332336426,14.978515625,4.694370707122052,9.242519855499268,14.978515625,9.242519855499268,14.978515625,9.242519855499268,14.978515625,4.976438381421612,4.976794626010815,4.979071870690678,0.0024162169632159195,50,,,,,
llama3_8b_qlora_l40_protocol_v3_phase2_r64_seed42__1776867625,llama3_8b_qlora_l40_protocol_v3_phase2_r64_seed42,qlora,train_and_eval,protocol_v3,logging_v2,meta-llama/Meta-Llama-3-8B,True,False,42,64,128,350,8,1024,8.316989216966332,7.382125346426498,7.382125346426498,2715.3735,0.129,completed,outputs/experiments/protocol_v3/llama3_8b_qlora_l40_protocol_v3_phase2_r64_seed42/reports/comparison_row.json,outputs/experiments/protocol_v3/llama3_8b_qlora_l40_protocol_v3_phase2_r64_seed42/reports/metrics_history.jsonl,160,0.851063829787234,train_log,2026-04-22T15:07:54.715352+00:00,1.9189,8.768091201782227,9.31640625,8.646641110051549,5.311128582088765,7.698510208105226,4.6176702307482635,350,-0.934863870539834,-0.9481309019463229,-0.6934583513405013,-0.934863870539834,-0.9481309019463229,-0.6934583513405013,50,7.698510208105226,4.6176702307482635,350,4,350,0.0002,10,0.05,9.242520332336426,14.98046875,0.6759954690933228,0.3940935730934143,0,0,0,0,0,0,1,2,9.242519855499268,14.98046875,50,4.973223567172203,4.9763664412609065,4.981600086545281,7,0.006631774909423688,False,completed,7.894351482391357,14.98046875,0.05,0.01,0.4582155644893646,0.0001144578313253012,0.851063829787234,160,,,,,,,,,,,,,,,,,,,,,,,,,,,,,,,,,,,,,,,,,,,
llama3_8b_qlora_l40_protocol_v3_phase2_r64_seed42__1776867625,llama3_8b_qlora_l40_protocol_v3_phase2_r64_seed42,qlora,train_and_eval,protocol_v3,logging_v2,meta-llama/Meta-Llama-3-8B,True,False,42,64,128,350,8,1024,8.316989216966332,7.382125346426498,7.382125346426498,2715.3735,0.129,completed,outputs/experiments/protocol_v3/llama3_8b_qlora_l40_protocol_v3_phase2_r64_seed42/reports/comparison_row.json,outputs/experiments/protocol_v3/llama3_8b_qlora_l40_protocol_v3_phase2_r64_seed42/reports/metrics_history.jsonl,170,0.9042553191489362,train_log,2026-04-22T15:07:54.715355+00:00,1.9436,8.768091201782227,9.31640625,8.646641110051549,5.311128582088765,7.698510208105226,4.6176702307482635,350,-0.934863870539834,-0.9481309019463229,-0.6934583513405013,-0.934863870539834,-0.9481309019463229,-0.6934583513405013,50,7.698510208105226,4.6176702307482635,350,4,350,0.0002,10,0.05,9.242520332336426,14.98046875,0.6759954690933228,0.3940935730934143,0,0,0,0,0,0,1,2,9.242519855499268,14.98046875,50,4.973223567172203,4.9763664412609065,4.981600086545281,7,0.006631774909423688,False,completed,7.894351482391357,14.98046875,0.05,0.01,0.4492800831794739,0.00010843373493975903,0.9042553191489362,170,,,,,,,,,,,,,,,,,,,,,,,,,,,,,,,,,,,,,,,,,,,
llama3_8b_qlora_l40_protocol_v3_phase2_r64_seed42__1776867625,llama3_8b_qlora_l40_protocol_v3_phase2_r64_seed42,qlora,train_and_eval,protocol_v3,logging_v2,meta-llama/Meta-Llama-3-8B,True,False,42,64,128,350,8,1024,8.316989216966332,7.382125346426498,7.382125346426498,2715.3735,0.129,completed,outputs/experiments/protocol_v3/llama3_8b_qlora_l40_protocol_v3_phase2_r64_seed42/reports/comparison_row.json,outputs/experiments/protocol_v3/llama3_8b_qlora_l40_protocol_v3_phase2_r64_seed42/reports/metrics_history.jsonl,180,0.9574468085106383,train_log,2026-04-22T15:07:54.715359+00:00,1.9694,8.768091201782227,9.31640625,8.646641110051549,5.311128582088765,7.698510208105226,4.6176702307482635,350,-0.934863870539834,-0.9481309019463229,-0.6934583513405013,-0.934863870539834,-0.9481309019463229,-0.6934583513405013,50,7.698510208105226,4.6176702307482635,350,4,350,0.0002,10,0.05,9.242520332336426,14.98046875,0.6759954690933228,0.3940935730934143,0,0,0,0,0,0,1,2,9.242519855499268,14.98046875,50,4.973223567172203,4.9763664412609065,4.981600086545281,7,0.006631774909423688,False,completed,7.894351482391357,14.98046875,0.05,0.01,0.4005524218082428,0.00010240963855421688,0.9574468085106383,180,,,,,,,,,,,,,,,,,,,,,,,,,,,,,,,,,,,,,,,,,,,
llama3_8b_qlora_l40_protocol_v3_phase2_r64_seed42__1776867625,llama3_8b_qlora_l40_protocol_v3_phase2_r64_seed42,qlora,train_and_eval,protocol_v3,logging_v2,meta-llama/Meta-Llama-3-8B,True,False,42,64,128,350,8,1024,8.316989216966332,7.382125346426498,7.382125346426498,2715.3735,0.129,completed,outputs/experiments/protocol_v3/llama3_8b_qlora_l40_protocol_v3_phase2_r64_seed42/reports/comparison_row.json,outputs/experiments/protocol_v3/llama3_8b_qlora_l40_protocol_v3_phase2_r64_seed42/reports/metrics_history.jsonl,190,1.0106382978723405,train_log,2026-04-22T15:07:54.715362+00:00,1.9171,8.768091201782227,9.31640625,8.646641110051549,5.311128582088765,7.698510208105226,4.6176702307482635,350,-0.934863870539834,-0.9481309019463229,-0.6934583513405013,-0.934863870539834,-0.9481309019463229,-0.6934583513405013,50,7.698510208105226,4.6176702307482635,350,4,350,0.0002,10,0.05,9.242520332336426,14.98046875,0.6759954690933228,0.3940935730934143,0,0,0,0,0,0,1,2,9.242519855499268,14.98046875,50,4.973223567172203,4.9763664412609065,4.981600086545281,7,0.006631774909423688,False,completed,7.894351482391357,14.98046875,0.05,0.01,0.6759954690933228,9.638554216867471e-05,1.0106382978723405,190,,,,,,,,,,,,,,,,,,,,,,,,,,,,,,,,,,,,,,,,,,,
llama3_8b_qlora_l40_protocol_v3_phase2_r64_seed42__1776867625,llama3_8b_qlora_l40_protocol_v3_phase2_r64_seed42,qlora,train_and_eval,protocol_v3,logging_v2,meta-llama/Meta-Llama-3-8B,True,False,42,64,128,350,8,1024,8.316989216966332,7.382125346426498,7.382125346426498,2715.3735,0.129,completed,outputs/experiments/protocol_v3/llama3_8b_qlora_l40_protocol_v3_phase2_r64_seed42/reports/comparison_row.json,outputs/experiments/protocol_v3/llama3_8b_qlora_l40_protocol_v3_phase2_r64_seed42/reports/metrics_history.jsonl,200,1.0638297872340425,train_log,2026-04-22T15:07:54.715366+00:00,1.8304,8.768091201782227,9.31640625,8.646641110051549,5.311128582088765,7.698510208105226,4.6176702307482635,350,-0.934863870539834,-0.9481309019463229,-0.6934583513405013,-0.934863870539834,-0.9481309019463229,-0.6934583513405013,50,7.698510208105226,4.6176702307482635,350,4,350,0.0002,10,0.05,9.242520332336426,14.98046875,0.6759954690933228,0.3940935730934143,0,0,0,0,0,0,1,2,9.242519855499268,14.98046875,50,4.973223567172203,4.9763664412609065,4.981600086545281,7,0.006631774909423688,False,completed,7.894351482391357,14.98046875,0.05,0.01,0.41464149951934814,9.036144578313253e-05,1.0638297872340425,200,,,,,,,,,,,,,,,,,,,,,,,,,,,,,,,,,,,,,,,,,,,
llama3_8b_qlora_l40_protocol_v3_phase2_r64_seed42__1776867625,llama3_8b_qlora_l40_protocol_v3_phase2_r64_seed42,qlora,train_and_eval,protocol_v3,logging_v2,meta-llama/Meta-Llama-3-8B,True,False,42,64,128,350,8,1024,8.316989216966332,7.382125346426498,7.382125346426498,2715.3735,0.129,completed,outputs/experiments/protocol_v3/llama3_8b_qlora_l40_protocol_v3_phase2_r64_seed42/reports/comparison_row.json,outputs/experiments/protocol_v3/llama3_8b_qlora_l40_protocol_v3_phase2_r64_seed42/reports/metrics_history.jsonl,200,1.0638297872340425,eval,2026-04-22T15:07:54.715370+00:00,,8.768091201782227,9.31640625,8.646641110051549,5.311128582088765,7.698510208105226,4.6176702307482635,350,-0.934863870539834,-0.9481309019463229,-0.6934583513405013,-0.934863870539834,-0.9481309019463229,-0.6934583513405013,50,7.698510208105226,4.6176702307482635,350,4,350,0.0002,10,0.05,9.242520332336426,14.98046875,0.6759954690933228,0.3940935730934143,0,0,0,0,0,0,1,2,9.242519855499268,14.98046875,50,4.973223567172203,4.9763664412609065,4.981600086545281,7,0.006631774909423688,False,completed,7.894351482391357,14.98046875,0.05,0.01,,,1.0638297872340425,200,2.0019094944000244,67.7751,3.762,3.762,,,,,,,,,,,,,,,,,,,,,,,,,,,,,,,,,,,,,,,
llama3_8b_qlora_l40_protocol_v3_phase2_r64_seed42__1776867625,llama3_8b_qlora_l40_protocol_v3_phase2_r64_seed42,qlora,train_and_eval,protocol_v3,logging_v2,meta-llama/Meta-Llama-3-8B,True,False,42,64,128,350,8,1024,8.316989216966332,7.382125346426498,7.382125346426498,2715.3735,0.129,completed,outputs/experiments/protocol_v3/llama3_8b_qlora_l40_protocol_v3_phase2_r64_seed42/reports/comparison_row.json,outputs/experiments/protocol_v3/llama3_8b_qlora_l40_protocol_v3_phase2_r64_seed42/reports/metrics_history.jsonl,200,1.0638297872340425,eval,2026-04-22T15:07:54.715374+00:00,,8.768091201782227,9.31640625,8.646641110051549,5.311128582088765,7.698510208105226,4.6176702307482635,350,-0.934863870539834,-0.9481309019463229,-0.6934583513405013,-0.934863870539834,-0.9481309019463229,-0.6934583513405013,50,7.698510208105226,4.6176702307482635,350,4,350,0.0002,10,0.05,9.242520332336426,14.98046875,0.6759954690933228,0.3940935730934143,0,0,0,0,0,0,1,2,9.242519855499268,14.98046875,50,4.973223567172203,4.9763664412609065,4.981600086545281,7,0.006631774909423688,False,completed,7.894351482391357,14.98046875,0.05,0.01,,,1.0638297872340425,200,,,,,2.0435335636138916,62.202,3.762,3.762,,,,,,,,,,,,,,,,,,,,,,,,,,,,,,,,,,,
llama3_8b_qlora_l40_protocol_v3_phase2_r64_seed42__1776867625,llama3_8b_qlora_l40_protocol_v3_phase2_r64_seed42,qlora,train_and_eval,protocol_v3,logging_v2,meta-llama/Meta-Llama-3-8B,True,False,42,64,128,350,8,1024,8.316989216966332,7.382125346426498,7.382125346426498,2715.3735,0.129,completed,outputs/experiments/protocol_v3/llama3_8b_qlora_l40_protocol_v3_phase2_r64_seed42/reports/comparison_row.json,outputs/experiments/protocol_v3/llama3_8b_qlora_l40_protocol_v3_phase2_r64_seed42/reports/metrics_history.jsonl,200,1.0638297872340425,eval,2026-04-22T15:07:54.715378+00:00,,8.768091201782227,9.31640625,8.646641110051549,5.311128582088765,7.698510208105226,4.6176702307482635,350,-0.934863870539834,-0.9481309019463229,-0.6934583513405013,-0.934863870539834,-0.9481309019463229,-0.6934583513405013,50,7.698510208105226,4.6176702307482635,350,4,350,0.0002,10,0.05,9.242520332336426,14.98046875,0.6759954690933228,0.3940935730934143,0,0,0,0,0,0,1,2,9.242519855499268,14.98046875,50,4.973223567172203,4.9763664412609065,4.981600086545281,7,0.006631774909423688,False,completed,7.894351482391357,14.98046875,0.05,0.01,,,1.0638297872340425,200,,,,,,,,,1.5362138748168945,5.5851,3.76,3.76,,,,,,,,,,,,,,,,,,,,,,,,,,,,,,,
llama3_8b_qlora_l40_protocol_v3_phase2_r64_seed42__1776867625,llama3_8b_qlora_l40_protocol_v3_phase2_r64_seed42,qlora,train_and_eval,protocol_v3,logging_v2,meta-llama/Meta-Llama-3-8B,True,False,42,64,128,350,8,1024,8.316989216966332,7.382125346426498,7.382125346426498,2715.3735,0.129,completed,outputs/experiments/protocol_v3/llama3_8b_qlora_l40_protocol_v3_phase2_r64_seed42/reports/comparison_row.json,outputs/experiments/protocol_v3/llama3_8b_qlora_l40_protocol_v3_phase2_r64_seed42/reports/metrics_history.jsonl,200,1.0638297872340425,eval,2026-04-22T15:07:54.715384+00:00,,8.768091201782227,9.31640625,8.646641110051549,5.311128582088765,7.698510208105226,4.6176702307482635,350,-0.934863870539834,-0.9481309019463229,-0.6934583513405013,-0.934863870539834,-0.9481309019463229,-0.6934583513405013,50,7.698510208105226,4.6176702307482635,350,4,350,0.0002,10,0.05,9.242520332336426,14.98046875,0.6759954690933228,0.3940935730934143,0,0,0,0,0,0,1,2,9.242519855499268,14.98046875,50,4.973223567172203,4.9763664412609065,4.981600086545281,7,0.006631774909423688,False,completed,7.894351482391357,14.98046875,0.05,0.01,,,1.0638297872340425,200,2.0019094944000244,67.7751,3.762,3.762,2.0435335636138916,62.202,3.762,3.762,1.5362138748168945,5.5851,3.76,3.76,7.4031789396244445,9.242520332336426,14.98046875,9.242520332336426,14.98046875,9.242520332336426,14.98046875,7.7178325250642175,9.242520332336426,14.98046875,9.242520332336426,14.98046875,9.242520332336426,14.98046875,4.646962938993992,9.242519855499268,14.98046875,9.242519855499268,14.98046875,9.242519855499268,14.98046875,4.978652435981785,4.978579204995185,4.980168400063121,0.0008593036411508022,50,,,,,
llama3_8b_qlora_l40_protocol_v3_phase2_r64_seed42__1776867625,llama3_8b_qlora_l40_protocol_v3_phase2_r64_seed42,qlora,train_and_eval,protocol_v3,logging_v2,meta-llama/Meta-Llama-3-8B,True,False,42,64,128,350,8,1024,8.316989216966332,7.382125346426498,7.382125346426498,2715.3735,0.129,completed,outputs/experiments/protocol_v3/llama3_8b_qlora_l40_protocol_v3_phase2_r64_seed42/reports/comparison_row.json,outputs/experiments/protocol_v3/llama3_8b_qlora_l40_protocol_v3_phase2_r64_seed42/reports/metrics_history.jsonl,210,1.1170212765957448,train_log,2026-04-22T15:07:54.715391+00:00,1.7588,8.768091201782227,9.31640625,8.646641110051549,5.311128582088765,7.698510208105226,4.6176702307482635,350,-0.934863870539834,-0.9481309019463229,-0.6934583513405013,-0.934863870539834,-0.9481309019463229,-0.6934583513405013,50,7.698510208105226,4.6176702307482635,350,4,350,0.0002,10,0.05,9.242520332336426,14.98046875,0.6759954690933228,0.3940935730934143,0,0,0,0,0,0,1,2,9.242519855499268,14.98046875,50,4.973223567172203,4.9763664412609065,4.981600086545281,7,0.006631774909423688,False,completed,7.894351482391357,14.98046875,0.05,0.01,0.5330590009689331,8.433734939759037e-05,1.1170212765957448,210,,,,,,,,,,,,,,,,,,,,,,,,,,,,,,,,,,,,,,,,,,,
llama3_8b_qlora_l40_protocol_v3_phase2_r64_seed42__1776867625,llama3_8b_qlora_l40_protocol_v3_phase2_r64_seed42,qlora,train_and_eval,protocol_v3,logging_v2,meta-llama/Meta-Llama-3-8B,True,False,42,64,128,350,8,1024,8.316989216966332,7.382125346426498,7.382125346426498,2715.3735,0.129,completed,outputs/experiments/protocol_v3/llama3_8b_qlora_l40_protocol_v3_phase2_r64_seed42/reports/comparison_row.json,outputs/experiments/protocol_v3/llama3_8b_qlora_l40_protocol_v3_phase2_r64_seed42/reports/metrics_history.jsonl,220,1.1702127659574468,train_log,2026-04-22T15:07:54.715395+00:00,1.8872,8.768091201782227,9.31640625,8.646641110051549,5.311128582088765,7.698510208105226,4.6176702307482635,350,-0.934863870539834,-0.9481309019463229,-0.6934583513405013,-0.934863870539834,-0.9481309019463229,-0.6934583513405013,50,7.698510208105226,4.6176702307482635,350,4,350,0.0002,10,0.05,9.242520332336426,14.98046875,0.6759954690933228,0.3940935730934143,0,0,0,0,0,0,1,2,9.242519855499268,14.98046875,50,4.973223567172203,4.9763664412609065,4.981600086545281,7,0.006631774909423688,False,completed,7.894351482391357,14.98046875,0.05,0.01,0.4529624283313751,7.83132530120482e-05,1.1702127659574468,220,,,,,,,,,,,,,,,,,,,,,,,,,,,,,,,,,,,,,,,,,,,
llama3_8b_qlora_l40_protocol_v3_phase2_r64_seed42__1776867625,llama3_8b_qlora_l40_protocol_v3_phase2_r64_seed42,qlora,train_and_eval,protocol_v3,logging_v2,meta-llama/Meta-Llama-3-8B,True,False,42,64,128,350,8,1024,8.316989216966332,7.382125346426498,7.382125346426498,2715.3735,0.129,completed,outputs/experiments/protocol_v3/llama3_8b_qlora_l40_protocol_v3_phase2_r64_seed42/reports/comparison_row.json,outputs/experiments/protocol_v3/llama3_8b_qlora_l40_protocol_v3_phase2_r64_seed42/reports/metrics_history.jsonl,230,1.2234042553191489,train_log,2026-04-22T15:07:54.715399+00:00,1.7634,8.768091201782227,9.31640625,8.646641110051549,5.311128582088765,7.698510208105226,4.6176702307482635,350,-0.934863870539834,-0.9481309019463229,-0.6934583513405013,-0.934863870539834,-0.9481309019463229,-0.6934583513405013,50,7.698510208105226,4.6176702307482635,350,4,350,0.0002,10,0.05,9.242520332336426,14.98046875,0.6759954690933228,0.3940935730934143,0,0,0,0,0,0,1,2,9.242519855499268,14.98046875,50,4.973223567172203,4.9763664412609065,4.981600086545281,7,0.006631774909423688,False,completed,7.894351482391357,14.98046875,0.05,0.01,0.5041276812553406,7.228915662650602e-05,1.2234042553191489,230,,,,,,,,,,,,,,,,,,,,,,,,,,,,,,,,,,,,,,,,,,,
llama3_8b_qlora_l40_protocol_v3_phase2_r64_seed42__1776867625,llama3_8b_qlora_l40_protocol_v3_phase2_r64_seed42,qlora,train_and_eval,protocol_v3,logging_v2,meta-llama/Meta-Llama-3-8B,True,False,42,64,128,350,8,1024,8.316989216966332,7.382125346426498,7.382125346426498,2715.3735,0.129,completed,outputs/experiments/protocol_v3/llama3_8b_qlora_l40_protocol_v3_phase2_r64_seed42/reports/comparison_row.json,outputs/experiments/protocol_v3/llama3_8b_qlora_l40_protocol_v3_phase2_r64_seed42/reports/metrics_history.jsonl,240,1.2765957446808511,train_log,2026-04-22T15:07:54.715403+00:00,1.8205,8.768091201782227,9.31640625,8.646641110051549,5.311128582088765,7.698510208105226,4.6176702307482635,350,-0.934863870539834,-0.9481309019463229,-0.6934583513405013,-0.934863870539834,-0.9481309019463229,-0.6934583513405013,50,7.698510208105226,4.6176702307482635,350,4,350,0.0002,10,0.05,9.242520332336426,14.98046875,0.6759954690933228,0.3940935730934143,0,0,0,0,0,0,1,2,9.242519855499268,14.98046875,50,4.973223567172203,4.9763664412609065,4.981600086545281,7,0.006631774909423688,False,completed,7.894351482391357,14.98046875,0.05,0.01,0.4628415107727051,6.626506024096386e-05,1.2765957446808511,240,,,,,,,,,,,,,,,,,,,,,,,,,,,,,,,,,,,,,,,,,,,
llama3_8b_qlora_l40_protocol_v3_phase2_r64_seed42__1776867625,llama3_8b_qlora_l40_protocol_v3_phase2_r64_seed42,qlora,train_and_eval,protocol_v3,logging_v2,meta-llama/Meta-Llama-3-8B,True,False,42,64,128,350,8,1024,8.316989216966332,7.382125346426498,7.382125346426498,2715.3735,0.129,completed,outputs/experiments/protocol_v3/llama3_8b_qlora_l40_protocol_v3_phase2_r64_seed42/reports/comparison_row.json,outputs/experiments/protocol_v3/llama3_8b_qlora_l40_protocol_v3_phase2_r64_seed42/reports/metrics_history.jsonl,250,1.3297872340425532,train_log,2026-04-22T15:07:54.715407+00:00,1.7918,8.768091201782227,9.31640625,8.646641110051549,5.311128582088765,7.698510208105226,4.6176702307482635,350,-0.934863870539834,-0.9481309019463229,-0.6934583513405013,-0.934863870539834,-0.9481309019463229,-0.6934583513405013,50,7.698510208105226,4.6176702307482635,350,4,350,0.0002,10,0.05,9.242520332336426,14.98046875,0.6759954690933228,0.3940935730934143,0,0,0,0,0,0,1,2,9.242519855499268,14.98046875,50,4.973223567172203,4.9763664412609065,4.981600086545281,7,0.006631774909423688,False,completed,7.894351482391357,14.98046875,0.05,0.01,0.49484819173812866,6.02409638554217e-05,1.3297872340425532,250,,,,,,,,,,,,,,,,,,,,,,,,,,,,,,,,,,,,,,,,,,,
llama3_8b_qlora_l40_protocol_v3_phase2_r64_seed42__1776867625,llama3_8b_qlora_l40_protocol_v3_phase2_r64_seed42,qlora,train_and_eval,protocol_v3,logging_v2,meta-llama/Meta-Llama-3-8B,True,False,42,64,128,350,8,1024,8.316989216966332,7.382125346426498,7.382125346426498,2715.3735,0.129,completed,outputs/experiments/protocol_v3/llama3_8b_qlora_l40_protocol_v3_phase2_r64_seed42/reports/comparison_row.json,outputs/experiments/protocol_v3/llama3_8b_qlora_l40_protocol_v3_phase2_r64_seed42/reports/metrics_history.jsonl,250,1.3297872340425532,eval,2026-04-22T15:07:54.715411+00:00,,8.768091201782227,9.31640625,8.646641110051549,5.311128582088765,7.698510208105226,4.6176702307482635,350,-0.934863870539834,-0.9481309019463229,-0.6934583513405013,-0.934863870539834,-0.9481309019463229,-0.6934583513405013,50,7.698510208105226,4.6176702307482635,350,4,350,0.0002,10,0.05,9.242520332336426,14.98046875,0.6759954690933228,0.3940935730934143,0,0,0,0,0,0,1,2,9.242519855499268,14.98046875,50,4.973223567172203,4.9763664412609065,4.981600086545281,7,0.006631774909423688,False,completed,7.894351482391357,14.98046875,0.05,0.01,,,1.3297872340425532,250,2.0041825771331787,67.6298,3.771,3.771,,,,,,,,,,,,,,,,,,,,,,,,,,,,,,,,,,,,,,,
llama3_8b_qlora_l40_protocol_v3_phase2_r64_seed42__1776867625,llama3_8b_qlora_l40_protocol_v3_phase2_r64_seed42,qlora,train_and_eval,protocol_v3,logging_v2,meta-llama/Meta-Llama-3-8B,True,False,42,64,128,350,8,1024,8.316989216966332,7.382125346426498,7.382125346426498,2715.3735,0.129,completed,outputs/experiments/protocol_v3/llama3_8b_qlora_l40_protocol_v3_phase2_r64_seed42/reports/comparison_row.json,outputs/experiments/protocol_v3/llama3_8b_qlora_l40_protocol_v3_phase2_r64_seed42/reports/metrics_history.jsonl,250,1.3297872340425532,eval,2026-04-22T15:07:54.715414+00:00,,8.768091201782227,9.31640625,8.646641110051549,5.311128582088765,7.698510208105226,4.6176702307482635,350,-0.934863870539834,-0.9481309019463229,-0.6934583513405013,-0.934863870539834,-0.9481309019463229,-0.6934583513405013,50,7.698510208105226,4.6176702307482635,350,4,350,0.0002,10,0.05,9.242520332336426,14.98046875,0.6759954690933228,0.3940935730934143,0,0,0,0,0,0,1,2,9.242519855499268,14.98046875,50,4.973223567172203,4.9763664412609065,4.981600086545281,7,0.006631774909423688,False,completed,7.894351482391357,14.98046875,0.05,0.01,,,1.3297872340425532,250,,,,,2.0457825660705566,62.0738,3.77,3.77,,,,,,,,,,,,,,,,,,,,,,,,,,,,,,,,,,,
llama3_8b_qlora_l40_protocol_v3_phase2_r64_seed42__1776867625,llama3_8b_qlora_l40_protocol_v3_phase2_r64_seed42,qlora,train_and_eval,protocol_v3,logging_v2,meta-llama/Meta-Llama-3-8B,True,False,42,64,128,350,8,1024,8.316989216966332,7.382125346426498,7.382125346426498,2715.3735,0.129,completed,outputs/experiments/protocol_v3/llama3_8b_qlora_l40_protocol_v3_phase2_r64_seed42/reports/comparison_row.json,outputs/experiments/protocol_v3/llama3_8b_qlora_l40_protocol_v3_phase2_r64_seed42/reports/metrics_history.jsonl,250,1.3297872340425532,eval,2026-04-22T15:07:54.715418+00:00,,8.768091201782227,9.31640625,8.646641110051549,5.311128582088765,7.698510208105226,4.6176702307482635,350,-0.934863870539834,-0.9481309019463229,-0.6934583513405013,-0.934863870539834,-0.9481309019463229,-0.6934583513405013,50,7.698510208105226,4.6176702307482635,350,4,350,0.0002,10,0.05,9.242520332336426,14.98046875,0.6759954690933228,0.3940935730934143,0,0,0,0,0,0,1,2,9.242519855499268,14.98046875,50,4.973223567172203,4.9763664412609065,4.981600086545281,7,0.006631774909423688,False,completed,7.894351482391357,14.98046875,0.05,0.01,,,1.3297872340425532,250,,,,,,,,,1.53883957862854,5.5735,3.768,3.768,,,,,,,,,,,,,,,,,,,,,,,,,,,,,,,
llama3_8b_qlora_l40_protocol_v3_phase2_r64_seed42__1776867625,llama3_8b_qlora_l40_protocol_v3_phase2_r64_seed42,qlora,train_and_eval,protocol_v3,logging_v2,meta-llama/Meta-Llama-3-8B,True,False,42,64,128,350,8,1024,8.316989216966332,7.382125346426498,7.382125346426498,2715.3735,0.129,completed,outputs/experiments/protocol_v3/llama3_8b_qlora_l40_protocol_v3_phase2_r64_seed42/reports/comparison_row.json,outputs/experiments/protocol_v3/llama3_8b_qlora_l40_protocol_v3_phase2_r64_seed42/reports/metrics_history.jsonl,250,1.3297872340425532,eval,2026-04-22T15:07:54.715425+00:00,,8.768091201782227,9.31640625,8.646641110051549,5.311128582088765,7.698510208105226,4.6176702307482635,350,-0.934863870539834,-0.9481309019463229,-0.6934583513405013,-0.934863870539834,-0.9481309019463229,-0.6934583513405013,50,7.698510208105226,4.6176702307482635,350,4,350,0.0002,10,0.05,9.242520332336426,14.98046875,0.6759954690933228,0.3940935730934143,0,0,0,0,0,0,1,2,9.242519855499268,14.98046875,50,4.973223567172203,4.9763664412609065,4.981600086545281,7,0.006631774909423688,False,completed,7.894351482391357,14.98046875,0.05,0.01,,,1.3297872340425532,250,2.0041825771331787,67.6298,3.771,3.771,2.0457825660705566,62.0738,3.77,3.77,1.53883957862854,5.5735,3.768,3.768,7.420026118103828,9.242520332336426,14.98046875,9.242520332336426,14.98046875,9.242520332336426,14.98046875,7.735209482458747,9.242520332336426,14.98046875,9.242520332336426,14.98046875,9.242520332336426,14.98046875,4.659180520150864,9.242519855499268,14.98046875,9.242519855499268,14.98046875,9.242519855499268,14.98046875,4.96692881862109,4.967285569990054,4.968496221204987,0.001267102397017546,50,,,,,
llama3_8b_qlora_l40_protocol_v3_phase2_r64_seed42__1776867625,llama3_8b_qlora_l40_protocol_v3_phase2_r64_seed42,qlora,train_and_eval,protocol_v3,logging_v2,meta-llama/Meta-Llama-3-8B,True,False,42,64,128,350,8,1024,8.316989216966332,7.382125346426498,7.382125346426498,2715.3735,0.129,completed,outputs/experiments/protocol_v3/llama3_8b_qlora_l40_protocol_v3_phase2_r64_seed42/reports/comparison_row.json,outputs/experiments/protocol_v3/llama3_8b_qlora_l40_protocol_v3_phase2_r64_seed42/reports/metrics_history.jsonl,260,1.3829787234042552,train_log,2026-04-22T15:07:54.715433+00:00,1.782,8.768091201782227,9.31640625,8.646641110051549,5.311128582088765,7.698510208105226,4.6176702307482635,350,-0.934863870539834,-0.9481309019463229,-0.6934583513405013,-0.934863870539834,-0.9481309019463229,-0.6934583513405013,50,7.698510208105226,4.6176702307482635,350,4,350,0.0002,10,0.05,9.242520332336426,14.98046875,0.6759954690933228,0.3940935730934143,0,0,0,0,0,0,1,2,9.242519855499268,14.98046875,50,4.973223567172203,4.9763664412609065,4.981600086545281,7,0.006631774909423688,False,completed,7.894351482391357,14.98046875,0.05,0.01,0.47424715757369995,5.4216867469879516e-05,1.3829787234042552,260,,,,,,,,,,,,,,,,,,,,,,,,,,,,,,,,,,,,,,,,,,,
llama3_8b_qlora_l40_protocol_v3_phase2_r64_seed42__1776867625,llama3_8b_qlora_l40_protocol_v3_phase2_r64_seed42,qlora,train_and_eval,protocol_v3,logging_v2,meta-llama/Meta-Llama-3-8B,True,False,42,64,128,350,8,1024,8.316989216966332,7.382125346426498,7.382125346426498,2715.3735,0.129,completed,outputs/experiments/protocol_v3/llama3_8b_qlora_l40_protocol_v3_phase2_r64_seed42/reports/comparison_row.json,outputs/experiments/protocol_v3/llama3_8b_qlora_l40_protocol_v3_phase2_r64_seed42/reports/metrics_history.jsonl,270,1.4361702127659575,train_log,2026-04-22T15:07:54.715436+00:00,1.7865,8.768091201782227,9.31640625,8.646641110051549,5.311128582088765,7.698510208105226,4.6176702307482635,350,-0.934863870539834,-0.9481309019463229,-0.6934583513405013,-0.934863870539834,-0.9481309019463229,-0.6934583513405013,50,7.698510208105226,4.6176702307482635,350,4,350,0.0002,10,0.05,9.242520332336426,14.98046875,0.6759954690933228,0.3940935730934143,0,0,0,0,0,0,1,2,9.242519855499268,14.98046875,50,4.973223567172203,4.9763664412609065,4.981600086545281,7,0.006631774909423688,False,completed,7.894351482391357,14.98046875,0.05,0.01,0.5460907816886902,4.8192771084337354e-05,1.4361702127659575,270,,,,,,,,,,,,,,,,,,,,,,,,,,,,,,,,,,,,,,,,,,,
llama3_8b_qlora_l40_protocol_v3_phase2_r64_seed42__1776867625,llama3_8b_qlora_l40_protocol_v3_phase2_r64_seed42,qlora,train_and_eval,protocol_v3,logging_v2,meta-llama/Meta-Llama-3-8B,True,False,42,64,128,350,8,1024,8.316989216966332,7.382125346426498,7.382125346426498,2715.3735,0.129,completed,outputs/experiments/protocol_v3/llama3_8b_qlora_l40_protocol_v3_phase2_r64_seed42/reports/comparison_row.json,outputs/experiments/protocol_v3/llama3_8b_qlora_l40_protocol_v3_phase2_r64_seed42/reports/metrics_history.jsonl,280,1.4893617021276595,train_log,2026-04-22T15:07:54.715440+00:00,1.7378,8.768091201782227,9.31640625,8.646641110051549,5.311128582088765,7.698510208105226,4.6176702307482635,350,-0.934863870539834,-0.9481309019463229,-0.6934583513405013,-0.934863870539834,-0.9481309019463229,-0.6934583513405013,50,7.698510208105226,4.6176702307482635,350,4,350,0.0002,10,0.05,9.242520332336426,14.98046875,0.6759954690933228,0.3940935730934143,0,0,0,0,0,0,1,2,9.242519855499268,14.98046875,50,4.973223567172203,4.9763664412609065,4.981600086545281,7,0.006631774909423688,False,completed,7.894351482391357,14.98046875,0.05,0.01,0.5420313477516174,4.2168674698795186e-05,1.4893617021276595,280,,,,,,,,,,,,,,,,,,,,,,,,,,,,,,,,,,,,,,,,,,,
llama3_8b_qlora_l40_protocol_v3_phase2_r64_seed42__1776867625,llama3_8b_qlora_l40_protocol_v3_phase2_r64_seed42,qlora,train_and_eval,protocol_v3,logging_v2,meta-llama/Meta-Llama-3-8B,True,False,42,64,128,350,8,1024,8.316989216966332,7.382125346426498,7.382125346426498,2715.3735,0.129,completed,outputs/experiments/protocol_v3/llama3_8b_qlora_l40_protocol_v3_phase2_r64_seed42/reports/comparison_row.json,outputs/experiments/protocol_v3/llama3_8b_qlora_l40_protocol_v3_phase2_r64_seed42/reports/metrics_history.jsonl,290,1.5425531914893615,train_log,2026-04-22T15:07:54.715444+00:00,1.7534,8.768091201782227,9.31640625,8.646641110051549,5.311128582088765,7.698510208105226,4.6176702307482635,350,-0.934863870539834,-0.9481309019463229,-0.6934583513405013,-0.934863870539834,-0.9481309019463229,-0.6934583513405013,50,7.698510208105226,4.6176702307482635,350,4,350,0.0002,10,0.05,9.242520332336426,14.98046875,0.6759954690933228,0.3940935730934143,0,0,0,0,0,0,1,2,9.242519855499268,14.98046875,50,4.973223567172203,4.9763664412609065,4.981600086545281,7,0.006631774909423688,False,completed,7.894351482391357,14.98046875,0.05,0.01,0.5293445587158203,3.614457831325301e-05,1.5425531914893615,290,,,,,,,,,,,,,,,,,,,,,,,,,,,,,,,,,,,,,,,,,,,
llama3_8b_qlora_l40_protocol_v3_phase2_r64_seed42__1776867625,llama3_8b_qlora_l40_protocol_v3_phase2_r64_seed42,qlora,train_and_eval,protocol_v3,logging_v2,meta-llama/Meta-Llama-3-8B,True,False,42,64,128,350,8,1024,8.316989216966332,7.382125346426498,7.382125346426498,2715.3735,0.129,completed,outputs/experiments/protocol_v3/llama3_8b_qlora_l40_protocol_v3_phase2_r64_seed42/reports/comparison_row.json,outputs/experiments/protocol_v3/llama3_8b_qlora_l40_protocol_v3_phase2_r64_seed42/reports/metrics_history.jsonl,300,1.5957446808510638,train_log,2026-04-22T15:07:54.715447+00:00,1.7813,8.768091201782227,9.31640625,8.646641110051549,5.311128582088765,7.698510208105226,4.6176702307482635,350,-0.934863870539834,-0.9481309019463229,-0.6934583513405013,-0.934863870539834,-0.9481309019463229,-0.6934583513405013,50,7.698510208105226,4.6176702307482635,350,4,350,0.0002,10,0.05,9.242520332336426,14.98046875,0.6759954690933228,0.3940935730934143,0,0,0,0,0,0,1,2,9.242519855499268,14.98046875,50,4.973223567172203,4.9763664412609065,4.981600086545281,7,0.006631774909423688,False,completed,7.894351482391357,14.98046875,0.05,0.01,0.5004947185516357,3.012048192771085e-05,1.5957446808510638,300,,,,,,,,,,,,,,,,,,,,,,,,,,,,,,,,,,,,,,,,,,,
llama3_8b_qlora_l40_protocol_v3_phase2_r64_seed42__1776867625,llama3_8b_qlora_l40_protocol_v3_phase2_r64_seed42,qlora,train_and_eval,protocol_v3,logging_v2,meta-llama/Meta-Llama-3-8B,True,False,42,64,128,350,8,1024,8.316989216966332,7.382125346426498,7.382125346426498,2715.3735,0.129,completed,outputs/experiments/protocol_v3/llama3_8b_qlora_l40_protocol_v3_phase2_r64_seed42/reports/comparison_row.json,outputs/experiments/protocol_v3/llama3_8b_qlora_l40_protocol_v3_phase2_r64_seed42/reports/metrics_history.jsonl,300,1.5957446808510638,eval,2026-04-22T15:07:54.715451+00:00,,8.768091201782227,9.31640625,8.646641110051549,5.311128582088765,7.698510208105226,4.6176702307482635,350,-0.934863870539834,-0.9481309019463229,-0.6934583513405013,-0.934863870539834,-0.9481309019463229,-0.6934583513405013,50,7.698510208105226,4.6176702307482635,350,4,350,0.0002,10,0.05,9.242520332336426,14.98046875,0.6759954690933228,0.3940935730934143,0,0,0,0,0,0,1,2,9.242519855499268,14.98046875,50,4.973223567172203,4.9763664412609065,4.981600086545281,7,0.006631774909423688,False,completed,7.894351482391357,14.98046875,0.05,0.01,,,1.5957446808510638,300,2.001274824142456,67.6391,3.77,3.77,,,,,,,,,,,,,,,,,,,,,,,,,,,,,,,,,,,,,,,
llama3_8b_qlora_l40_protocol_v3_phase2_r64_seed42__1776867625,llama3_8b_qlora_l40_protocol_v3_phase2_r64_seed42,qlora,train_and_eval,protocol_v3,logging_v2,meta-llama/Meta-Llama-3-8B,True,False,42,64,128,350,8,1024,8.316989216966332,7.382125346426498,7.382125346426498,2715.3735,0.129,completed,outputs/experiments/protocol_v3/llama3_8b_qlora_l40_protocol_v3_phase2_r64_seed42/reports/comparison_row.json,outputs/experiments/protocol_v3/llama3_8b_qlora_l40_protocol_v3_phase2_r64_seed42/reports/metrics_history.jsonl,300,1.5957446808510638,eval,2026-04-22T15:07:54.715455+00:00,,8.768091201782227,9.31640625,8.646641110051549,5.311128582088765,7.698510208105226,4.6176702307482635,350,-0.934863870539834,-0.9481309019463229,-0.6934583513405013,-0.934863870539834,-0.9481309019463229,-0.6934583513405013,50,7.698510208105226,4.6176702307482635,350,4,350,0.0002,10,0.05,9.242520332336426,14.98046875,0.6759954690933228,0.3940935730934143,0,0,0,0,0,0,1,2,9.242519855499268,14.98046875,50,4.973223567172203,4.9763664412609065,4.981600086545281,7,0.006631774909423688,False,completed,7.894351482391357,14.98046875,0.05,0.01,,,1.5957446808510638,300,,,,,2.043039083480835,62.0704,3.77,3.77,,,,,,,,,,,,,,,,,,,,,,,,,,,,,,,,,,,
llama3_8b_qlora_l40_protocol_v3_phase2_r64_seed42__1776867625,llama3_8b_qlora_l40_protocol_v3_phase2_r64_seed42,qlora,train_and_eval,protocol_v3,logging_v2,meta-llama/Meta-Llama-3-8B,True,False,42,64,128,350,8,1024,8.316989216966332,7.382125346426498,7.382125346426498,2715.3735,0.129,completed,outputs/experiments/protocol_v3/llama3_8b_qlora_l40_protocol_v3_phase2_r64_seed42/reports/comparison_row.json,outputs/experiments/protocol_v3/llama3_8b_qlora_l40_protocol_v3_phase2_r64_seed42/reports/metrics_history.jsonl,300,1.5957446808510638,eval,2026-04-22T15:07:54.715459+00:00,,8.768091201782227,9.31640625,8.646641110051549,5.311128582088765,7.698510208105226,4.6176702307482635,350,-0.934863870539834,-0.9481309019463229,-0.6934583513405013,-0.934863870539834,-0.9481309019463229,-0.6934583513405013,50,7.698510208105226,4.6176702307482635,350,4,350,0.0002,10,0.05,9.242520332336426,14.98046875,0.6759954690933228,0.3940935730934143,0,0,0,0,0,0,1,2,9.242519855499268,14.98046875,50,4.973223567172203,4.9763664412609065,4.981600086545281,7,0.006631774909423688,False,completed,7.894351482391357,14.98046875,0.05,0.01,,,1.5957446808510638,300,,,,,,,,,1.534251093864441,5.5739,3.768,3.768,,,,,,,,,,,,,,,,,,,,,,,,,,,,,,,
llama3_8b_qlora_l40_protocol_v3_phase2_r64_seed42__1776867625,llama3_8b_qlora_l40_protocol_v3_phase2_r64_seed42,qlora,train_and_eval,protocol_v3,logging_v2,meta-llama/Meta-Llama-3-8B,True,False,42,64,128,350,8,1024,8.316989216966332,7.382125346426498,7.382125346426498,2715.3735,0.129,completed,outputs/experiments/protocol_v3/llama3_8b_qlora_l40_protocol_v3_phase2_r64_seed42/reports/comparison_row.json,outputs/experiments/protocol_v3/llama3_8b_qlora_l40_protocol_v3_phase2_r64_seed42/reports/metrics_history.jsonl,300,1.5957446808510638,eval,2026-04-22T15:07:54.715465+00:00,,8.768091201782227,9.31640625,8.646641110051549,5.311128582088765,7.698510208105226,4.6176702307482635,350,-0.934863870539834,-0.9481309019463229,-0.6934583513405013,-0.934863870539834,-0.9481309019463229,-0.6934583513405013,50,7.698510208105226,4.6176702307482635,350,4,350,0.0002,10,0.05,9.242520332336426,14.98046875,0.6759954690933228,0.3940935730934143,0,0,0,0,0,0,1,2,9.242519855499268,14.98046875,50,4.973223567172203,4.9763664412609065,4.981600086545281,7,0.006631774909423688,False,completed,7.894351482391357,14.98046875,0.05,0.01,,,1.5957446808510638,300,2.001274824142456,67.6391,3.77,3.77,2.043039083480835,62.0704,3.77,3.77,1.534251093864441,5.5739,3.768,3.768,7.398481852848314,9.242520332336426,14.98046875,9.242520332336426,14.98046875,9.242520332336426,14.98046875,7.714017153600751,9.242520332336426,14.98046875,9.242520332336426,14.98046875,9.242520332336426,14.98046875,4.637850914030441,9.242519855499268,14.98046875,9.242519855499268,14.98046875,9.242519855499268,14.98046875,4.968018424080219,4.967911024505156,4.97000280480861,0.0012157559935661825,50,,,,,
llama3_8b_qlora_l40_protocol_v3_phase2_r64_seed42__1776867625,llama3_8b_qlora_l40_protocol_v3_phase2_r64_seed42,qlora,train_and_eval,protocol_v3,logging_v2,meta-llama/Meta-Llama-3-8B,True,False,42,64,128,350,8,1024,8.316989216966332,7.382125346426498,7.382125346426498,2715.3735,0.129,completed,outputs/experiments/protocol_v3/llama3_8b_qlora_l40_protocol_v3_phase2_r64_seed42/reports/comparison_row.json,outputs/experiments/protocol_v3/llama3_8b_qlora_l40_protocol_v3_phase2_r64_seed42/reports/metrics_history.jsonl,310,1.648936170212766,train_log,2026-04-22T15:07:54.715473+00:00,1.7426,8.768091201782227,9.31640625,8.646641110051549,5.311128582088765,7.698510208105226,4.6176702307482635,350,-0.934863870539834,-0.9481309019463229,-0.6934583513405013,-0.934863870539834,-0.9481309019463229,-0.6934583513405013,50,7.698510208105226,4.6176702307482635,350,4,350,0.0002,10,0.05,9.242520332336426,14.98046875,0.6759954690933228,0.3940935730934143,0,0,0,0,0,0,1,2,9.242519855499268,14.98046875,50,4.973223567172203,4.9763664412609065,4.981600086545281,7,0.006631774909423688,False,completed,7.894351482391357,14.98046875,0.05,0.01,0.5153443813323975,2.4096385542168677e-05,1.648936170212766,310,,,,,,,,,,,,,,,,,,,,,,,,,,,,,,,,,,,,,,,,,,,
llama3_8b_qlora_l40_protocol_v3_phase2_r64_seed42__1776867625,llama3_8b_qlora_l40_protocol_v3_phase2_r64_seed42,qlora,train_and_eval,protocol_v3,logging_v2,meta-llama/Meta-Llama-3-8B,True,False,42,64,128,350,8,1024,8.316989216966332,7.382125346426498,7.382125346426498,2715.3735,0.129,completed,outputs/experiments/protocol_v3/llama3_8b_qlora_l40_protocol_v3_phase2_r64_seed42/reports/comparison_row.json,outputs/experiments/protocol_v3/llama3_8b_qlora_l40_protocol_v3_phase2_r64_seed42/reports/metrics_history.jsonl,320,1.702127659574468,train_log,2026-04-22T15:07:54.715477+00:00,1.7783,8.768091201782227,9.31640625,8.646641110051549,5.311128582088765,7.698510208105226,4.6176702307482635,350,-0.934863870539834,-0.9481309019463229,-0.6934583513405013,-0.934863870539834,-0.9481309019463229,-0.6934583513405013,50,7.698510208105226,4.6176702307482635,350,4,350,0.0002,10,0.05,9.242520332336426,14.98046875,0.6759954690933228,0.3940935730934143,0,0,0,0,0,0,1,2,9.242519855499268,14.98046875,50,4.973223567172203,4.9763664412609065,4.981600086545281,7,0.006631774909423688,False,completed,7.894351482391357,14.98046875,0.05,0.01,0.4786391258239746,1.8072289156626505e-05,1.702127659574468,320,,,,,,,,,,,,,,,,,,,,,,,,,,,,,,,,,,,,,,,,,,,
llama3_8b_qlora_l40_protocol_v3_phase2_r64_seed42__1776867625,llama3_8b_qlora_l40_protocol_v3_phase2_r64_seed42,qlora,train_and_eval,protocol_v3,logging_v2,meta-llama/Meta-Llama-3-8B,True,False,42,64,128,350,8,1024,8.316989216966332,7.382125346426498,7.382125346426498,2715.3735,0.129,completed,outputs/experiments/protocol_v3/llama3_8b_qlora_l40_protocol_v3_phase2_r64_seed42/reports/comparison_row.json,outputs/experiments/protocol_v3/llama3_8b_qlora_l40_protocol_v3_phase2_r64_seed42/reports/metrics_history.jsonl,330,1.7553191489361701,train_log,2026-04-22T15:07:54.715480+00:00,1.7348,8.768091201782227,9.31640625,8.646641110051549,5.311128582088765,7.698510208105226,4.6176702307482635,350,-0.934863870539834,-0.9481309019463229,-0.6934583513405013,-0.934863870539834,-0.9481309019463229,-0.6934583513405013,50,7.698510208105226,4.6176702307482635,350,4,350,0.0002,10,0.05,9.242520332336426,14.98046875,0.6759954690933228,0.3940935730934143,0,0,0,0,0,0,1,2,9.242519855499268,14.98046875,50,4.973223567172203,4.9763664412609065,4.981600086545281,7,0.006631774909423688,False,completed,7.894351482391357,14.98046875,0.05,0.01,0.5265474319458008,1.2048192771084338e-05,1.7553191489361701,330,,,,,,,,,,,,,,,,,,,,,,,,,,,,,,,,,,,,,,,,,,,
llama3_8b_qlora_l40_protocol_v3_phase2_r64_seed42__1776867625,llama3_8b_qlora_l40_protocol_v3_phase2_r64_seed42,qlora,train_and_eval,protocol_v3,logging_v2,meta-llama/Meta-Llama-3-8B,True,False,42,64,128,350,8,1024,8.316989216966332,7.382125346426498,7.382125346426498,2715.3735,0.129,completed,outputs/experiments/protocol_v3/llama3_8b_qlora_l40_protocol_v3_phase2_r64_seed42/reports/comparison_row.json,outputs/experiments/protocol_v3/llama3_8b_qlora_l40_protocol_v3_phase2_r64_seed42/reports/metrics_history.jsonl,340,1.8085106382978724,train_log,2026-04-22T15:07:54.715484+00:00,1.8731,8.768091201782227,9.31640625,8.646641110051549,5.311128582088765,7.698510208105226,4.6176702307482635,350,-0.934863870539834,-0.9481309019463229,-0.6934583513405013,-0.934863870539834,-0.9481309019463229,-0.6934583513405013,50,7.698510208105226,4.6176702307482635,350,4,350,0.0002,10,0.05,9.242520332336426,14.98046875,0.6759954690933228,0.3940935730934143,0,0,0,0,0,0,1,2,9.242519855499268,14.98046875,50,4.973223567172203,4.9763664412609065,4.981600086545281,7,0.006631774909423688,False,completed,7.894351482391357,14.98046875,0.05,0.01,0.5416148900985718,6.024096385542169e-06,1.8085106382978724,340,,,,,,,,,,,,,,,,,,,,,,,,,,,,,,,,,,,,,,,,,,,
llama3_8b_qlora_l40_protocol_v3_phase2_r64_seed42__1776867625,llama3_8b_qlora_l40_protocol_v3_phase2_r64_seed42,qlora,train_and_eval,protocol_v3,logging_v2,meta-llama/Meta-Llama-3-8B,True,False,42,64,128,350,8,1024,8.316989216966332,7.382125346426498,7.382125346426498,2715.3735,0.129,completed,outputs/experiments/protocol_v3/llama3_8b_qlora_l40_protocol_v3_phase2_r64_seed42/reports/comparison_row.json,outputs/experiments/protocol_v3/llama3_8b_qlora_l40_protocol_v3_phase2_r64_seed42/reports/metrics_history.jsonl,350,1.8617021276595744,train_log,2026-04-22T15:07:54.715488+00:00,1.793,8.768091201782227,9.31640625,8.646641110051549,5.311128582088765,7.698510208105226,4.6176702307482635,350,-0.934863870539834,-0.9481309019463229,-0.6934583513405013,-0.934863870539834,-0.9481309019463229,-0.6934583513405013,50,7.698510208105226,4.6176702307482635,350,4,350,0.0002,10,0.05,9.242520332336426,14.98046875,0.6759954690933228,0.3940935730934143,0,0,0,0,0,0,1,2,9.242519855499268,14.98046875,50,4.973223567172203,4.9763664412609065,4.981600086545281,7,0.006631774909423688,False,completed,7.894351482391357,14.98046875,0.05,0.01,0.49141204357147217,0.0,1.8617021276595744,350,,,,,,,,,,,,,,,,,,,,,,,,,,,,,,,,,,,,,,,,,,,
llama3_8b_qlora_l40_protocol_v3_phase2_r64_seed42__1776867625,llama3_8b_qlora_l40_protocol_v3_phase2_r64_seed42,qlora,train_and_eval,protocol_v3,logging_v2,meta-llama/Meta-Llama-3-8B,True,False,42,64,128,350,8,1024,8.316989216966332,7.382125346426498,7.382125346426498,2715.3735,0.129,completed,outputs/experiments/protocol_v3/llama3_8b_qlora_l40_protocol_v3_phase2_r64_seed42/reports/comparison_row.json,outputs/experiments/protocol_v3/llama3_8b_qlora_l40_protocol_v3_phase2_r64_seed42/reports/metrics_history.jsonl,350,1.8617021276595744,eval,2026-04-22T15:07:54.715491+00:00,,8.768091201782227,9.31640625,8.646641110051549,5.311128582088765,7.698510208105226,4.6176702307482635,350,-0.934863870539834,-0.9481309019463229,-0.6934583513405013,-0.934863870539834,-0.9481309019463229,-0.6934583513405013,50,7.698510208105226,4.6176702307482635,350,4,350,0.0002,10,0.05,9.242520332336426,14.98046875,0.6759954690933228,0.3940935730934143,0,0,0,0,0,0,1,2,9.242519855499268,14.98046875,50,4.973223567172203,4.9763664412609065,4.981600086545281,7,0.006631774909423688,False,completed,7.894351482391357,14.98046875,0.05,0.01,,,1.8617021276595744,350,1.9990615844726562,67.5438,3.775,3.775,,,,,,,,,,,,,,,,,,,,,,,,,,,,,,,,,,,,,,,
llama3_8b_qlora_l40_protocol_v3_phase2_r64_seed42__1776867625,llama3_8b_qlora_l40_protocol_v3_phase2_r64_seed42,qlora,train_and_eval,protocol_v3,logging_v2,meta-llama/Meta-Llama-3-8B,True,False,42,64,128,350,8,1024,8.316989216966332,7.382125346426498,7.382125346426498,2715.3735,0.129,completed,outputs/experiments/protocol_v3/llama3_8b_qlora_l40_protocol_v3_phase2_r64_seed42/reports/comparison_row.json,outputs/experiments/protocol_v3/llama3_8b_qlora_l40_protocol_v3_phase2_r64_seed42/reports/metrics_history.jsonl,350,1.8617021276595744,eval,2026-04-22T15:07:54.715495+00:00,,8.768091201782227,9.31640625,8.646641110051549,5.311128582088765,7.698510208105226,4.6176702307482635,350,-0.934863870539834,-0.9481309019463229,-0.6934583513405013,-0.934863870539834,-0.9481309019463229,-0.6934583513405013,50,7.698510208105226,4.6176702307482635,350,4,350,0.0002,10,0.05,9.242520332336426,14.98046875,0.6759954690933228,0.3940935730934143,0,0,0,0,0,0,1,2,9.242519855499268,14.98046875,50,4.973223567172203,4.9763664412609065,4.981600086545281,7,0.006631774909423688,False,completed,7.894351482391357,14.98046875,0.05,0.01,,,1.8617021276595744,350,,,,,2.0410268306732178,61.9836,3.775,3.775,,,,,,,,,,,,,,,,,,,,,,,,,,,,,,,,,,,
llama3_8b_qlora_l40_protocol_v3_phase2_r64_seed42__1776867625,llama3_8b_qlora_l40_protocol_v3_phase2_r64_seed42,qlora,train_and_eval,protocol_v3,logging_v2,meta-llama/Meta-Llama-3-8B,True,False,42,64,128,350,8,1024,8.316989216966332,7.382125346426498,7.382125346426498,2715.3735,0.129,completed,outputs/experiments/protocol_v3/llama3_8b_qlora_l40_protocol_v3_phase2_r64_seed42/reports/comparison_row.json,outputs/experiments/protocol_v3/llama3_8b_qlora_l40_protocol_v3_phase2_r64_seed42/reports/metrics_history.jsonl,350,1.8617021276595744,eval,2026-04-22T15:07:54.715499+00:00,,8.768091201782227,9.31640625,8.646641110051549,5.311128582088765,7.698510208105226,4.6176702307482635,350,-0.934863870539834,-0.9481309019463229,-0.6934583513405013,-0.934863870539834,-0.9481309019463229,-0.6934583513405013,50,7.698510208105226,4.6176702307482635,350,4,350,0.0002,10,0.05,9.242520332336426,14.98046875,0.6759954690933228,0.3940935730934143,0,0,0,0,0,0,1,2,9.242519855499268,14.98046875,50,4.973223567172203,4.9763664412609065,4.981600086545281,7,0.006631774909423688,False,completed,7.894351482391357,14.98046875,0.05,0.01,,,1.8617021276595744,350,,,,,,,,,1.5298902988433838,5.5666,3.772,3.772,,,,,,,,,,,,,,,,,,,,,,,,,,,,,,,
llama3_8b_qlora_l40_protocol_v3_phase2_r64_seed42__1776867625,llama3_8b_qlora_l40_protocol_v3_phase2_r64_seed42,qlora,train_and_eval,protocol_v3,logging_v2,meta-llama/Meta-Llama-3-8B,True,False,42,64,128,350,8,1024,8.316989216966332,7.382125346426498,7.382125346426498,2715.3735,0.129,completed,outputs/experiments/protocol_v3/llama3_8b_qlora_l40_protocol_v3_phase2_r64_seed42/reports/comparison_row.json,outputs/experiments/protocol_v3/llama3_8b_qlora_l40_protocol_v3_phase2_r64_seed42/reports/metrics_history.jsonl,350,1.8617021276595744,eval,2026-04-22T15:07:54.715506+00:00,,8.768091201782227,9.31640625,8.646641110051549,5.311128582088765,7.698510208105226,4.6176702307482635,350,-0.934863870539834,-0.9481309019463229,-0.6934583513405013,-0.934863870539834,-0.9481309019463229,-0.6934583513405013,50,7.698510208105226,4.6176702307482635,350,4,350,0.0002,10,0.05,9.242520332336426,14.98046875,0.6759954690933228,0.3940935730934143,0,0,0,0,0,0,1,2,9.242519855499268,14.98046875,50,4.973223567172203,4.9763664412609065,4.981600086545281,7,0.006631774909423688,False,completed,7.894351482391357,14.98046875,0.05,0.01,,,1.8617021276595744,350,1.9990615844726562,67.5438,3.775,3.775,2.0410268306732178,61.9836,3.775,3.775,1.5298902988433838,5.5666,3.772,3.772,7.382125346426498,9.242520332336426,14.98046875,9.242520332336426,14.98046875,9.242520332336426,14.98046875,7.698510208105226,9.242520332336426,14.98046875,9.242520332336426,14.98046875,9.242520332336426,14.98046875,4.6176702307482635,9.242519855499268,14.98046875,9.242519855499268,14.98046875,9.242519855499268,14.98046875,4.9632971034816,4.9631735349976225,4.965206199005479,0.0013963608405972727,50,,,,,
llama3_8b_qlora_l40_protocol_v3_phase2_r64_seed42__1776867625,llama3_8b_qlora_l40_protocol_v3_phase2_r64_seed42,qlora,train_and_eval,protocol_v3,logging_v2,meta-llama/Meta-Llama-3-8B,True,False,42,64,128,350,8,1024,8.316989216966332,7.382125346426498,7.382125346426498,2715.3735,0.129,completed,outputs/experiments/protocol_v3/llama3_8b_qlora_l40_protocol_v3_phase2_r64_seed42/reports/comparison_row.json,outputs/experiments/protocol_v3/llama3_8b_qlora_l40_protocol_v3_phase2_r64_seed42/reports/metrics_history.jsonl,350,1.8617021276595744,system,2026-04-22T15:07:54.715514+00:00,,8.768091201782227,9.31640625,8.646641110051549,5.311128582088765,7.698510208105226,4.6176702307482635,350,-0.934863870539834,-0.9481309019463229,-0.6934583513405013,-0.934863870539834,-0.9481309019463229,-0.6934583513405013,50,7.698510208105226,4.6176702307482635,350,4,350,0.0002,10,0.05,9.242520332336426,14.98046875,0.6759954690933228,0.3940935730934143,0,0,0,0,0,0,1,2,9.242519855499268,14.98046875,50,4.973223567172203,4.9763664412609065,4.981600086545281,7,0.006631774909423688,False,completed,7.894351482391357,14.98046875,0.05,0.01,,,1.8617021276595744,350,,,,,,,,,,,,,,,,,,,,,,,,,,,,,,,,,,,,,,,2715.3735,1.031,0.129,1.300467409747968e+17,1.8866988100324358
llama3_8b_qlora_l40_protocol_v3_phase2_r64_seed43__1776868979,llama3_8b_qlora_l40_protocol_v3_phase2_r64_seed43,qlora,train_and_eval,protocol_v3,logging_v2,meta-llama/Meta-Llama-3-8B,True,False,43,64,128,350,8,1024,8.316989216966332,7.384859188169994,7.384859188169994,2714.8239,0.129,completed,outputs/experiments/protocol_v3/llama3_8b_qlora_l40_protocol_v3_phase2_r64_seed43/reports/comparison_row.json,outputs/experiments/protocol_v3/llama3_8b_qlora_l40_protocol_v3_phase2_r64_seed43/reports/metrics_history.jsonl,10,0.05319148936170213,train_log,2026-04-22T15:30:28.473466+00:00,2.0772,8.768091201782227,9.31640625,8.646641110051549,5.311128582088765,7.7027990552547445,4.6113744067276965,350,-0.9321300287963386,-0.9438420547968045,-0.6997541753610683,-0.9321300287963386,-0.9438420547968045,-0.6997541753610683,50,7.7027990552547445,4.6113744067276965,350,4,350,0.0002,10,0.05,9.242520332336426,14.98046875,0.5977538824081421,0.39971598982810974,0,0,0,0,0,0,1,2,9.242519855499268,14.98046875,50,4.998581241229549,4.995697846114635,5.009094969469122,7,0.006138970829984731,False,completed,7.894351482391357,14.98046875,0.05,0.01,0.5567530393600464,0.00011111111111111112,0.05319148936170213,10,,,,,,,,,,,,,,,,,,,,,,,,,,,,,,,,,,,,,,,,,,,
llama3_8b_qlora_l40_protocol_v3_phase2_r64_seed43__1776868979,llama3_8b_qlora_l40_protocol_v3_phase2_r64_seed43,qlora,train_and_eval,protocol_v3,logging_v2,meta-llama/Meta-Llama-3-8B,True,False,43,64,128,350,8,1024,8.316989216966332,7.384859188169994,7.384859188169994,2714.8239,0.129,completed,outputs/experiments/protocol_v3/llama3_8b_qlora_l40_protocol_v3_phase2_r64_seed43/reports/comparison_row.json,outputs/experiments/protocol_v3/llama3_8b_qlora_l40_protocol_v3_phase2_r64_seed43/reports/metrics_history.jsonl,20,0.10638297872340426,train_log,2026-04-22T15:30:28.473492+00:00,2.0853,8.768091201782227,9.31640625,8.646641110051549,5.311128582088765,7.7027990552547445,4.6113744067276965,350,-0.9321300287963386,-0.9438420547968045,-0.6997541753610683,-0.9321300287963386,-0.9438420547968045,-0.6997541753610683,50,7.7027990552547445,4.6113744067276965,350,4,350,0.0002,10,0.05,9.242520332336426,14.98046875,0.5977538824081421,0.39971598982810974,0,0,0,0,0,0,1,2,9.242519855499268,14.98046875,50,4.998581241229549,4.995697846114635,5.009094969469122,7,0.006138970829984731,False,completed,7.894351482391357,14.98046875,0.05,0.01,0.4562496244907379,0.00019879518072289158,0.10638297872340426,20,,,,,,,,,,,,,,,,,,,,,,,,,,,,,,,,,,,,,,,,,,,
llama3_8b_qlora_l40_protocol_v3_phase2_r64_seed43__1776868979,llama3_8b_qlora_l40_protocol_v3_phase2_r64_seed43,qlora,train_and_eval,protocol_v3,logging_v2,meta-llama/Meta-Llama-3-8B,True,False,43,64,128,350,8,1024,8.316989216966332,7.384859188169994,7.384859188169994,2714.8239,0.129,completed,outputs/experiments/protocol_v3/llama3_8b_qlora_l40_protocol_v3_phase2_r64_seed43/reports/comparison_row.json,outputs/experiments/protocol_v3/llama3_8b_qlora_l40_protocol_v3_phase2_r64_seed43/reports/metrics_history.jsonl,30,0.1595744680851064,train_log,2026-04-22T15:30:28.473498+00:00,2.0016,8.768091201782227,9.31640625,8.646641110051549,5.311128582088765,7.7027990552547445,4.6113744067276965,350,-0.9321300287963386,-0.9438420547968045,-0.6997541753610683,-0.9321300287963386,-0.9438420547968045,-0.6997541753610683,50,7.7027990552547445,4.6113744067276965,350,4,350,0.0002,10,0.05,9.242520332336426,14.98046875,0.5977538824081421,0.39971598982810974,0,0,0,0,0,0,1,2,9.242519855499268,14.98046875,50,4.998581241229549,4.995697846114635,5.009094969469122,7,0.006138970829984731,False,completed,7.894351482391357,14.98046875,0.05,0.01,0.4482569992542267,0.00019277108433734942,0.1595744680851064,30,,,,,,,,,,,,,,,,,,,,,,,,,,,,,,,,,,,,,,,,,,,
llama3_8b_qlora_l40_protocol_v3_phase2_r64_seed43__1776868979,llama3_8b_qlora_l40_protocol_v3_phase2_r64_seed43,qlora,train_and_eval,protocol_v3,logging_v2,meta-llama/Meta-Llama-3-8B,True,False,43,64,128,350,8,1024,8.316989216966332,7.384859188169994,7.384859188169994,2714.8239,0.129,completed,outputs/experiments/protocol_v3/llama3_8b_qlora_l40_protocol_v3_phase2_r64_seed43/reports/comparison_row.json,outputs/experiments/protocol_v3/llama3_8b_qlora_l40_protocol_v3_phase2_r64_seed43/reports/metrics_history.jsonl,40,0.2127659574468085,train_log,2026-04-22T15:30:28.473502+00:00,1.9653,8.768091201782227,9.31640625,8.646641110051549,5.311128582088765,7.7027990552547445,4.6113744067276965,350,-0.9321300287963386,-0.9438420547968045,-0.6997541753610683,-0.9321300287963386,-0.9438420547968045,-0.6997541753610683,50,7.7027990552547445,4.6113744067276965,350,4,350,0.0002,10,0.05,9.242520332336426,14.98046875,0.5977538824081421,0.39971598982810974,0,0,0,0,0,0,1,2,9.242519855499268,14.98046875,50,4.998581241229549,4.995697846114635,5.009094969469122,7,0.006138970829984731,False,completed,7.894351482391357,14.98046875,0.05,0.01,0.42797452211380005,0.00018674698795180723,0.2127659574468085,40,,,,,,,,,,,,,,,,,,,,,,,,,,,,,,,,,,,,,,,,,,,
llama3_8b_qlora_l40_protocol_v3_phase2_r64_seed43__1776868979,llama3_8b_qlora_l40_protocol_v3_phase2_r64_seed43,qlora,train_and_eval,protocol_v3,logging_v2,meta-llama/Meta-Llama-3-8B,True,False,43,64,128,350,8,1024,8.316989216966332,7.384859188169994,7.384859188169994,2714.8239,0.129,completed,outputs/experiments/protocol_v3/llama3_8b_qlora_l40_protocol_v3_phase2_r64_seed43/reports/comparison_row.json,outputs/experiments/protocol_v3/llama3_8b_qlora_l40_protocol_v3_phase2_r64_seed43/reports/metrics_history.jsonl,50,0.26595744680851063,train_log,2026-04-22T15:30:28.473506+00:00,1.9661,8.768091201782227,9.31640625,8.646641110051549,5.311128582088765,7.7027990552547445,4.6113744067276965,350,-0.9321300287963386,-0.9438420547968045,-0.6997541753610683,-0.9321300287963386,-0.9438420547968045,-0.6997541753610683,50,7.7027990552547445,4.6113744067276965,350,4,350,0.0002,10,0.05,9.242520332336426,14.98046875,0.5977538824081421,0.39971598982810974,0,0,0,0,0,0,1,2,9.242519855499268,14.98046875,50,4.998581241229549,4.995697846114635,5.009094969469122,7,0.006138970829984731,False,completed,7.894351482391357,14.98046875,0.05,0.01,0.47716963291168213,0.00018072289156626507,0.26595744680851063,50,,,,,,,,,,,,,,,,,,,,,,,,,,,,,,,,,,,,,,,,,,,
llama3_8b_qlora_l40_protocol_v3_phase2_r64_seed43__1776868979,llama3_8b_qlora_l40_protocol_v3_phase2_r64_seed43,qlora,train_and_eval,protocol_v3,logging_v2,meta-llama/Meta-Llama-3-8B,True,False,43,64,128,350,8,1024,8.316989216966332,7.384859188169994,7.384859188169994,2714.8239,0.129,completed,outputs/experiments/protocol_v3/llama3_8b_qlora_l40_protocol_v3_phase2_r64_seed43/reports/comparison_row.json,outputs/experiments/protocol_v3/llama3_8b_qlora_l40_protocol_v3_phase2_r64_seed43/reports/metrics_history.jsonl,50,0.26595744680851063,eval,2026-04-22T15:30:28.473512+00:00,,8.768091201782227,9.31640625,8.646641110051549,5.311128582088765,7.7027990552547445,4.6113744067276965,350,-0.9321300287963386,-0.9438420547968045,-0.6997541753610683,-0.9321300287963386,-0.9438420547968045,-0.6997541753610683,50,7.7027990552547445,4.6113744067276965,350,4,350,0.0002,10,0.05,9.242520332336426,14.98046875,0.5977538824081421,0.39971598982810974,0,0,0,0,0,0,1,2,9.242519855499268,14.98046875,50,4.998581241229549,4.995697846114635,5.009094969469122,7,0.006138970829984731,False,completed,7.894351482391357,14.98046875,0.05,0.01,,,0.26595744680851063,50,2.0338187217712402,68.1298,3.743,3.743,,,,,,,,,,,,,,,,,,,,,,,,,,,,,,,,,,,,,,,
llama3_8b_qlora_l40_protocol_v3_phase2_r64_seed43__1776868979,llama3_8b_qlora_l40_protocol_v3_phase2_r64_seed43,qlora,train_and_eval,protocol_v3,logging_v2,meta-llama/Meta-Llama-3-8B,True,False,43,64,128,350,8,1024,8.316989216966332,7.384859188169994,7.384859188169994,2714.8239,0.129,completed,outputs/experiments/protocol_v3/llama3_8b_qlora_l40_protocol_v3_phase2_r64_seed43/reports/comparison_row.json,outputs/experiments/protocol_v3/llama3_8b_qlora_l40_protocol_v3_phase2_r64_seed43/reports/metrics_history.jsonl,50,0.26595744680851063,eval,2026-04-22T15:30:28.473518+00:00,,8.768091201782227,9.31640625,8.646641110051549,5.311128582088765,7.7027990552547445,4.6113744067276965,350,-0.9321300287963386,-0.9438420547968045,-0.6997541753610683,-0.9321300287963386,-0.9438420547968045,-0.6997541753610683,50,7.7027990552547445,4.6113744067276965,350,4,350,0.0002,10,0.05,9.242520332336426,14.98046875,0.5977538824081421,0.39971598982810974,0,0,0,0,0,0,1,2,9.242519855499268,14.98046875,50,4.998581241229549,4.995697846114635,5.009094969469122,7,0.006138970829984731,False,completed,7.894351482391357,14.98046875,0.05,0.01,,,0.26595744680851063,50,,,,,2.073709487915039,62.4998,3.744,3.744,,,,,,,,,,,,,,,,,,,,,,,,,,,,,,,,,,,
llama3_8b_qlora_l40_protocol_v3_phase2_r64_seed43__1776868979,llama3_8b_qlora_l40_protocol_v3_phase2_r64_seed43,qlora,train_and_eval,protocol_v3,logging_v2,meta-llama/Meta-Llama-3-8B,True,False,43,64,128,350,8,1024,8.316989216966332,7.384859188169994,7.384859188169994,2714.8239,0.129,completed,outputs/experiments/protocol_v3/llama3_8b_qlora_l40_protocol_v3_phase2_r64_seed43/reports/comparison_row.json,outputs/experiments/protocol_v3/llama3_8b_qlora_l40_protocol_v3_phase2_r64_seed43/reports/metrics_history.jsonl,50,0.26595744680851063,eval,2026-04-22T15:30:28.473524+00:00,,8.768091201782227,9.31640625,8.646641110051549,5.311128582088765,7.7027990552547445,4.6113744067276965,350,-0.9321300287963386,-0.9438420547968045,-0.6997541753610683,-0.9321300287963386,-0.9438420547968045,-0.6997541753610683,50,7.7027990552547445,4.6113744067276965,350,4,350,0.0002,10,0.05,9.242520332336426,14.98046875,0.5977538824081421,0.39971598982810974,0,0,0,0,0,0,1,2,9.242519855499268,14.98046875,50,4.998581241229549,4.995697846114635,5.009094969469122,7,0.006138970829984731,False,completed,7.894351482391357,14.98046875,0.05,0.01,,,0.26595744680851063,50,,,,,,,,,1.5838068723678589,5.6129,3.741,3.741,,,,,,,,,,,,,,,,,,,,,,,,,,,,,,,
llama3_8b_qlora_l40_protocol_v3_phase2_r64_seed43__1776868979,llama3_8b_qlora_l40_protocol_v3_phase2_r64_seed43,qlora,train_and_eval,protocol_v3,logging_v2,meta-llama/Meta-Llama-3-8B,True,False,43,64,128,350,8,1024,8.316989216966332,7.384859188169994,7.384859188169994,2714.8239,0.129,completed,outputs/experiments/protocol_v3/llama3_8b_qlora_l40_protocol_v3_phase2_r64_seed43/reports/comparison_row.json,outputs/experiments/protocol_v3/llama3_8b_qlora_l40_protocol_v3_phase2_r64_seed43/reports/metrics_history.jsonl,50,0.26595744680851063,eval,2026-04-22T15:30:28.473533+00:00,,8.768091201782227,9.31640625,8.646641110051549,5.311128582088765,7.7027990552547445,4.6113744067276965,350,-0.9321300287963386,-0.9438420547968045,-0.6997541753610683,-0.9321300287963386,-0.9438420547968045,-0.6997541753610683,50,7.7027990552547445,4.6113744067276965,350,4,350,0.0002,10,0.05,9.242520332336426,14.98046875,0.5977538824081421,0.39971598982810974,0,0,0,0,0,0,1,2,9.242519855499268,14.98046875,50,4.998581241229549,4.995697846114635,5.009094969469122,7,0.006138970829984731,False,completed,7.894351482391357,14.98046875,0.05,0.01,,,0.26595744680851063,50,2.0338187217712402,68.1298,3.743,3.743,2.073709487915039,62.4998,3.744,3.744,1.5838068723678589,5.6129,3.741,3.741,7.643218023586302,9.242520332336426,14.978515625,9.242520332336426,14.978515625,9.242520332336426,14.978515625,7.954274744889335,9.242520332336426,14.978515625,9.242520332336426,14.978515625,9.242520332336426,14.978515625,4.873473232729214,9.242519855499268,14.978515625,9.242519855499268,14.978515625,9.242519855499268,14.978515625,5.012966077914461,5.008030175929889,5.011054732417687,0.03875944112584328,50,,,,,
llama3_8b_qlora_l40_protocol_v3_phase2_r64_seed43__1776868979,llama3_8b_qlora_l40_protocol_v3_phase2_r64_seed43,qlora,train_and_eval,protocol_v3,logging_v2,meta-llama/Meta-Llama-3-8B,True,False,43,64,128,350,8,1024,8.316989216966332,7.384859188169994,7.384859188169994,2714.8239,0.129,completed,outputs/experiments/protocol_v3/llama3_8b_qlora_l40_protocol_v3_phase2_r64_seed43/reports/comparison_row.json,outputs/experiments/protocol_v3/llama3_8b_qlora_l40_protocol_v3_phase2_r64_seed43/reports/metrics_history.jsonl,60,0.3191489361702128,train_log,2026-04-22T15:30:28.473542+00:00,1.8798,8.768091201782227,9.31640625,8.646641110051549,5.311128582088765,7.7027990552547445,4.6113744067276965,350,-0.9321300287963386,-0.9438420547968045,-0.6997541753610683,-0.9321300287963386,-0.9438420547968045,-0.6997541753610683,50,7.7027990552547445,4.6113744067276965,350,4,350,0.0002,10,0.05,9.242520332336426,14.98046875,0.5977538824081421,0.39971598982810974,0,0,0,0,0,0,1,2,9.242519855499268,14.98046875,50,4.998581241229549,4.995697846114635,5.009094969469122,7,0.006138970829984731,False,completed,7.894351482391357,14.98046875,0.05,0.01,0.44499480724334717,0.0001746987951807229,0.3191489361702128,60,,,,,,,,,,,,,,,,,,,,,,,,,,,,,,,,,,,,,,,,,,,
llama3_8b_qlora_l40_protocol_v3_phase2_r64_seed43__1776868979,llama3_8b_qlora_l40_protocol_v3_phase2_r64_seed43,qlora,train_and_eval,protocol_v3,logging_v2,meta-llama/Meta-Llama-3-8B,True,False,43,64,128,350,8,1024,8.316989216966332,7.384859188169994,7.384859188169994,2714.8239,0.129,completed,outputs/experiments/protocol_v3/llama3_8b_qlora_l40_protocol_v3_phase2_r64_seed43/reports/comparison_row.json,outputs/experiments/protocol_v3/llama3_8b_qlora_l40_protocol_v3_phase2_r64_seed43/reports/metrics_history.jsonl,70,0.3723404255319149,train_log,2026-04-22T15:30:28.473546+00:00,1.9258,8.768091201782227,9.31640625,8.646641110051549,5.311128582088765,7.7027990552547445,4.6113744067276965,350,-0.9321300287963386,-0.9438420547968045,-0.6997541753610683,-0.9321300287963386,-0.9438420547968045,-0.6997541753610683,50,7.7027990552547445,4.6113744067276965,350,4,350,0.0002,10,0.05,9.242520332336426,14.98046875,0.5977538824081421,0.39971598982810974,0,0,0,0,0,0,1,2,9.242519855499268,14.98046875,50,4.998581241229549,4.995697846114635,5.009094969469122,7,0.006138970829984731,False,completed,7.894351482391357,14.98046875,0.05,0.01,0.4047095775604248,0.00016867469879518074,0.3723404255319149,70,,,,,,,,,,,,,,,,,,,,,,,,,,,,,,,,,,,,,,,,,,,
llama3_8b_qlora_l40_protocol_v3_phase2_r64_seed43__1776868979,llama3_8b_qlora_l40_protocol_v3_phase2_r64_seed43,qlora,train_and_eval,protocol_v3,logging_v2,meta-llama/Meta-Llama-3-8B,True,False,43,64,128,350,8,1024,8.316989216966332,7.384859188169994,7.384859188169994,2714.8239,0.129,completed,outputs/experiments/protocol_v3/llama3_8b_qlora_l40_protocol_v3_phase2_r64_seed43/reports/comparison_row.json,outputs/experiments/protocol_v3/llama3_8b_qlora_l40_protocol_v3_phase2_r64_seed43/reports/metrics_history.jsonl,80,0.425531914893617,train_log,2026-04-22T15:30:28.473550+00:00,1.9866,8.768091201782227,9.31640625,8.646641110051549,5.311128582088765,7.7027990552547445,4.6113744067276965,350,-0.9321300287963386,-0.9438420547968045,-0.6997541753610683,-0.9321300287963386,-0.9438420547968045,-0.6997541753610683,50,7.7027990552547445,4.6113744067276965,350,4,350,0.0002,10,0.05,9.242520332336426,14.98046875,0.5977538824081421,0.39971598982810974,0,0,0,0,0,0,1,2,9.242519855499268,14.98046875,50,4.998581241229549,4.995697846114635,5.009094969469122,7,0.006138970829984731,False,completed,7.894351482391357,14.98046875,0.05,0.01,0.39971598982810974,0.00016265060240963855,0.425531914893617,80,,,,,,,,,,,,,,,,,,,,,,,,,,,,,,,,,,,,,,,,,,,
llama3_8b_qlora_l40_protocol_v3_phase2_r64_seed43__1776868979,llama3_8b_qlora_l40_protocol_v3_phase2_r64_seed43,qlora,train_and_eval,protocol_v3,logging_v2,meta-llama/Meta-Llama-3-8B,True,False,43,64,128,350,8,1024,8.316989216966332,7.384859188169994,7.384859188169994,2714.8239,0.129,completed,outputs/experiments/protocol_v3/llama3_8b_qlora_l40_protocol_v3_phase2_r64_seed43/reports/comparison_row.json,outputs/experiments/protocol_v3/llama3_8b_qlora_l40_protocol_v3_phase2_r64_seed43/reports/metrics_history.jsonl,90,0.4787234042553192,train_log,2026-04-22T15:30:28.473554+00:00,1.9524,8.768091201782227,9.31640625,8.646641110051549,5.311128582088765,7.7027990552547445,4.6113744067276965,350,-0.9321300287963386,-0.9438420547968045,-0.6997541753610683,-0.9321300287963386,-0.9438420547968045,-0.6997541753610683,50,7.7027990552547445,4.6113744067276965,350,4,350,0.0002,10,0.05,9.242520332336426,14.98046875,0.5977538824081421,0.39971598982810974,0,0,0,0,0,0,1,2,9.242519855499268,14.98046875,50,4.998581241229549,4.995697846114635,5.009094969469122,7,0.006138970829984731,False,completed,7.894351482391357,14.98046875,0.05,0.01,0.42507898807525635,0.0001566265060240964,0.4787234042553192,90,,,,,,,,,,,,,,,,,,,,,,,,,,,,,,,,,,,,,,,,,,,
llama3_8b_qlora_l40_protocol_v3_phase2_r64_seed43__1776868979,llama3_8b_qlora_l40_protocol_v3_phase2_r64_seed43,qlora,train_and_eval,protocol_v3,logging_v2,meta-llama/Meta-Llama-3-8B,True,False,43,64,128,350,8,1024,8.316989216966332,7.384859188169994,7.384859188169994,2714.8239,0.129,completed,outputs/experiments/protocol_v3/llama3_8b_qlora_l40_protocol_v3_phase2_r64_seed43/reports/comparison_row.json,outputs/experiments/protocol_v3/llama3_8b_qlora_l40_protocol_v3_phase2_r64_seed43/reports/metrics_history.jsonl,100,0.5319148936170213,train_log,2026-04-22T15:30:28.473557+00:00,1.9688,8.768091201782227,9.31640625,8.646641110051549,5.311128582088765,7.7027990552547445,4.6113744067276965,350,-0.9321300287963386,-0.9438420547968045,-0.6997541753610683,-0.9321300287963386,-0.9438420547968045,-0.6997541753610683,50,7.7027990552547445,4.6113744067276965,350,4,350,0.0002,10,0.05,9.242520332336426,14.98046875,0.5977538824081421,0.39971598982810974,0,0,0,0,0,0,1,2,9.242519855499268,14.98046875,50,4.998581241229549,4.995697846114635,5.009094969469122,7,0.006138970829984731,False,completed,7.894351482391357,14.98046875,0.05,0.01,0.42545589804649353,0.00015060240963855423,0.5319148936170213,100,,,,,,,,,,,,,,,,,,,,,,,,,,,,,,,,,,,,,,,,,,,
llama3_8b_qlora_l40_protocol_v3_phase2_r64_seed43__1776868979,llama3_8b_qlora_l40_protocol_v3_phase2_r64_seed43,qlora,train_and_eval,protocol_v3,logging_v2,meta-llama/Meta-Llama-3-8B,True,False,43,64,128,350,8,1024,8.316989216966332,7.384859188169994,7.384859188169994,2714.8239,0.129,completed,outputs/experiments/protocol_v3/llama3_8b_qlora_l40_protocol_v3_phase2_r64_seed43/reports/comparison_row.json,outputs/experiments/protocol_v3/llama3_8b_qlora_l40_protocol_v3_phase2_r64_seed43/reports/metrics_history.jsonl,100,0.5319148936170213,eval,2026-04-22T15:30:28.473561+00:00,,8.768091201782227,9.31640625,8.646641110051549,5.311128582088765,7.7027990552547445,4.6113744067276965,350,-0.9321300287963386,-0.9438420547968045,-0.6997541753610683,-0.9321300287963386,-0.9438420547968045,-0.6997541753610683,50,7.7027990552547445,4.6113744067276965,350,4,350,0.0002,10,0.05,9.242520332336426,14.98046875,0.5977538824081421,0.39971598982810974,0,0,0,0,0,0,1,2,9.242519855499268,14.98046875,50,4.998581241229549,4.995697846114635,5.009094969469122,7,0.006138970829984731,False,completed,7.894351482391357,14.98046875,0.05,0.01,,,0.5319148936170213,100,2.0143356323242188,68.0663,3.746,3.746,,,,,,,,,,,,,,,,,,,,,,,,,,,,,,,,,,,,,,,
llama3_8b_qlora_l40_protocol_v3_phase2_r64_seed43__1776868979,llama3_8b_qlora_l40_protocol_v3_phase2_r64_seed43,qlora,train_and_eval,protocol_v3,logging_v2,meta-llama/Meta-Llama-3-8B,True,False,43,64,128,350,8,1024,8.316989216966332,7.384859188169994,7.384859188169994,2714.8239,0.129,completed,outputs/experiments/protocol_v3/llama3_8b_qlora_l40_protocol_v3_phase2_r64_seed43/reports/comparison_row.json,outputs/experiments/protocol_v3/llama3_8b_qlora_l40_protocol_v3_phase2_r64_seed43/reports/metrics_history.jsonl,100,0.5319148936170213,eval,2026-04-22T15:30:28.473566+00:00,,8.768091201782227,9.31640625,8.646641110051549,5.311128582088765,7.7027990552547445,4.6113744067276965,350,-0.9321300287963386,-0.9438420547968045,-0.6997541753610683,-0.9321300287963386,-0.9438420547968045,-0.6997541753610683,50,7.7027990552547445,4.6113744067276965,350,4,350,0.0002,10,0.05,9.242520332336426,14.98046875,0.5977538824081421,0.39971598982810974,0,0,0,0,0,0,1,2,9.242519855499268,14.98046875,50,4.998581241229549,4.995697846114635,5.009094969469122,7,0.006138970829984731,False,completed,7.894351482391357,14.98046875,0.05,0.01,,,0.5319148936170213,100,,,,,2.054748058319092,62.4575,3.747,3.747,,,,,,,,,,,,,,,,,,,,,,,,,,,,,,,,,,,
llama3_8b_qlora_l40_protocol_v3_phase2_r64_seed43__1776868979,llama3_8b_qlora_l40_protocol_v3_phase2_r64_seed43,qlora,train_and_eval,protocol_v3,logging_v2,meta-llama/Meta-Llama-3-8B,True,False,43,64,128,350,8,1024,8.316989216966332,7.384859188169994,7.384859188169994,2714.8239,0.129,completed,outputs/experiments/protocol_v3/llama3_8b_qlora_l40_protocol_v3_phase2_r64_seed43/reports/comparison_row.json,outputs/experiments/protocol_v3/llama3_8b_qlora_l40_protocol_v3_phase2_r64_seed43/reports/metrics_history.jsonl,100,0.5319148936170213,eval,2026-04-22T15:30:28.473570+00:00,,8.768091201782227,9.31640625,8.646641110051549,5.311128582088765,7.7027990552547445,4.6113744067276965,350,-0.9321300287963386,-0.9438420547968045,-0.6997541753610683,-0.9321300287963386,-0.9438420547968045,-0.6997541753610683,50,7.7027990552547445,4.6113744067276965,350,4,350,0.0002,10,0.05,9.242520332336426,14.98046875,0.5977538824081421,0.39971598982810974,0,0,0,0,0,0,1,2,9.242519855499268,14.98046875,50,4.998581241229549,4.995697846114635,5.009094969469122,7,0.006138970829984731,False,completed,7.894351482391357,14.98046875,0.05,0.01,,,0.5319148936170213,100,,,,,,,,,1.5603374242782593,5.6067,3.746,3.746,,,,,,,,,,,,,,,,,,,,,,,,,,,,,,,
llama3_8b_qlora_l40_protocol_v3_phase2_r64_seed43__1776868979,llama3_8b_qlora_l40_protocol_v3_phase2_r64_seed43,qlora,train_and_eval,protocol_v3,logging_v2,meta-llama/Meta-Llama-3-8B,True,False,43,64,128,350,8,1024,8.316989216966332,7.384859188169994,7.384859188169994,2714.8239,0.129,completed,outputs/experiments/protocol_v3/llama3_8b_qlora_l40_protocol_v3_phase2_r64_seed43/reports/comparison_row.json,outputs/experiments/protocol_v3/llama3_8b_qlora_l40_protocol_v3_phase2_r64_seed43/reports/metrics_history.jsonl,100,0.5319148936170213,eval,2026-04-22T15:30:28.473578+00:00,,8.768091201782227,9.31640625,8.646641110051549,5.311128582088765,7.7027990552547445,4.6113744067276965,350,-0.9321300287963386,-0.9438420547968045,-0.6997541753610683,-0.9321300287963386,-0.9438420547968045,-0.6997541753610683,50,7.7027990552547445,4.6113744067276965,350,4,350,0.0002,10,0.05,9.242520332336426,14.98046875,0.5977538824081421,0.39971598982810974,0,0,0,0,0,0,1,2,9.242519855499268,14.98046875,50,4.998581241229549,4.995697846114635,5.009094969469122,7,0.006138970829984731,False,completed,7.894351482391357,14.98046875,0.05,0.01,,,0.5319148936170213,100,2.0143356323242188,68.0663,3.746,3.746,2.054748058319092,62.4575,3.747,3.747,1.5603374242782593,5.6067,3.746,3.746,7.495745795371576,9.242520332336426,14.978515625,9.242520332336426,14.978515625,9.242520332336426,14.978515625,7.80487125252688,9.242520332336426,14.978515625,9.242520332336426,14.978515625,9.242520332336426,14.978515625,4.760427257900471,9.242519855499268,14.978515625,9.242519855499268,14.978515625,9.242519855499268,14.978515625,5.000062383096665,4.9999540485441685,5.001895060832612,0.0010269381744668724,50,,,,,
llama3_8b_qlora_l40_protocol_v3_phase2_r64_seed43__1776868979,llama3_8b_qlora_l40_protocol_v3_phase2_r64_seed43,qlora,train_and_eval,protocol_v3,logging_v2,meta-llama/Meta-Llama-3-8B,True,False,43,64,128,350,8,1024,8.316989216966332,7.384859188169994,7.384859188169994,2714.8239,0.129,completed,outputs/experiments/protocol_v3/llama3_8b_qlora_l40_protocol_v3_phase2_r64_seed43/reports/comparison_row.json,outputs/experiments/protocol_v3/llama3_8b_qlora_l40_protocol_v3_phase2_r64_seed43/reports/metrics_history.jsonl,110,0.5851063829787234,train_log,2026-04-22T15:30:28.473586+00:00,2.0124,8.768091201782227,9.31640625,8.646641110051549,5.311128582088765,7.7027990552547445,4.6113744067276965,350,-0.9321300287963386,-0.9438420547968045,-0.6997541753610683,-0.9321300287963386,-0.9438420547968045,-0.6997541753610683,50,7.7027990552547445,4.6113744067276965,350,4,350,0.0002,10,0.05,9.242520332336426,14.98046875,0.5977538824081421,0.39971598982810974,0,0,0,0,0,0,1,2,9.242519855499268,14.98046875,50,4.998581241229549,4.995697846114635,5.009094969469122,7,0.006138970829984731,False,completed,7.894351482391357,14.98046875,0.05,0.01,0.4183736741542816,0.00014457831325301204,0.5851063829787234,110,,,,,,,,,,,,,,,,,,,,,,,,,,,,,,,,,,,,,,,,,,,
llama3_8b_qlora_l40_protocol_v3_phase2_r64_seed43__1776868979,llama3_8b_qlora_l40_protocol_v3_phase2_r64_seed43,qlora,train_and_eval,protocol_v3,logging_v2,meta-llama/Meta-Llama-3-8B,True,False,43,64,128,350,8,1024,8.316989216966332,7.384859188169994,7.384859188169994,2714.8239,0.129,completed,outputs/experiments/protocol_v3/llama3_8b_qlora_l40_protocol_v3_phase2_r64_seed43/reports/comparison_row.json,outputs/experiments/protocol_v3/llama3_8b_qlora_l40_protocol_v3_phase2_r64_seed43/reports/metrics_history.jsonl,120,0.6382978723404256,train_log,2026-04-22T15:30:28.473590+00:00,1.9499,8.768091201782227,9.31640625,8.646641110051549,5.311128582088765,7.7027990552547445,4.6113744067276965,350,-0.9321300287963386,-0.9438420547968045,-0.6997541753610683,-0.9321300287963386,-0.9438420547968045,-0.6997541753610683,50,7.7027990552547445,4.6113744067276965,350,4,350,0.0002,10,0.05,9.242520332336426,14.98046875,0.5977538824081421,0.39971598982810974,0,0,0,0,0,0,1,2,9.242519855499268,14.98046875,50,4.998581241229549,4.995697846114635,5.009094969469122,7,0.006138970829984731,False,completed,7.894351482391357,14.98046875,0.05,0.01,0.4202146828174591,0.00013855421686746988,0.6382978723404256,120,,,,,,,,,,,,,,,,,,,,,,,,,,,,,,,,,,,,,,,,,,,
llama3_8b_qlora_l40_protocol_v3_phase2_r64_seed43__1776868979,llama3_8b_qlora_l40_protocol_v3_phase2_r64_seed43,qlora,train_and_eval,protocol_v3,logging_v2,meta-llama/Meta-Llama-3-8B,True,False,43,64,128,350,8,1024,8.316989216966332,7.384859188169994,7.384859188169994,2714.8239,0.129,completed,outputs/experiments/protocol_v3/llama3_8b_qlora_l40_protocol_v3_phase2_r64_seed43/reports/comparison_row.json,outputs/experiments/protocol_v3/llama3_8b_qlora_l40_protocol_v3_phase2_r64_seed43/reports/metrics_history.jsonl,130,0.6914893617021277,train_log,2026-04-22T15:30:28.473594+00:00,1.9638,8.768091201782227,9.31640625,8.646641110051549,5.311128582088765,7.7027990552547445,4.6113744067276965,350,-0.9321300287963386,-0.9438420547968045,-0.6997541753610683,-0.9321300287963386,-0.9438420547968045,-0.6997541753610683,50,7.7027990552547445,4.6113744067276965,350,4,350,0.0002,10,0.05,9.242520332336426,14.98046875,0.5977538824081421,0.39971598982810974,0,0,0,0,0,0,1,2,9.242519855499268,14.98046875,50,4.998581241229549,4.995697846114635,5.009094969469122,7,0.006138970829984731,False,completed,7.894351482391357,14.98046875,0.05,0.01,0.40890368819236755,0.00013253012048192772,0.6914893617021277,130,,,,,,,,,,,,,,,,,,,,,,,,,,,,,,,,,,,,,,,,,,,
llama3_8b_qlora_l40_protocol_v3_phase2_r64_seed43__1776868979,llama3_8b_qlora_l40_protocol_v3_phase2_r64_seed43,qlora,train_and_eval,protocol_v3,logging_v2,meta-llama/Meta-Llama-3-8B,True,False,43,64,128,350,8,1024,8.316989216966332,7.384859188169994,7.384859188169994,2714.8239,0.129,completed,outputs/experiments/protocol_v3/llama3_8b_qlora_l40_protocol_v3_phase2_r64_seed43/reports/comparison_row.json,outputs/experiments/protocol_v3/llama3_8b_qlora_l40_protocol_v3_phase2_r64_seed43/reports/metrics_history.jsonl,140,0.7446808510638298,train_log,2026-04-22T15:30:28.473598+00:00,1.9942,8.768091201782227,9.31640625,8.646641110051549,5.311128582088765,7.7027990552547445,4.6113744067276965,350,-0.9321300287963386,-0.9438420547968045,-0.6997541753610683,-0.9321300287963386,-0.9438420547968045,-0.6997541753610683,50,7.7027990552547445,4.6113744067276965,350,4,350,0.0002,10,0.05,9.242520332336426,14.98046875,0.5977538824081421,0.39971598982810974,0,0,0,0,0,0,1,2,9.242519855499268,14.98046875,50,4.998581241229549,4.995697846114635,5.009094969469122,7,0.006138970829984731,False,completed,7.894351482391357,14.98046875,0.05,0.01,0.43458810448646545,0.00012650602409638556,0.7446808510638298,140,,,,,,,,,,,,,,,,,,,,,,,,,,,,,,,,,,,,,,,,,,,
llama3_8b_qlora_l40_protocol_v3_phase2_r64_seed43__1776868979,llama3_8b_qlora_l40_protocol_v3_phase2_r64_seed43,qlora,train_and_eval,protocol_v3,logging_v2,meta-llama/Meta-Llama-3-8B,True,False,43,64,128,350,8,1024,8.316989216966332,7.384859188169994,7.384859188169994,2714.8239,0.129,completed,outputs/experiments/protocol_v3/llama3_8b_qlora_l40_protocol_v3_phase2_r64_seed43/reports/comparison_row.json,outputs/experiments/protocol_v3/llama3_8b_qlora_l40_protocol_v3_phase2_r64_seed43/reports/metrics_history.jsonl,150,0.7978723404255319,train_log,2026-04-22T15:30:28.473601+00:00,1.9502,8.768091201782227,9.31640625,8.646641110051549,5.311128582088765,7.7027990552547445,4.6113744067276965,350,-0.9321300287963386,-0.9438420547968045,-0.6997541753610683,-0.9321300287963386,-0.9438420547968045,-0.6997541753610683,50,7.7027990552547445,4.6113744067276965,350,4,350,0.0002,10,0.05,9.242520332336426,14.98046875,0.5977538824081421,0.39971598982810974,0,0,0,0,0,0,1,2,9.242519855499268,14.98046875,50,4.998581241229549,4.995697846114635,5.009094969469122,7,0.006138970829984731,False,completed,7.894351482391357,14.98046875,0.05,0.01,0.4253849685192108,0.0001204819277108434,0.7978723404255319,150,,,,,,,,,,,,,,,,,,,,,,,,,,,,,,,,,,,,,,,,,,,
llama3_8b_qlora_l40_protocol_v3_phase2_r64_seed43__1776868979,llama3_8b_qlora_l40_protocol_v3_phase2_r64_seed43,qlora,train_and_eval,protocol_v3,logging_v2,meta-llama/Meta-Llama-3-8B,True,False,43,64,128,350,8,1024,8.316989216966332,7.384859188169994,7.384859188169994,2714.8239,0.129,completed,outputs/experiments/protocol_v3/llama3_8b_qlora_l40_protocol_v3_phase2_r64_seed43/reports/comparison_row.json,outputs/experiments/protocol_v3/llama3_8b_qlora_l40_protocol_v3_phase2_r64_seed43/reports/metrics_history.jsonl,150,0.7978723404255319,eval,2026-04-22T15:30:28.473605+00:00,,8.768091201782227,9.31640625,8.646641110051549,5.311128582088765,7.7027990552547445,4.6113744067276965,350,-0.9321300287963386,-0.9438420547968045,-0.6997541753610683,-0.9321300287963386,-0.9438420547968045,-0.6997541753610683,50,7.7027990552547445,4.6113744067276965,350,4,350,0.0002,10,0.05,9.242520332336426,14.98046875,0.5977538824081421,0.39971598982810974,0,0,0,0,0,0,1,2,9.242519855499268,14.98046875,50,4.998581241229549,4.995697846114635,5.009094969469122,7,0.006138970829984731,False,completed,7.894351482391357,14.98046875,0.05,0.01,,,0.7978723404255319,150,2.0030758380889893,67.9947,3.75,3.75,,,,,,,,,,,,,,,,,,,,,,,,,,,,,,,,,,,,,,,
llama3_8b_qlora_l40_protocol_v3_phase2_r64_seed43__1776868979,llama3_8b_qlora_l40_protocol_v3_phase2_r64_seed43,qlora,train_and_eval,protocol_v3,logging_v2,meta-llama/Meta-Llama-3-8B,True,False,43,64,128,350,8,1024,8.316989216966332,7.384859188169994,7.384859188169994,2714.8239,0.129,completed,outputs/experiments/protocol_v3/llama3_8b_qlora_l40_protocol_v3_phase2_r64_seed43/reports/comparison_row.json,outputs/experiments/protocol_v3/llama3_8b_qlora_l40_protocol_v3_phase2_r64_seed43/reports/metrics_history.jsonl,150,0.7978723404255319,eval,2026-04-22T15:30:28.473609+00:00,,8.768091201782227,9.31640625,8.646641110051549,5.311128582088765,7.7027990552547445,4.6113744067276965,350,-0.9321300287963386,-0.9438420547968045,-0.6997541753610683,-0.9321300287963386,-0.9438420547968045,-0.6997541753610683,50,7.7027990552547445,4.6113744067276965,350,4,350,0.0002,10,0.05,9.242520332336426,14.98046875,0.5977538824081421,0.39971598982810974,0,0,0,0,0,0,1,2,9.242519855499268,14.98046875,50,4.998581241229549,4.995697846114635,5.009094969469122,7,0.006138970829984731,False,completed,7.894351482391357,14.98046875,0.05,0.01,,,0.7978723404255319,150,,,,,2.043900966644287,62.3905,3.751,3.751,,,,,,,,,,,,,,,,,,,,,,,,,,,,,,,,,,,
llama3_8b_qlora_l40_protocol_v3_phase2_r64_seed43__1776868979,llama3_8b_qlora_l40_protocol_v3_phase2_r64_seed43,qlora,train_and_eval,protocol_v3,logging_v2,meta-llama/Meta-Llama-3-8B,True,False,43,64,128,350,8,1024,8.316989216966332,7.384859188169994,7.384859188169994,2714.8239,0.129,completed,outputs/experiments/protocol_v3/llama3_8b_qlora_l40_protocol_v3_phase2_r64_seed43/reports/comparison_row.json,outputs/experiments/protocol_v3/llama3_8b_qlora_l40_protocol_v3_phase2_r64_seed43/reports/metrics_history.jsonl,150,0.7978723404255319,eval,2026-04-22T15:30:28.473613+00:00,,8.768091201782227,9.31640625,8.646641110051549,5.311128582088765,7.7027990552547445,4.6113744067276965,350,-0.9321300287963386,-0.9438420547968045,-0.6997541753610683,-0.9321300287963386,-0.9438420547968045,-0.6997541753610683,50,7.7027990552547445,4.6113744067276965,350,4,350,0.0002,10,0.05,9.242520332336426,14.98046875,0.5977538824081421,0.39971598982810974,0,0,0,0,0,0,1,2,9.242519855499268,14.98046875,50,4.998581241229549,4.995697846114635,5.009094969469122,7,0.006138970829984731,False,completed,7.894351482391357,14.98046875,0.05,0.01,,,0.7978723404255319,150,,,,,,,,,1.5456223487854004,5.6023,3.748,3.748,,,,,,,,,,,,,,,,,,,,,,,,,,,,,,,
llama3_8b_qlora_l40_protocol_v3_phase2_r64_seed43__1776868979,llama3_8b_qlora_l40_protocol_v3_phase2_r64_seed43,qlora,train_and_eval,protocol_v3,logging_v2,meta-llama/Meta-Llama-3-8B,True,False,43,64,128,350,8,1024,8.316989216966332,7.384859188169994,7.384859188169994,2714.8239,0.129,completed,outputs/experiments/protocol_v3/llama3_8b_qlora_l40_protocol_v3_phase2_r64_seed43/reports/comparison_row.json,outputs/experiments/protocol_v3/llama3_8b_qlora_l40_protocol_v3_phase2_r64_seed43/reports/metrics_history.jsonl,150,0.7978723404255319,eval,2026-04-22T15:30:28.473620+00:00,,8.768091201782227,9.31640625,8.646641110051549,5.311128582088765,7.7027990552547445,4.6113744067276965,350,-0.9321300287963386,-0.9438420547968045,-0.6997541753610683,-0.9321300287963386,-0.9438420547968045,-0.6997541753610683,50,7.7027990552547445,4.6113744067276965,350,4,350,0.0002,10,0.05,9.242520332336426,14.98046875,0.5977538824081421,0.39971598982810974,0,0,0,0,0,0,1,2,9.242519855499268,14.98046875,50,4.998581241229549,4.995697846114635,5.009094969469122,7,0.006138970829984731,False,completed,7.894351482391357,14.98046875,0.05,0.01,,,0.7978723404255319,150,2.0030758380889893,67.9947,3.75,3.75,2.043900966644287,62.3905,3.751,3.751,1.5456223487854004,5.6023,3.748,3.748,7.411818628102597,9.242520332336426,14.978515625,9.242520332336426,14.978515625,9.242520332336426,14.978515625,7.72066860108157,9.242520332336426,14.978515625,9.242520332336426,14.978515625,9.242520332336426,14.978515625,4.690890088526371,9.242519855499268,14.978515625,9.242519855499268,14.978515625,9.242519855499268,14.978515625,4.99408299301751,4.9941647704690695,4.995922180521302,0.0011666834707127868,50,,,,,
llama3_8b_qlora_l40_protocol_v3_phase2_r64_seed43__1776868979,llama3_8b_qlora_l40_protocol_v3_phase2_r64_seed43,qlora,train_and_eval,protocol_v3,logging_v2,meta-llama/Meta-Llama-3-8B,True,False,43,64,128,350,8,1024,8.316989216966332,7.384859188169994,7.384859188169994,2714.8239,0.129,completed,outputs/experiments/protocol_v3/llama3_8b_qlora_l40_protocol_v3_phase2_r64_seed43/reports/comparison_row.json,outputs/experiments/protocol_v3/llama3_8b_qlora_l40_protocol_v3_phase2_r64_seed43/reports/metrics_history.jsonl,160,0.851063829787234,train_log,2026-04-22T15:30:28.473629+00:00,1.9197,8.768091201782227,9.31640625,8.646641110051549,5.311128582088765,7.7027990552547445,4.6113744067276965,350,-0.9321300287963386,-0.9438420547968045,-0.6997541753610683,-0.9321300287963386,-0.9438420547968045,-0.6997541753610683,50,7.7027990552547445,4.6113744067276965,350,4,350,0.0002,10,0.05,9.242520332336426,14.98046875,0.5977538824081421,0.39971598982810974,0,0,0,0,0,0,1,2,9.242519855499268,14.98046875,50,4.998581241229549,4.995697846114635,5.009094969469122,7,0.006138970829984731,False,completed,7.894351482391357,14.98046875,0.05,0.01,0.4197429418563843,0.0001144578313253012,0.851063829787234,160,,,,,,,,,,,,,,,,,,,,,,,,,,,,,,,,,,,,,,,,,,,
llama3_8b_qlora_l40_protocol_v3_phase2_r64_seed43__1776868979,llama3_8b_qlora_l40_protocol_v3_phase2_r64_seed43,qlora,train_and_eval,protocol_v3,logging_v2,meta-llama/Meta-Llama-3-8B,True,False,43,64,128,350,8,1024,8.316989216966332,7.384859188169994,7.384859188169994,2714.8239,0.129,completed,outputs/experiments/protocol_v3/llama3_8b_qlora_l40_protocol_v3_phase2_r64_seed43/reports/comparison_row.json,outputs/experiments/protocol_v3/llama3_8b_qlora_l40_protocol_v3_phase2_r64_seed43/reports/metrics_history.jsonl,170,0.9042553191489362,train_log,2026-04-22T15:30:28.473633+00:00,1.9451,8.768091201782227,9.31640625,8.646641110051549,5.311128582088765,7.7027990552547445,4.6113744067276965,350,-0.9321300287963386,-0.9438420547968045,-0.6997541753610683,-0.9321300287963386,-0.9438420547968045,-0.6997541753610683,50,7.7027990552547445,4.6113744067276965,350,4,350,0.0002,10,0.05,9.242520332336426,14.98046875,0.5977538824081421,0.39971598982810974,0,0,0,0,0,0,1,2,9.242519855499268,14.98046875,50,4.998581241229549,4.995697846114635,5.009094969469122,7,0.006138970829984731,False,completed,7.894351482391357,14.98046875,0.05,0.01,0.422994464635849,0.00010843373493975903,0.9042553191489362,170,,,,,,,,,,,,,,,,,,,,,,,,,,,,,,,,,,,,,,,,,,,
llama3_8b_qlora_l40_protocol_v3_phase2_r64_seed43__1776868979,llama3_8b_qlora_l40_protocol_v3_phase2_r64_seed43,qlora,train_and_eval,protocol_v3,logging_v2,meta-llama/Meta-Llama-3-8B,True,False,43,64,128,350,8,1024,8.316989216966332,7.384859188169994,7.384859188169994,2714.8239,0.129,completed,outputs/experiments/protocol_v3/llama3_8b_qlora_l40_protocol_v3_phase2_r64_seed43/reports/comparison_row.json,outputs/experiments/protocol_v3/llama3_8b_qlora_l40_protocol_v3_phase2_r64_seed43/reports/metrics_history.jsonl,180,0.9574468085106383,train_log,2026-04-22T15:30:28.473637+00:00,1.9704,8.768091201782227,9.31640625,8.646641110051549,5.311128582088765,7.7027990552547445,4.6113744067276965,350,-0.9321300287963386,-0.9438420547968045,-0.6997541753610683,-0.9321300287963386,-0.9438420547968045,-0.6997541753610683,50,7.7027990552547445,4.6113744067276965,350,4,350,0.0002,10,0.05,9.242520332336426,14.98046875,0.5977538824081421,0.39971598982810974,0,0,0,0,0,0,1,2,9.242519855499268,14.98046875,50,4.998581241229549,4.995697846114635,5.009094969469122,7,0.006138970829984731,False,completed,7.894351482391357,14.98046875,0.05,0.01,0.400684118270874,0.00010240963855421688,0.9574468085106383,180,,,,,,,,,,,,,,,,,,,,,,,,,,,,,,,,,,,,,,,,,,,
llama3_8b_qlora_l40_protocol_v3_phase2_r64_seed43__1776868979,llama3_8b_qlora_l40_protocol_v3_phase2_r64_seed43,qlora,train_and_eval,protocol_v3,logging_v2,meta-llama/Meta-Llama-3-8B,True,False,43,64,128,350,8,1024,8.316989216966332,7.384859188169994,7.384859188169994,2714.8239,0.129,completed,outputs/experiments/protocol_v3/llama3_8b_qlora_l40_protocol_v3_phase2_r64_seed43/reports/comparison_row.json,outputs/experiments/protocol_v3/llama3_8b_qlora_l40_protocol_v3_phase2_r64_seed43/reports/metrics_history.jsonl,190,1.0106382978723405,train_log,2026-04-22T15:30:28.473641+00:00,1.9168,8.768091201782227,9.31640625,8.646641110051549,5.311128582088765,7.7027990552547445,4.6113744067276965,350,-0.9321300287963386,-0.9438420547968045,-0.6997541753610683,-0.9321300287963386,-0.9438420547968045,-0.6997541753610683,50,7.7027990552547445,4.6113744067276965,350,4,350,0.0002,10,0.05,9.242520332336426,14.98046875,0.5977538824081421,0.39971598982810974,0,0,0,0,0,0,1,2,9.242519855499268,14.98046875,50,4.998581241229549,4.995697846114635,5.009094969469122,7,0.006138970829984731,False,completed,7.894351482391357,14.98046875,0.05,0.01,0.5415951609611511,9.638554216867471e-05,1.0106382978723405,190,,,,,,,,,,,,,,,,,,,,,,,,,,,,,,,,,,,,,,,,,,,
llama3_8b_qlora_l40_protocol_v3_phase2_r64_seed43__1776868979,llama3_8b_qlora_l40_protocol_v3_phase2_r64_seed43,qlora,train_and_eval,protocol_v3,logging_v2,meta-llama/Meta-Llama-3-8B,True,False,43,64,128,350,8,1024,8.316989216966332,7.384859188169994,7.384859188169994,2714.8239,0.129,completed,outputs/experiments/protocol_v3/llama3_8b_qlora_l40_protocol_v3_phase2_r64_seed43/reports/comparison_row.json,outputs/experiments/protocol_v3/llama3_8b_qlora_l40_protocol_v3_phase2_r64_seed43/reports/metrics_history.jsonl,200,1.0638297872340425,train_log,2026-04-22T15:30:28.473645+00:00,1.8345,8.768091201782227,9.31640625,8.646641110051549,5.311128582088765,7.7027990552547445,4.6113744067276965,350,-0.9321300287963386,-0.9438420547968045,-0.6997541753610683,-0.9321300287963386,-0.9438420547968045,-0.6997541753610683,50,7.7027990552547445,4.6113744067276965,350,4,350,0.0002,10,0.05,9.242520332336426,14.98046875,0.5977538824081421,0.39971598982810974,0,0,0,0,0,0,1,2,9.242519855499268,14.98046875,50,4.998581241229549,4.995697846114635,5.009094969469122,7,0.006138970829984731,False,completed,7.894351482391357,14.98046875,0.05,0.01,0.4166213572025299,9.036144578313253e-05,1.0638297872340425,200,,,,,,,,,,,,,,,,,,,,,,,,,,,,,,,,,,,,,,,,,,,
llama3_8b_qlora_l40_protocol_v3_phase2_r64_seed43__1776868979,llama3_8b_qlora_l40_protocol_v3_phase2_r64_seed43,qlora,train_and_eval,protocol_v3,logging_v2,meta-llama/Meta-Llama-3-8B,True,False,43,64,128,350,8,1024,8.316989216966332,7.384859188169994,7.384859188169994,2714.8239,0.129,completed,outputs/experiments/protocol_v3/llama3_8b_qlora_l40_protocol_v3_phase2_r64_seed43/reports/comparison_row.json,outputs/experiments/protocol_v3/llama3_8b_qlora_l40_protocol_v3_phase2_r64_seed43/reports/metrics_history.jsonl,200,1.0638297872340425,eval,2026-04-22T15:30:28.473649+00:00,,8.768091201782227,9.31640625,8.646641110051549,5.311128582088765,7.7027990552547445,4.6113744067276965,350,-0.9321300287963386,-0.9438420547968045,-0.6997541753610683,-0.9321300287963386,-0.9438420547968045,-0.6997541753610683,50,7.7027990552547445,4.6113744067276965,350,4,350,0.0002,10,0.05,9.242520332336426,14.98046875,0.5977538824081421,0.39971598982810974,0,0,0,0,0,0,1,2,9.242519855499268,14.98046875,50,4.998581241229549,4.995697846114635,5.009094969469122,7,0.006138970829984731,False,completed,7.894351482391357,14.98046875,0.05,0.01,,,1.0638297872340425,200,2.001889228820801,68.0106,3.749,3.749,,,,,,,,,,,,,,,,,,,,,,,,,,,,,,,,,,,,,,,
llama3_8b_qlora_l40_protocol_v3_phase2_r64_seed43__1776868979,llama3_8b_qlora_l40_protocol_v3_phase2_r64_seed43,qlora,train_and_eval,protocol_v3,logging_v2,meta-llama/Meta-Llama-3-8B,True,False,43,64,128,350,8,1024,8.316989216966332,7.384859188169994,7.384859188169994,2714.8239,0.129,completed,outputs/experiments/protocol_v3/llama3_8b_qlora_l40_protocol_v3_phase2_r64_seed43/reports/comparison_row.json,outputs/experiments/protocol_v3/llama3_8b_qlora_l40_protocol_v3_phase2_r64_seed43/reports/metrics_history.jsonl,200,1.0638297872340425,eval,2026-04-22T15:30:28.473653+00:00,,8.768091201782227,9.31640625,8.646641110051549,5.311128582088765,7.7027990552547445,4.6113744067276965,350,-0.9321300287963386,-0.9438420547968045,-0.6997541753610683,-0.9321300287963386,-0.9438420547968045,-0.6997541753610683,50,7.7027990552547445,4.6113744067276965,350,4,350,0.0002,10,0.05,9.242520332336426,14.98046875,0.5977538824081421,0.39971598982810974,0,0,0,0,0,0,1,2,9.242519855499268,14.98046875,50,4.998581241229549,4.995697846114635,5.009094969469122,7,0.006138970829984731,False,completed,7.894351482391357,14.98046875,0.05,0.01,,,1.0638297872340425,200,,,,,2.0435128211975098,62.4088,3.749,3.749,,,,,,,,,,,,,,,,,,,,,,,,,,,,,,,,,,,
llama3_8b_qlora_l40_protocol_v3_phase2_r64_seed43__1776868979,llama3_8b_qlora_l40_protocol_v3_phase2_r64_seed43,qlora,train_and_eval,protocol_v3,logging_v2,meta-llama/Meta-Llama-3-8B,True,False,43,64,128,350,8,1024,8.316989216966332,7.384859188169994,7.384859188169994,2714.8239,0.129,completed,outputs/experiments/protocol_v3/llama3_8b_qlora_l40_protocol_v3_phase2_r64_seed43/reports/comparison_row.json,outputs/experiments/protocol_v3/llama3_8b_qlora_l40_protocol_v3_phase2_r64_seed43/reports/metrics_history.jsonl,200,1.0638297872340425,eval,2026-04-22T15:30:28.473657+00:00,,8.768091201782227,9.31640625,8.646641110051549,5.311128582088765,7.7027990552547445,4.6113744067276965,350,-0.9321300287963386,-0.9438420547968045,-0.6997541753610683,-0.9321300287963386,-0.9438420547968045,-0.6997541753610683,50,7.7027990552547445,4.6113744067276965,350,4,350,0.0002,10,0.05,9.242520332336426,14.98046875,0.5977538824081421,0.39971598982810974,0,0,0,0,0,0,1,2,9.242519855499268,14.98046875,50,4.998581241229549,4.995697846114635,5.009094969469122,7,0.006138970829984731,False,completed,7.894351482391357,14.98046875,0.05,0.01,,,1.0638297872340425,200,,,,,,,,,1.5352016687393188,5.6034,3.748,3.748,,,,,,,,,,,,,,,,,,,,,,,,,,,,,,,
llama3_8b_qlora_l40_protocol_v3_phase2_r64_seed43__1776868979,llama3_8b_qlora_l40_protocol_v3_phase2_r64_seed43,qlora,train_and_eval,protocol_v3,logging_v2,meta-llama/Meta-Llama-3-8B,True,False,43,64,128,350,8,1024,8.316989216966332,7.384859188169994,7.384859188169994,2714.8239,0.129,completed,outputs/experiments/protocol_v3/llama3_8b_qlora_l40_protocol_v3_phase2_r64_seed43/reports/comparison_row.json,outputs/experiments/protocol_v3/llama3_8b_qlora_l40_protocol_v3_phase2_r64_seed43/reports/metrics_history.jsonl,200,1.0638297872340425,eval,2026-04-22T15:30:28.473663+00:00,,8.768091201782227,9.31640625,8.646641110051549,5.311128582088765,7.7027990552547445,4.6113744067276965,350,-0.9321300287963386,-0.9438420547968045,-0.6997541753610683,-0.9321300287963386,-0.9438420547968045,-0.6997541753610683,50,7.7027990552547445,4.6113744067276965,350,4,350,0.0002,10,0.05,9.242520332336426,14.98046875,0.5977538824081421,0.39971598982810974,0,0,0,0,0,0,1,2,9.242519855499268,14.98046875,50,4.998581241229549,4.995697846114635,5.009094969469122,7,0.006138970829984731,False,completed,7.894351482391357,14.98046875,0.05,0.01,,,1.0638297872340425,200,2.001889228820801,68.0106,3.749,3.749,2.0435128211975098,62.4088,3.749,3.749,1.5352016687393188,5.6034,3.748,3.748,7.403028911435347,9.242520332336426,14.98046875,9.242520332336426,14.98046875,9.242520332336426,14.98046875,7.7176724402286965,9.242520332336426,14.98046875,9.242520332336426,14.98046875,9.242520332336426,14.98046875,4.642261634610706,9.242519855499268,14.98046875,9.242519855499268,14.98046875,9.242519855499268,14.98046875,4.996927646920085,4.996640373952687,4.99880717874039,0.0016691536456128688,50,,,,,
llama3_8b_qlora_l40_protocol_v3_phase2_r64_seed43__1776868979,llama3_8b_qlora_l40_protocol_v3_phase2_r64_seed43,qlora,train_and_eval,protocol_v3,logging_v2,meta-llama/Meta-Llama-3-8B,True,False,43,64,128,350,8,1024,8.316989216966332,7.384859188169994,7.384859188169994,2714.8239,0.129,completed,outputs/experiments/protocol_v3/llama3_8b_qlora_l40_protocol_v3_phase2_r64_seed43/reports/comparison_row.json,outputs/experiments/protocol_v3/llama3_8b_qlora_l40_protocol_v3_phase2_r64_seed43/reports/metrics_history.jsonl,210,1.1170212765957448,train_log,2026-04-22T15:30:28.473672+00:00,1.7615,8.768091201782227,9.31640625,8.646641110051549,5.311128582088765,7.7027990552547445,4.6113744067276965,350,-0.9321300287963386,-0.9438420547968045,-0.6997541753610683,-0.9321300287963386,-0.9438420547968045,-0.6997541753610683,50,7.7027990552547445,4.6113744067276965,350,4,350,0.0002,10,0.05,9.242520332336426,14.98046875,0.5977538824081421,0.39971598982810974,0,0,0,0,0,0,1,2,9.242519855499268,14.98046875,50,4.998581241229549,4.995697846114635,5.009094969469122,7,0.006138970829984731,False,completed,7.894351482391357,14.98046875,0.05,0.01,0.5977538824081421,8.433734939759037e-05,1.1170212765957448,210,,,,,,,,,,,,,,,,,,,,,,,,,,,,,,,,,,,,,,,,,,,
llama3_8b_qlora_l40_protocol_v3_phase2_r64_seed43__1776868979,llama3_8b_qlora_l40_protocol_v3_phase2_r64_seed43,qlora,train_and_eval,protocol_v3,logging_v2,meta-llama/Meta-Llama-3-8B,True,False,43,64,128,350,8,1024,8.316989216966332,7.384859188169994,7.384859188169994,2714.8239,0.129,completed,outputs/experiments/protocol_v3/llama3_8b_qlora_l40_protocol_v3_phase2_r64_seed43/reports/comparison_row.json,outputs/experiments/protocol_v3/llama3_8b_qlora_l40_protocol_v3_phase2_r64_seed43/reports/metrics_history.jsonl,220,1.1702127659574468,train_log,2026-04-22T15:30:28.473677+00:00,1.8875,8.768091201782227,9.31640625,8.646641110051549,5.311128582088765,7.7027990552547445,4.6113744067276965,350,-0.9321300287963386,-0.9438420547968045,-0.6997541753610683,-0.9321300287963386,-0.9438420547968045,-0.6997541753610683,50,7.7027990552547445,4.6113744067276965,350,4,350,0.0002,10,0.05,9.242520332336426,14.98046875,0.5977538824081421,0.39971598982810974,0,0,0,0,0,0,1,2,9.242519855499268,14.98046875,50,4.998581241229549,4.995697846114635,5.009094969469122,7,0.006138970829984731,False,completed,7.894351482391357,14.98046875,0.05,0.01,0.46750208735466003,7.83132530120482e-05,1.1702127659574468,220,,,,,,,,,,,,,,,,,,,,,,,,,,,,,,,,,,,,,,,,,,,
llama3_8b_qlora_l40_protocol_v3_phase2_r64_seed43__1776868979,llama3_8b_qlora_l40_protocol_v3_phase2_r64_seed43,qlora,train_and_eval,protocol_v3,logging_v2,meta-llama/Meta-Llama-3-8B,True,False,43,64,128,350,8,1024,8.316989216966332,7.384859188169994,7.384859188169994,2714.8239,0.129,completed,outputs/experiments/protocol_v3/llama3_8b_qlora_l40_protocol_v3_phase2_r64_seed43/reports/comparison_row.json,outputs/experiments/protocol_v3/llama3_8b_qlora_l40_protocol_v3_phase2_r64_seed43/reports/metrics_history.jsonl,230,1.2234042553191489,train_log,2026-04-22T15:30:28.473681+00:00,1.7646,8.768091201782227,9.31640625,8.646641110051549,5.311128582088765,7.7027990552547445,4.6113744067276965,350,-0.9321300287963386,-0.9438420547968045,-0.6997541753610683,-0.9321300287963386,-0.9438420547968045,-0.6997541753610683,50,7.7027990552547445,4.6113744067276965,350,4,350,0.0002,10,0.05,9.242520332336426,14.98046875,0.5977538824081421,0.39971598982810974,0,0,0,0,0,0,1,2,9.242519855499268,14.98046875,50,4.998581241229549,4.995697846114635,5.009094969469122,7,0.006138970829984731,False,completed,7.894351482391357,14.98046875,0.05,0.01,0.4772334098815918,7.228915662650602e-05,1.2234042553191489,230,,,,,,,,,,,,,,,,,,,,,,,,,,,,,,,,,,,,,,,,,,,
llama3_8b_qlora_l40_protocol_v3_phase2_r64_seed43__1776868979,llama3_8b_qlora_l40_protocol_v3_phase2_r64_seed43,qlora,train_and_eval,protocol_v3,logging_v2,meta-llama/Meta-Llama-3-8B,True,False,43,64,128,350,8,1024,8.316989216966332,7.384859188169994,7.384859188169994,2714.8239,0.129,completed,outputs/experiments/protocol_v3/llama3_8b_qlora_l40_protocol_v3_phase2_r64_seed43/reports/comparison_row.json,outputs/experiments/protocol_v3/llama3_8b_qlora_l40_protocol_v3_phase2_r64_seed43/reports/metrics_history.jsonl,240,1.2765957446808511,train_log,2026-04-22T15:30:28.473685+00:00,1.8231,8.768091201782227,9.31640625,8.646641110051549,5.311128582088765,7.7027990552547445,4.6113744067276965,350,-0.9321300287963386,-0.9438420547968045,-0.6997541753610683,-0.9321300287963386,-0.9438420547968045,-0.6997541753610683,50,7.7027990552547445,4.6113744067276965,350,4,350,0.0002,10,0.05,9.242520332336426,14.98046875,0.5977538824081421,0.39971598982810974,0,0,0,0,0,0,1,2,9.242519855499268,14.98046875,50,4.998581241229549,4.995697846114635,5.009094969469122,7,0.006138970829984731,False,completed,7.894351482391357,14.98046875,0.05,0.01,0.45669886469841003,6.626506024096386e-05,1.2765957446808511,240,,,,,,,,,,,,,,,,,,,,,,,,,,,,,,,,,,,,,,,,,,,
llama3_8b_qlora_l40_protocol_v3_phase2_r64_seed43__1776868979,llama3_8b_qlora_l40_protocol_v3_phase2_r64_seed43,qlora,train_and_eval,protocol_v3,logging_v2,meta-llama/Meta-Llama-3-8B,True,False,43,64,128,350,8,1024,8.316989216966332,7.384859188169994,7.384859188169994,2714.8239,0.129,completed,outputs/experiments/protocol_v3/llama3_8b_qlora_l40_protocol_v3_phase2_r64_seed43/reports/comparison_row.json,outputs/experiments/protocol_v3/llama3_8b_qlora_l40_protocol_v3_phase2_r64_seed43/reports/metrics_history.jsonl,250,1.3297872340425532,train_log,2026-04-22T15:30:28.473690+00:00,1.7944,8.768091201782227,9.31640625,8.646641110051549,5.311128582088765,7.7027990552547445,4.6113744067276965,350,-0.9321300287963386,-0.9438420547968045,-0.6997541753610683,-0.9321300287963386,-0.9438420547968045,-0.6997541753610683,50,7.7027990552547445,4.6113744067276965,350,4,350,0.0002,10,0.05,9.242520332336426,14.98046875,0.5977538824081421,0.39971598982810974,0,0,0,0,0,0,1,2,9.242519855499268,14.98046875,50,4.998581241229549,4.995697846114635,5.009094969469122,7,0.006138970829984731,False,completed,7.894351482391357,14.98046875,0.05,0.01,0.5064685940742493,6.02409638554217e-05,1.3297872340425532,250,,,,,,,,,,,,,,,,,,,,,,,,,,,,,,,,,,,,,,,,,,,
llama3_8b_qlora_l40_protocol_v3_phase2_r64_seed43__1776868979,llama3_8b_qlora_l40_protocol_v3_phase2_r64_seed43,qlora,train_and_eval,protocol_v3,logging_v2,meta-llama/Meta-Llama-3-8B,True,False,43,64,128,350,8,1024,8.316989216966332,7.384859188169994,7.384859188169994,2714.8239,0.129,completed,outputs/experiments/protocol_v3/llama3_8b_qlora_l40_protocol_v3_phase2_r64_seed43/reports/comparison_row.json,outputs/experiments/protocol_v3/llama3_8b_qlora_l40_protocol_v3_phase2_r64_seed43/reports/metrics_history.jsonl,250,1.3297872340425532,eval,2026-04-22T15:30:28.473694+00:00,,8.768091201782227,9.31640625,8.646641110051549,5.311128582088765,7.7027990552547445,4.6113744067276965,350,-0.9321300287963386,-0.9438420547968045,-0.6997541753610683,-0.9321300287963386,-0.9438420547968045,-0.6997541753610683,50,7.7027990552547445,4.6113744067276965,350,4,350,0.0002,10,0.05,9.242520332336426,14.98046875,0.5977538824081421,0.39971598982810974,0,0,0,0,0,0,1,2,9.242519855499268,14.98046875,50,4.998581241229549,4.995697846114635,5.009094969469122,7,0.006138970829984731,False,completed,7.894351482391357,14.98046875,0.05,0.01,,,1.3297872340425532,250,2.0040650367736816,68.0038,3.75,3.75,,,,,,,,,,,,,,,,,,,,,,,,,,,,,,,,,,,,,,,
llama3_8b_qlora_l40_protocol_v3_phase2_r64_seed43__1776868979,llama3_8b_qlora_l40_protocol_v3_phase2_r64_seed43,qlora,train_and_eval,protocol_v3,logging_v2,meta-llama/Meta-Llama-3-8B,True,False,43,64,128,350,8,1024,8.316989216966332,7.384859188169994,7.384859188169994,2714.8239,0.129,completed,outputs/experiments/protocol_v3/llama3_8b_qlora_l40_protocol_v3_phase2_r64_seed43/reports/comparison_row.json,outputs/experiments/protocol_v3/llama3_8b_qlora_l40_protocol_v3_phase2_r64_seed43/reports/metrics_history.jsonl,250,1.3297872340425532,eval,2026-04-22T15:30:28.473699+00:00,,8.768091201782227,9.31640625,8.646641110051549,5.311128582088765,7.7027990552547445,4.6113744067276965,350,-0.9321300287963386,-0.9438420547968045,-0.6997541753610683,-0.9321300287963386,-0.9438420547968045,-0.6997541753610683,50,7.7027990552547445,4.6113744067276965,350,4,350,0.0002,10,0.05,9.242520332336426,14.98046875,0.5977538824081421,0.39971598982810974,0,0,0,0,0,0,1,2,9.242519855499268,14.98046875,50,4.998581241229549,4.995697846114635,5.009094969469122,7,0.006138970829984731,False,completed,7.894351482391357,14.98046875,0.05,0.01,,,1.3297872340425532,250,,,,,2.0458452701568604,62.4159,3.749,3.749,,,,,,,,,,,,,,,,,,,,,,,,,,,,,,,,,,,
llama3_8b_qlora_l40_protocol_v3_phase2_r64_seed43__1776868979,llama3_8b_qlora_l40_protocol_v3_phase2_r64_seed43,qlora,train_and_eval,protocol_v3,logging_v2,meta-llama/Meta-Llama-3-8B,True,False,43,64,128,350,8,1024,8.316989216966332,7.384859188169994,7.384859188169994,2714.8239,0.129,completed,outputs/experiments/protocol_v3/llama3_8b_qlora_l40_protocol_v3_phase2_r64_seed43/reports/comparison_row.json,outputs/experiments/protocol_v3/llama3_8b_qlora_l40_protocol_v3_phase2_r64_seed43/reports/metrics_history.jsonl,250,1.3297872340425532,eval,2026-04-22T15:30:28.473704+00:00,,8.768091201782227,9.31640625,8.646641110051549,5.311128582088765,7.7027990552547445,4.6113744067276965,350,-0.9321300287963386,-0.9438420547968045,-0.6997541753610683,-0.9321300287963386,-0.9438420547968045,-0.6997541753610683,50,7.7027990552547445,4.6113744067276965,350,4,350,0.0002,10,0.05,9.242520332336426,14.98046875,0.5977538824081421,0.39971598982810974,0,0,0,0,0,0,1,2,9.242519855499268,14.98046875,50,4.998581241229549,4.995697846114635,5.009094969469122,7,0.006138970829984731,False,completed,7.894351482391357,14.98046875,0.05,0.01,,,1.3297872340425532,250,,,,,,,,,1.535642385482788,5.6062,3.746,3.746,,,,,,,,,,,,,,,,,,,,,,,,,,,,,,,
llama3_8b_qlora_l40_protocol_v3_phase2_r64_seed43__1776868979,llama3_8b_qlora_l40_protocol_v3_phase2_r64_seed43,qlora,train_and_eval,protocol_v3,logging_v2,meta-llama/Meta-Llama-3-8B,True,False,43,64,128,350,8,1024,8.316989216966332,7.384859188169994,7.384859188169994,2714.8239,0.129,completed,outputs/experiments/protocol_v3/llama3_8b_qlora_l40_protocol_v3_phase2_r64_seed43/reports/comparison_row.json,outputs/experiments/protocol_v3/llama3_8b_qlora_l40_protocol_v3_phase2_r64_seed43/reports/metrics_history.jsonl,250,1.3297872340425532,eval,2026-04-22T15:30:28.473710+00:00,,8.768091201782227,9.31640625,8.646641110051549,5.311128582088765,7.7027990552547445,4.6113744067276965,350,-0.9321300287963386,-0.9438420547968045,-0.6997541753610683,-0.9321300287963386,-0.9438420547968045,-0.6997541753610683,50,7.7027990552547445,4.6113744067276965,350,4,350,0.0002,10,0.05,9.242520332336426,14.98046875,0.5977538824081421,0.39971598982810974,0,0,0,0,0,0,1,2,9.242519855499268,14.98046875,50,4.998581241229549,4.995697846114635,5.009094969469122,7,0.006138970829984731,False,completed,7.894351482391357,14.98046875,0.05,0.01,,,1.3297872340425532,250,2.0040650367736816,68.0038,3.75,3.75,2.0458452701568604,62.4159,3.749,3.749,1.535642385482788,5.6062,3.746,3.746,7.419154016820982,9.242520332336426,14.98046875,9.242520332336426,14.98046875,9.242520332336426,14.98046875,7.735694526908688,9.242520332336426,14.98046875,9.242520332336426,14.98046875,9.242520332336426,14.98046875,4.644308007943017,9.242519855499268,14.98046875,9.242519855499268,14.98046875,9.242519855499268,14.98046875,4.995365047883243,4.995165856322274,4.996847639116458,0.0016481748172353621,50,,,,,
llama3_8b_qlora_l40_protocol_v3_phase2_r64_seed43__1776868979,llama3_8b_qlora_l40_protocol_v3_phase2_r64_seed43,qlora,train_and_eval,protocol_v3,logging_v2,meta-llama/Meta-Llama-3-8B,True,False,43,64,128,350,8,1024,8.316989216966332,7.384859188169994,7.384859188169994,2714.8239,0.129,completed,outputs/experiments/protocol_v3/llama3_8b_qlora_l40_protocol_v3_phase2_r64_seed43/reports/comparison_row.json,outputs/experiments/protocol_v3/llama3_8b_qlora_l40_protocol_v3_phase2_r64_seed43/reports/metrics_history.jsonl,260,1.3829787234042552,train_log,2026-04-22T15:30:28.473720+00:00,1.7835,8.768091201782227,9.31640625,8.646641110051549,5.311128582088765,7.7027990552547445,4.6113744067276965,350,-0.9321300287963386,-0.9438420547968045,-0.6997541753610683,-0.9321300287963386,-0.9438420547968045,-0.6997541753610683,50,7.7027990552547445,4.6113744067276965,350,4,350,0.0002,10,0.05,9.242520332336426,14.98046875,0.5977538824081421,0.39971598982810974,0,0,0,0,0,0,1,2,9.242519855499268,14.98046875,50,4.998581241229549,4.995697846114635,5.009094969469122,7,0.006138970829984731,False,completed,7.894351482391357,14.98046875,0.05,0.01,0.492087721824646,5.4216867469879516e-05,1.3829787234042552,260,,,,,,,,,,,,,,,,,,,,,,,,,,,,,,,,,,,,,,,,,,,
llama3_8b_qlora_l40_protocol_v3_phase2_r64_seed43__1776868979,llama3_8b_qlora_l40_protocol_v3_phase2_r64_seed43,qlora,train_and_eval,protocol_v3,logging_v2,meta-llama/Meta-Llama-3-8B,True,False,43,64,128,350,8,1024,8.316989216966332,7.384859188169994,7.384859188169994,2714.8239,0.129,completed,outputs/experiments/protocol_v3/llama3_8b_qlora_l40_protocol_v3_phase2_r64_seed43/reports/comparison_row.json,outputs/experiments/protocol_v3/llama3_8b_qlora_l40_protocol_v3_phase2_r64_seed43/reports/metrics_history.jsonl,270,1.4361702127659575,train_log,2026-04-22T15:30:28.473724+00:00,1.7876,8.768091201782227,9.31640625,8.646641110051549,5.311128582088765,7.7027990552547445,4.6113744067276965,350,-0.9321300287963386,-0.9438420547968045,-0.6997541753610683,-0.9321300287963386,-0.9438420547968045,-0.6997541753610683,50,7.7027990552547445,4.6113744067276965,350,4,350,0.0002,10,0.05,9.242520332336426,14.98046875,0.5977538824081421,0.39971598982810974,0,0,0,0,0,0,1,2,9.242519855499268,14.98046875,50,4.998581241229549,4.995697846114635,5.009094969469122,7,0.006138970829984731,False,completed,7.894351482391357,14.98046875,0.05,0.01,0.524648904800415,4.8192771084337354e-05,1.4361702127659575,270,,,,,,,,,,,,,,,,,,,,,,,,,,,,,,,,,,,,,,,,,,,
llama3_8b_qlora_l40_protocol_v3_phase2_r64_seed43__1776868979,llama3_8b_qlora_l40_protocol_v3_phase2_r64_seed43,qlora,train_and_eval,protocol_v3,logging_v2,meta-llama/Meta-Llama-3-8B,True,False,43,64,128,350,8,1024,8.316989216966332,7.384859188169994,7.384859188169994,2714.8239,0.129,completed,outputs/experiments/protocol_v3/llama3_8b_qlora_l40_protocol_v3_phase2_r64_seed43/reports/comparison_row.json,outputs/experiments/protocol_v3/llama3_8b_qlora_l40_protocol_v3_phase2_r64_seed43/reports/metrics_history.jsonl,280,1.4893617021276595,train_log,2026-04-22T15:30:28.473730+00:00,1.7379,8.768091201782227,9.31640625,8.646641110051549,5.311128582088765,7.7027990552547445,4.6113744067276965,350,-0.9321300287963386,-0.9438420547968045,-0.6997541753610683,-0.9321300287963386,-0.9438420547968045,-0.6997541753610683,50,7.7027990552547445,4.6113744067276965,350,4,350,0.0002,10,0.05,9.242520332336426,14.98046875,0.5977538824081421,0.39971598982810974,0,0,0,0,0,0,1,2,9.242519855499268,14.98046875,50,4.998581241229549,4.995697846114635,5.009094969469122,7,0.006138970829984731,False,completed,7.894351482391357,14.98046875,0.05,0.01,0.5433681607246399,4.2168674698795186e-05,1.4893617021276595,280,,,,,,,,,,,,,,,,,,,,,,,,,,,,,,,,,,,,,,,,,,,
llama3_8b_qlora_l40_protocol_v3_phase2_r64_seed43__1776868979,llama3_8b_qlora_l40_protocol_v3_phase2_r64_seed43,qlora,train_and_eval,protocol_v3,logging_v2,meta-llama/Meta-Llama-3-8B,True,False,43,64,128,350,8,1024,8.316989216966332,7.384859188169994,7.384859188169994,2714.8239,0.129,completed,outputs/experiments/protocol_v3/llama3_8b_qlora_l40_protocol_v3_phase2_r64_seed43/reports/comparison_row.json,outputs/experiments/protocol_v3/llama3_8b_qlora_l40_protocol_v3_phase2_r64_seed43/reports/metrics_history.jsonl,290,1.5425531914893615,train_log,2026-04-22T15:30:28.473734+00:00,1.7549,8.768091201782227,9.31640625,8.646641110051549,5.311128582088765,7.7027990552547445,4.6113744067276965,350,-0.9321300287963386,-0.9438420547968045,-0.6997541753610683,-0.9321300287963386,-0.9438420547968045,-0.6997541753610683,50,7.7027990552547445,4.6113744067276965,350,4,350,0.0002,10,0.05,9.242520332336426,14.98046875,0.5977538824081421,0.39971598982810974,0,0,0,0,0,0,1,2,9.242519855499268,14.98046875,50,4.998581241229549,4.995697846114635,5.009094969469122,7,0.006138970829984731,False,completed,7.894351482391357,14.98046875,0.05,0.01,0.5192951560020447,3.614457831325301e-05,1.5425531914893615,290,,,,,,,,,,,,,,,,,,,,,,,,,,,,,,,,,,,,,,,,,,,
llama3_8b_qlora_l40_protocol_v3_phase2_r64_seed43__1776868979,llama3_8b_qlora_l40_protocol_v3_phase2_r64_seed43,qlora,train_and_eval,protocol_v3,logging_v2,meta-llama/Meta-Llama-3-8B,True,False,43,64,128,350,8,1024,8.316989216966332,7.384859188169994,7.384859188169994,2714.8239,0.129,completed,outputs/experiments/protocol_v3/llama3_8b_qlora_l40_protocol_v3_phase2_r64_seed43/reports/comparison_row.json,outputs/experiments/protocol_v3/llama3_8b_qlora_l40_protocol_v3_phase2_r64_seed43/reports/metrics_history.jsonl,300,1.5957446808510638,train_log,2026-04-22T15:30:28.473737+00:00,1.7826,8.768091201782227,9.31640625,8.646641110051549,5.311128582088765,7.7027990552547445,4.6113744067276965,350,-0.9321300287963386,-0.9438420547968045,-0.6997541753610683,-0.9321300287963386,-0.9438420547968045,-0.6997541753610683,50,7.7027990552547445,4.6113744067276965,350,4,350,0.0002,10,0.05,9.242520332336426,14.98046875,0.5977538824081421,0.39971598982810974,0,0,0,0,0,0,1,2,9.242519855499268,14.98046875,50,4.998581241229549,4.995697846114635,5.009094969469122,7,0.006138970829984731,False,completed,7.894351482391357,14.98046875,0.05,0.01,0.5100167989730835,3.012048192771085e-05,1.5957446808510638,300,,,,,,,,,,,,,,,,,,,,,,,,,,,,,,,,,,,,,,,,,,,
llama3_8b_qlora_l40_protocol_v3_phase2_r64_seed43__1776868979,llama3_8b_qlora_l40_protocol_v3_phase2_r64_seed43,qlora,train_and_eval,protocol_v3,logging_v2,meta-llama/Meta-Llama-3-8B,True,False,43,64,128,350,8,1024,8.316989216966332,7.384859188169994,7.384859188169994,2714.8239,0.129,completed,outputs/experiments/protocol_v3/llama3_8b_qlora_l40_protocol_v3_phase2_r64_seed43/reports/comparison_row.json,outputs/experiments/protocol_v3/llama3_8b_qlora_l40_protocol_v3_phase2_r64_seed43/reports/metrics_history.jsonl,300,1.5957446808510638,eval,2026-04-22T15:30:28.473741+00:00,,8.768091201782227,9.31640625,8.646641110051549,5.311128582088765,7.7027990552547445,4.6113744067276965,350,-0.9321300287963386,-0.9438420547968045,-0.6997541753610683,-0.9321300287963386,-0.9438420547968045,-0.6997541753610683,50,7.7027990552547445,4.6113744067276965,350,4,350,0.0002,10,0.05,9.242520332336426,14.98046875,0.5977538824081421,0.39971598982810974,0,0,0,0,0,0,1,2,9.242519855499268,14.98046875,50,4.998581241229549,4.995697846114635,5.009094969469122,7,0.006138970829984731,False,completed,7.894351482391357,14.98046875,0.05,0.01,,,1.5957446808510638,300,2.0010595321655273,68.009,3.75,3.75,,,,,,,,,,,,,,,,,,,,,,,,,,,,,,,,,,,,,,,
llama3_8b_qlora_l40_protocol_v3_phase2_r64_seed43__1776868979,llama3_8b_qlora_l40_protocol_v3_phase2_r64_seed43,qlora,train_and_eval,protocol_v3,logging_v2,meta-llama/Meta-Llama-3-8B,True,False,43,64,128,350,8,1024,8.316989216966332,7.384859188169994,7.384859188169994,2714.8239,0.129,completed,outputs/experiments/protocol_v3/llama3_8b_qlora_l40_protocol_v3_phase2_r64_seed43/reports/comparison_row.json,outputs/experiments/protocol_v3/llama3_8b_qlora_l40_protocol_v3_phase2_r64_seed43/reports/metrics_history.jsonl,300,1.5957446808510638,eval,2026-04-22T15:30:28.473745+00:00,,8.768091201782227,9.31640625,8.646641110051549,5.311128582088765,7.7027990552547445,4.6113744067276965,350,-0.9321300287963386,-0.9438420547968045,-0.6997541753610683,-0.9321300287963386,-0.9438420547968045,-0.6997541753610683,50,7.7027990552547445,4.6113744067276965,350,4,350,0.0002,10,0.05,9.242520332336426,14.98046875,0.5977538824081421,0.39971598982810974,0,0,0,0,0,0,1,2,9.242519855499268,14.98046875,50,4.998581241229549,4.995697846114635,5.009094969469122,7,0.006138970829984731,False,completed,7.894351482391357,14.98046875,0.05,0.01,,,1.5957446808510638,300,,,,,2.0430991649627686,62.4144,3.749,3.749,,,,,,,,,,,,,,,,,,,,,,,,,,,,,,,,,,,
llama3_8b_qlora_l40_protocol_v3_phase2_r64_seed43__1776868979,llama3_8b_qlora_l40_protocol_v3_phase2_r64_seed43,qlora,train_and_eval,protocol_v3,logging_v2,meta-llama/Meta-Llama-3-8B,True,False,43,64,128,350,8,1024,8.316989216966332,7.384859188169994,7.384859188169994,2714.8239,0.129,completed,outputs/experiments/protocol_v3/llama3_8b_qlora_l40_protocol_v3_phase2_r64_seed43/reports/comparison_row.json,outputs/experiments/protocol_v3/llama3_8b_qlora_l40_protocol_v3_phase2_r64_seed43/reports/metrics_history.jsonl,300,1.5957446808510638,eval,2026-04-22T15:30:28.473749+00:00,,8.768091201782227,9.31640625,8.646641110051549,5.311128582088765,7.7027990552547445,4.6113744067276965,350,-0.9321300287963386,-0.9438420547968045,-0.6997541753610683,-0.9321300287963386,-0.9438420547968045,-0.6997541753610683,50,7.7027990552547445,4.6113744067276965,350,4,350,0.0002,10,0.05,9.242520332336426,14.98046875,0.5977538824081421,0.39971598982810974,0,0,0,0,0,0,1,2,9.242519855499268,14.98046875,50,4.998581241229549,4.995697846114635,5.009094969469122,7,0.006138970829984731,False,completed,7.894351482391357,14.98046875,0.05,0.01,,,1.5957446808510638,300,,,,,,,,,1.5313363075256348,5.605,3.747,3.747,,,,,,,,,,,,,,,,,,,,,,,,,,,,,,,
llama3_8b_qlora_l40_protocol_v3_phase2_r64_seed43__1776868979,llama3_8b_qlora_l40_protocol_v3_phase2_r64_seed43,qlora,train_and_eval,protocol_v3,logging_v2,meta-llama/Meta-Llama-3-8B,True,False,43,64,128,350,8,1024,8.316989216966332,7.384859188169994,7.384859188169994,2714.8239,0.129,completed,outputs/experiments/protocol_v3/llama3_8b_qlora_l40_protocol_v3_phase2_r64_seed43/reports/comparison_row.json,outputs/experiments/protocol_v3/llama3_8b_qlora_l40_protocol_v3_phase2_r64_seed43/reports/metrics_history.jsonl,300,1.5957446808510638,eval,2026-04-22T15:30:28.473756+00:00,,8.768091201782227,9.31640625,8.646641110051549,5.311128582088765,7.7027990552547445,4.6113744067276965,350,-0.9321300287963386,-0.9438420547968045,-0.6997541753610683,-0.9321300287963386,-0.9438420547968045,-0.6997541753610683,50,7.7027990552547445,4.6113744067276965,350,4,350,0.0002,10,0.05,9.242520332336426,14.98046875,0.5977538824081421,0.39971598982810974,0,0,0,0,0,0,1,2,9.242519855499268,14.98046875,50,4.998581241229549,4.995697846114635,5.009094969469122,7,0.006138970829984731,False,completed,7.894351482391357,14.98046875,0.05,0.01,,,1.5957446808510638,300,2.0010595321655273,68.009,3.75,3.75,2.0430991649627686,62.4144,3.749,3.749,1.5313363075256348,5.605,3.747,3.747,7.396889190513806,9.242520332336426,14.98046875,9.242520332336426,14.98046875,9.242520332336426,14.98046875,7.714480637106249,9.242520332336426,14.98046875,9.242520332336426,14.98046875,9.242520332336426,14.98046875,4.624352251959732,9.242519855499268,14.98046875,9.242519855499268,14.98046875,9.242519855499268,14.98046875,4.995697846114635,4.995373819023371,4.998115525394678,0.0011092319528965822,50,,,,,
llama3_8b_qlora_l40_protocol_v3_phase2_r64_seed43__1776868979,llama3_8b_qlora_l40_protocol_v3_phase2_r64_seed43,qlora,train_and_eval,protocol_v3,logging_v2,meta-llama/Meta-Llama-3-8B,True,False,43,64,128,350,8,1024,8.316989216966332,7.384859188169994,7.384859188169994,2714.8239,0.129,completed,outputs/experiments/protocol_v3/llama3_8b_qlora_l40_protocol_v3_phase2_r64_seed43/reports/comparison_row.json,outputs/experiments/protocol_v3/llama3_8b_qlora_l40_protocol_v3_phase2_r64_seed43/reports/metrics_history.jsonl,310,1.648936170212766,train_log,2026-04-22T15:30:28.473765+00:00,1.7441,8.768091201782227,9.31640625,8.646641110051549,5.311128582088765,7.7027990552547445,4.6113744067276965,350,-0.9321300287963386,-0.9438420547968045,-0.6997541753610683,-0.9321300287963386,-0.9438420547968045,-0.6997541753610683,50,7.7027990552547445,4.6113744067276965,350,4,350,0.0002,10,0.05,9.242520332336426,14.98046875,0.5977538824081421,0.39971598982810974,0,0,0,0,0,0,1,2,9.242519855499268,14.98046875,50,4.998581241229549,4.995697846114635,5.009094969469122,7,0.006138970829984731,False,completed,7.894351482391357,14.98046875,0.05,0.01,0.5114125609397888,2.4096385542168677e-05,1.648936170212766,310,,,,,,,,,,,,,,,,,,,,,,,,,,,,,,,,,,,,,,,,,,,
llama3_8b_qlora_l40_protocol_v3_phase2_r64_seed43__1776868979,llama3_8b_qlora_l40_protocol_v3_phase2_r64_seed43,qlora,train_and_eval,protocol_v3,logging_v2,meta-llama/Meta-Llama-3-8B,True,False,43,64,128,350,8,1024,8.316989216966332,7.384859188169994,7.384859188169994,2714.8239,0.129,completed,outputs/experiments/protocol_v3/llama3_8b_qlora_l40_protocol_v3_phase2_r64_seed43/reports/comparison_row.json,outputs/experiments/protocol_v3/llama3_8b_qlora_l40_protocol_v3_phase2_r64_seed43/reports/metrics_history.jsonl,320,1.702127659574468,train_log,2026-04-22T15:30:28.473772+00:00,1.7819,8.768091201782227,9.31640625,8.646641110051549,5.311128582088765,7.7027990552547445,4.6113744067276965,350,-0.9321300287963386,-0.9438420547968045,-0.6997541753610683,-0.9321300287963386,-0.9438420547968045,-0.6997541753610683,50,7.7027990552547445,4.6113744067276965,350,4,350,0.0002,10,0.05,9.242520332336426,14.98046875,0.5977538824081421,0.39971598982810974,0,0,0,0,0,0,1,2,9.242519855499268,14.98046875,50,4.998581241229549,4.995697846114635,5.009094969469122,7,0.006138970829984731,False,completed,7.894351482391357,14.98046875,0.05,0.01,0.486339271068573,1.8072289156626505e-05,1.702127659574468,320,,,,,,,,,,,,,,,,,,,,,,,,,,,,,,,,,,,,,,,,,,,
llama3_8b_qlora_l40_protocol_v3_phase2_r64_seed43__1776868979,llama3_8b_qlora_l40_protocol_v3_phase2_r64_seed43,qlora,train_and_eval,protocol_v3,logging_v2,meta-llama/Meta-Llama-3-8B,True,False,43,64,128,350,8,1024,8.316989216966332,7.384859188169994,7.384859188169994,2714.8239,0.129,completed,outputs/experiments/protocol_v3/llama3_8b_qlora_l40_protocol_v3_phase2_r64_seed43/reports/comparison_row.json,outputs/experiments/protocol_v3/llama3_8b_qlora_l40_protocol_v3_phase2_r64_seed43/reports/metrics_history.jsonl,330,1.7553191489361701,train_log,2026-04-22T15:30:28.473776+00:00,1.7363,8.768091201782227,9.31640625,8.646641110051549,5.311128582088765,7.7027990552547445,4.6113744067276965,350,-0.9321300287963386,-0.9438420547968045,-0.6997541753610683,-0.9321300287963386,-0.9438420547968045,-0.6997541753610683,50,7.7027990552547445,4.6113744067276965,350,4,350,0.0002,10,0.05,9.242520332336426,14.98046875,0.5977538824081421,0.39971598982810974,0,0,0,0,0,0,1,2,9.242519855499268,14.98046875,50,4.998581241229549,4.995697846114635,5.009094969469122,7,0.006138970829984731,False,completed,7.894351482391357,14.98046875,0.05,0.01,0.5149024724960327,1.2048192771084338e-05,1.7553191489361701,330,,,,,,,,,,,,,,,,,,,,,,,,,,,,,,,,,,,,,,,,,,,
llama3_8b_qlora_l40_protocol_v3_phase2_r64_seed43__1776868979,llama3_8b_qlora_l40_protocol_v3_phase2_r64_seed43,qlora,train_and_eval,protocol_v3,logging_v2,meta-llama/Meta-Llama-3-8B,True,False,43,64,128,350,8,1024,8.316989216966332,7.384859188169994,7.384859188169994,2714.8239,0.129,completed,outputs/experiments/protocol_v3/llama3_8b_qlora_l40_protocol_v3_phase2_r64_seed43/reports/comparison_row.json,outputs/experiments/protocol_v3/llama3_8b_qlora_l40_protocol_v3_phase2_r64_seed43/reports/metrics_history.jsonl,340,1.8085106382978724,train_log,2026-04-22T15:30:28.473780+00:00,1.8737,8.768091201782227,9.31640625,8.646641110051549,5.311128582088765,7.7027990552547445,4.6113744067276965,350,-0.9321300287963386,-0.9438420547968045,-0.6997541753610683,-0.9321300287963386,-0.9438420547968045,-0.6997541753610683,50,7.7027990552547445,4.6113744067276965,350,4,350,0.0002,10,0.05,9.242520332336426,14.98046875,0.5977538824081421,0.39971598982810974,0,0,0,0,0,0,1,2,9.242519855499268,14.98046875,50,4.998581241229549,4.995697846114635,5.009094969469122,7,0.006138970829984731,False,completed,7.894351482391357,14.98046875,0.05,0.01,0.5485795736312866,6.024096385542169e-06,1.8085106382978724,340,,,,,,,,,,,,,,,,,,,,,,,,,,,,,,,,,,,,,,,,,,,
llama3_8b_qlora_l40_protocol_v3_phase2_r64_seed43__1776868979,llama3_8b_qlora_l40_protocol_v3_phase2_r64_seed43,qlora,train_and_eval,protocol_v3,logging_v2,meta-llama/Meta-Llama-3-8B,True,False,43,64,128,350,8,1024,8.316989216966332,7.384859188169994,7.384859188169994,2714.8239,0.129,completed,outputs/experiments/protocol_v3/llama3_8b_qlora_l40_protocol_v3_phase2_r64_seed43/reports/comparison_row.json,outputs/experiments/protocol_v3/llama3_8b_qlora_l40_protocol_v3_phase2_r64_seed43/reports/metrics_history.jsonl,350,1.8617021276595744,train_log,2026-04-22T15:30:28.473784+00:00,1.795,8.768091201782227,9.31640625,8.646641110051549,5.311128582088765,7.7027990552547445,4.6113744067276965,350,-0.9321300287963386,-0.9438420547968045,-0.6997541753610683,-0.9321300287963386,-0.9438420547968045,-0.6997541753610683,50,7.7027990552547445,4.6113744067276965,350,4,350,0.0002,10,0.05,9.242520332336426,14.98046875,0.5977538824081421,0.39971598982810974,0,0,0,0,0,0,1,2,9.242519855499268,14.98046875,50,4.998581241229549,4.995697846114635,5.009094969469122,7,0.006138970829984731,False,completed,7.894351482391357,14.98046875,0.05,0.01,0.47977206110954285,0.0,1.8617021276595744,350,,,,,,,,,,,,,,,,,,,,,,,,,,,,,,,,,,,,,,,,,,,
llama3_8b_qlora_l40_protocol_v3_phase2_r64_seed43__1776868979,llama3_8b_qlora_l40_protocol_v3_phase2_r64_seed43,qlora,train_and_eval,protocol_v3,logging_v2,meta-llama/Meta-Llama-3-8B,True,False,43,64,128,350,8,1024,8.316989216966332,7.384859188169994,7.384859188169994,2714.8239,0.129,completed,outputs/experiments/protocol_v3/llama3_8b_qlora_l40_protocol_v3_phase2_r64_seed43/reports/comparison_row.json,outputs/experiments/protocol_v3/llama3_8b_qlora_l40_protocol_v3_phase2_r64_seed43/reports/metrics_history.jsonl,350,1.8617021276595744,eval,2026-04-22T15:30:28.473788+00:00,,8.768091201782227,9.31640625,8.646641110051549,5.311128582088765,7.7027990552547445,4.6113744067276965,350,-0.9321300287963386,-0.9438420547968045,-0.6997541753610683,-0.9321300287963386,-0.9438420547968045,-0.6997541753610683,50,7.7027990552547445,4.6113744067276965,350,4,350,0.0002,10,0.05,9.242520332336426,14.98046875,0.5977538824081421,0.39971598982810974,0,0,0,0,0,0,1,2,9.242519855499268,14.98046875,50,4.998581241229549,4.995697846114635,5.009094969469122,7,0.006138970829984731,False,completed,7.894351482391357,14.98046875,0.05,0.01,,,1.8617021276595744,350,1.999431848526001,68.0129,3.749,3.749,,,,,,,,,,,,,,,,,,,,,,,,,,,,,,,,,,,,,,,
llama3_8b_qlora_l40_protocol_v3_phase2_r64_seed43__1776868979,llama3_8b_qlora_l40_protocol_v3_phase2_r64_seed43,qlora,train_and_eval,protocol_v3,logging_v2,meta-llama/Meta-Llama-3-8B,True,False,43,64,128,350,8,1024,8.316989216966332,7.384859188169994,7.384859188169994,2714.8239,0.129,completed,outputs/experiments/protocol_v3/llama3_8b_qlora_l40_protocol_v3_phase2_r64_seed43/reports/comparison_row.json,outputs/experiments/protocol_v3/llama3_8b_qlora_l40_protocol_v3_phase2_r64_seed43/reports/metrics_history.jsonl,350,1.8617021276595744,eval,2026-04-22T15:30:28.473793+00:00,,8.768091201782227,9.31640625,8.646641110051549,5.311128582088765,7.7027990552547445,4.6113744067276965,350,-0.9321300287963386,-0.9438420547968045,-0.6997541753610683,-0.9321300287963386,-0.9438420547968045,-0.6997541753610683,50,7.7027990552547445,4.6113744067276965,350,4,350,0.0002,10,0.05,9.242520332336426,14.98046875,0.5977538824081421,0.39971598982810974,0,0,0,0,0,0,1,2,9.242519855499268,14.98046875,50,4.998581241229549,4.995697846114635,5.009094969469122,7,0.006138970829984731,False,completed,7.894351482391357,14.98046875,0.05,0.01,,,1.8617021276595744,350,,,,,2.041583776473999,62.4091,3.749,3.749,,,,,,,,,,,,,,,,,,,,,,,,,,,,,,,,,,,
llama3_8b_qlora_l40_protocol_v3_phase2_r64_seed43__1776868979,llama3_8b_qlora_l40_protocol_v3_phase2_r64_seed43,qlora,train_and_eval,protocol_v3,logging_v2,meta-llama/Meta-Llama-3-8B,True,False,43,64,128,350,8,1024,8.316989216966332,7.384859188169994,7.384859188169994,2714.8239,0.129,completed,outputs/experiments/protocol_v3/llama3_8b_qlora_l40_protocol_v3_phase2_r64_seed43/reports/comparison_row.json,outputs/experiments/protocol_v3/llama3_8b_qlora_l40_protocol_v3_phase2_r64_seed43/reports/metrics_history.jsonl,350,1.8617021276595744,eval,2026-04-22T15:30:28.473797+00:00,,8.768091201782227,9.31640625,8.646641110051549,5.311128582088765,7.7027990552547445,4.6113744067276965,350,-0.9321300287963386,-0.9438420547968045,-0.6997541753610683,-0.9321300287963386,-0.9438420547968045,-0.6997541753610683,50,7.7027990552547445,4.6113744067276965,350,4,350,0.0002,10,0.05,9.242520332336426,14.98046875,0.5977538824081421,0.39971598982810974,0,0,0,0,0,0,1,2,9.242519855499268,14.98046875,50,4.998581241229549,4.995697846114635,5.009094969469122,7,0.006138970829984731,False,completed,7.894351482391357,14.98046875,0.05,0.01,,,1.8617021276595744,350,,,,,,,,,1.528525948524475,5.6032,3.748,3.748,,,,,,,,,,,,,,,,,,,,,,,,,,,,,,,
llama3_8b_qlora_l40_protocol_v3_phase2_r64_seed43__1776868979,llama3_8b_qlora_l40_protocol_v3_phase2_r64_seed43,qlora,train_and_eval,protocol_v3,logging_v2,meta-llama/Meta-Llama-3-8B,True,False,43,64,128,350,8,1024,8.316989216966332,7.384859188169994,7.384859188169994,2714.8239,0.129,completed,outputs/experiments/protocol_v3/llama3_8b_qlora_l40_protocol_v3_phase2_r64_seed43/reports/comparison_row.json,outputs/experiments/protocol_v3/llama3_8b_qlora_l40_protocol_v3_phase2_r64_seed43/reports/metrics_history.jsonl,350,1.8617021276595744,eval,2026-04-22T15:30:28.473804+00:00,,8.768091201782227,9.31640625,8.646641110051549,5.311128582088765,7.7027990552547445,4.6113744067276965,350,-0.9321300287963386,-0.9438420547968045,-0.6997541753610683,-0.9321300287963386,-0.9438420547968045,-0.6997541753610683,50,7.7027990552547445,4.6113744067276965,350,4,350,0.0002,10,0.05,9.242520332336426,14.98046875,0.5977538824081421,0.39971598982810974,0,0,0,0,0,0,1,2,9.242519855499268,14.98046875,50,4.998581241229549,4.995697846114635,5.009094969469122,7,0.006138970829984731,False,completed,7.894351482391357,14.98046875,0.05,0.01,,,1.8617021276595744,350,1.999431848526001,68.0129,3.749,3.749,2.041583776473999,62.4091,3.749,3.749,1.528525948524475,5.6032,3.748,3.748,7.384859188169994,9.242520332336426,14.98046875,9.242520332336426,14.98046875,9.242520332336426,14.98046875,7.7027990552547445,9.242520332336426,14.98046875,9.242520332336426,14.98046875,9.242520332336426,14.98046875,4.6113744067276965,9.242519855499268,14.98046875,9.242519855499268,14.98046875,9.242519855499268,14.98046875,4.994966693660245,4.994793582940474,4.99698363954667,0.0015381139206511222,50,,,,,
llama3_8b_qlora_l40_protocol_v3_phase2_r64_seed43__1776868979,llama3_8b_qlora_l40_protocol_v3_phase2_r64_seed43,qlora,train_and_eval,protocol_v3,logging_v2,meta-llama/Meta-Llama-3-8B,True,False,43,64,128,350,8,1024,8.316989216966332,7.384859188169994,7.384859188169994,2714.8239,0.129,completed,outputs/experiments/protocol_v3/llama3_8b_qlora_l40_protocol_v3_phase2_r64_seed43/reports/comparison_row.json,outputs/experiments/protocol_v3/llama3_8b_qlora_l40_protocol_v3_phase2_r64_seed43/reports/metrics_history.jsonl,350,1.8617021276595744,system,2026-04-22T15:30:28.473812+00:00,,8.768091201782227,9.31640625,8.646641110051549,5.311128582088765,7.7027990552547445,4.6113744067276965,350,-0.9321300287963386,-0.9438420547968045,-0.6997541753610683,-0.9321300287963386,-0.9438420547968045,-0.6997541753610683,50,7.7027990552547445,4.6113744067276965,350,4,350,0.0002,10,0.05,9.242520332336426,14.98046875,0.5977538824081421,0.39971598982810974,0,0,0,0,0,0,1,2,9.242519855499268,14.98046875,50,4.998581241229549,4.995697846114635,5.009094969469122,7,0.006138970829984731,False,completed,7.894351482391357,14.98046875,0.05,0.01,,,1.8617021276595744,350,,,,,,,,,,,,,,,,,,,,,,,,,,,,,,,,,,,,,,,2714.8239,1.031,0.129,1.300467409747968e+17,1.8878491101946149
llama3_8b_qlora_l40_protocol_v3_phase2_r64_seed44__1776870643,llama3_8b_qlora_l40_protocol_v3_phase2_r64_seed44,qlora,train_and_eval,protocol_v3,logging_v2,meta-llama/Meta-Llama-3-8B,True,False,44,64,128,350,8,1024,8.316989216966332,7.384257937820027,7.384257937820027,2713.1371,0.129,completed,outputs/experiments/protocol_v3/llama3_8b_qlora_l40_protocol_v3_phase2_r64_seed44/reports/comparison_row.json,outputs/experiments/protocol_v3/llama3_8b_qlora_l40_protocol_v3_phase2_r64_seed44/reports/metrics_history.jsonl,10,0.05319148936170213,train_log,2026-04-22T15:58:10.732409+00:00,2.0774,8.768091201782227,9.31640625,8.646641110051549,5.311128582088765,7.702057148861973,4.6182653262827875,350,-0.9327312791463056,-0.9445839611895757,-0.6928632558059773,-0.9327312791463056,-0.9445839611895757,-0.6928632558059773,50,7.702057148861973,4.6182653262827875,350,4,350,0.0002,10,0.05,9.242520332336426,14.98046875,0.6604010462760925,0.3917132318019867,0,0,0,0,0,0,1,2,9.242519855499268,14.98046875,50,4.992104551085171,4.991816217377782,4.996825305995008,7,0.003055672210590387,False,completed,7.894351482391357,14.98046875,0.05,0.01,0.5542945265769958,0.00011111111111111112,0.05319148936170213,10,,,,,,,,,,,,,,,,,,,,,,,,,,,,,,,,,,,,,,,,,,,
llama3_8b_qlora_l40_protocol_v3_phase2_r64_seed44__1776870643,llama3_8b_qlora_l40_protocol_v3_phase2_r64_seed44,qlora,train_and_eval,protocol_v3,logging_v2,meta-llama/Meta-Llama-3-8B,True,False,44,64,128,350,8,1024,8.316989216966332,7.384257937820027,7.384257937820027,2713.1371,0.129,completed,outputs/experiments/protocol_v3/llama3_8b_qlora_l40_protocol_v3_phase2_r64_seed44/reports/comparison_row.json,outputs/experiments/protocol_v3/llama3_8b_qlora_l40_protocol_v3_phase2_r64_seed44/reports/metrics_history.jsonl,20,0.10638297872340426,train_log,2026-04-22T15:58:10.732430+00:00,2.0856,8.768091201782227,9.31640625,8.646641110051549,5.311128582088765,7.702057148861973,4.6182653262827875,350,-0.9327312791463056,-0.9445839611895757,-0.6928632558059773,-0.9327312791463056,-0.9445839611895757,-0.6928632558059773,50,7.702057148861973,4.6182653262827875,350,4,350,0.0002,10,0.05,9.242520332336426,14.98046875,0.6604010462760925,0.3917132318019867,0,0,0,0,0,0,1,2,9.242519855499268,14.98046875,50,4.992104551085171,4.991816217377782,4.996825305995008,7,0.003055672210590387,False,completed,7.894351482391357,14.98046875,0.05,0.01,0.44426754117012024,0.00019879518072289158,0.10638297872340426,20,,,,,,,,,,,,,,,,,,,,,,,,,,,,,,,,,,,,,,,,,,,
llama3_8b_qlora_l40_protocol_v3_phase2_r64_seed44__1776870643,llama3_8b_qlora_l40_protocol_v3_phase2_r64_seed44,qlora,train_and_eval,protocol_v3,logging_v2,meta-llama/Meta-Llama-3-8B,True,False,44,64,128,350,8,1024,8.316989216966332,7.384257937820027,7.384257937820027,2713.1371,0.129,completed,outputs/experiments/protocol_v3/llama3_8b_qlora_l40_protocol_v3_phase2_r64_seed44/reports/comparison_row.json,outputs/experiments/protocol_v3/llama3_8b_qlora_l40_protocol_v3_phase2_r64_seed44/reports/metrics_history.jsonl,30,0.1595744680851064,train_log,2026-04-22T15:58:10.732435+00:00,2.0014,8.768091201782227,9.31640625,8.646641110051549,5.311128582088765,7.702057148861973,4.6182653262827875,350,-0.9327312791463056,-0.9445839611895757,-0.6928632558059773,-0.9327312791463056,-0.9445839611895757,-0.6928632558059773,50,7.702057148861973,4.6182653262827875,350,4,350,0.0002,10,0.05,9.242520332336426,14.98046875,0.6604010462760925,0.3917132318019867,0,0,0,0,0,0,1,2,9.242519855499268,14.98046875,50,4.992104551085171,4.991816217377782,4.996825305995008,7,0.003055672210590387,False,completed,7.894351482391357,14.98046875,0.05,0.01,0.45988333225250244,0.00019277108433734942,0.1595744680851064,30,,,,,,,,,,,,,,,,,,,,,,,,,,,,,,,,,,,,,,,,,,,
llama3_8b_qlora_l40_protocol_v3_phase2_r64_seed44__1776870643,llama3_8b_qlora_l40_protocol_v3_phase2_r64_seed44,qlora,train_and_eval,protocol_v3,logging_v2,meta-llama/Meta-Llama-3-8B,True,False,44,64,128,350,8,1024,8.316989216966332,7.384257937820027,7.384257937820027,2713.1371,0.129,completed,outputs/experiments/protocol_v3/llama3_8b_qlora_l40_protocol_v3_phase2_r64_seed44/reports/comparison_row.json,outputs/experiments/protocol_v3/llama3_8b_qlora_l40_protocol_v3_phase2_r64_seed44/reports/metrics_history.jsonl,40,0.2127659574468085,train_log,2026-04-22T15:58:10.732439+00:00,1.966,8.768091201782227,9.31640625,8.646641110051549,5.311128582088765,7.702057148861973,4.6182653262827875,350,-0.9327312791463056,-0.9445839611895757,-0.6928632558059773,-0.9327312791463056,-0.9445839611895757,-0.6928632558059773,50,7.702057148861973,4.6182653262827875,350,4,350,0.0002,10,0.05,9.242520332336426,14.98046875,0.6604010462760925,0.3917132318019867,0,0,0,0,0,0,1,2,9.242519855499268,14.98046875,50,4.992104551085171,4.991816217377782,4.996825305995008,7,0.003055672210590387,False,completed,7.894351482391357,14.98046875,0.05,0.01,0.41410911083221436,0.00018674698795180723,0.2127659574468085,40,,,,,,,,,,,,,,,,,,,,,,,,,,,,,,,,,,,,,,,,,,,
llama3_8b_qlora_l40_protocol_v3_phase2_r64_seed44__1776870643,llama3_8b_qlora_l40_protocol_v3_phase2_r64_seed44,qlora,train_and_eval,protocol_v3,logging_v2,meta-llama/Meta-Llama-3-8B,True,False,44,64,128,350,8,1024,8.316989216966332,7.384257937820027,7.384257937820027,2713.1371,0.129,completed,outputs/experiments/protocol_v3/llama3_8b_qlora_l40_protocol_v3_phase2_r64_seed44/reports/comparison_row.json,outputs/experiments/protocol_v3/llama3_8b_qlora_l40_protocol_v3_phase2_r64_seed44/reports/metrics_history.jsonl,50,0.26595744680851063,train_log,2026-04-22T15:58:10.732443+00:00,1.966,8.768091201782227,9.31640625,8.646641110051549,5.311128582088765,7.702057148861973,4.6182653262827875,350,-0.9327312791463056,-0.9445839611895757,-0.6928632558059773,-0.9327312791463056,-0.9445839611895757,-0.6928632558059773,50,7.702057148861973,4.6182653262827875,350,4,350,0.0002,10,0.05,9.242520332336426,14.98046875,0.6604010462760925,0.3917132318019867,0,0,0,0,0,0,1,2,9.242519855499268,14.98046875,50,4.992104551085171,4.991816217377782,4.996825305995008,7,0.003055672210590387,False,completed,7.894351482391357,14.98046875,0.05,0.01,0.43859606981277466,0.00018072289156626507,0.26595744680851063,50,,,,,,,,,,,,,,,,,,,,,,,,,,,,,,,,,,,,,,,,,,,
llama3_8b_qlora_l40_protocol_v3_phase2_r64_seed44__1776870643,llama3_8b_qlora_l40_protocol_v3_phase2_r64_seed44,qlora,train_and_eval,protocol_v3,logging_v2,meta-llama/Meta-Llama-3-8B,True,False,44,64,128,350,8,1024,8.316989216966332,7.384257937820027,7.384257937820027,2713.1371,0.129,completed,outputs/experiments/protocol_v3/llama3_8b_qlora_l40_protocol_v3_phase2_r64_seed44/reports/comparison_row.json,outputs/experiments/protocol_v3/llama3_8b_qlora_l40_protocol_v3_phase2_r64_seed44/reports/metrics_history.jsonl,50,0.26595744680851063,eval,2026-04-22T15:58:10.732448+00:00,,8.768091201782227,9.31640625,8.646641110051549,5.311128582088765,7.702057148861973,4.6182653262827875,350,-0.9327312791463056,-0.9445839611895757,-0.6928632558059773,-0.9327312791463056,-0.9445839611895757,-0.6928632558059773,50,7.702057148861973,4.6182653262827875,350,4,350,0.0002,10,0.05,9.242520332336426,14.98046875,0.6604010462760925,0.3917132318019867,0,0,0,0,0,0,1,2,9.242519855499268,14.98046875,50,4.992104551085171,4.991816217377782,4.996825305995008,7,0.003055672210590387,False,completed,7.894351482391357,14.98046875,0.05,0.01,,,0.26595744680851063,50,2.033055305480957,67.9812,3.751,3.751,,,,,,,,,,,,,,,,,,,,,,,,,,,,,,,,,,,,,,,
llama3_8b_qlora_l40_protocol_v3_phase2_r64_seed44__1776870643,llama3_8b_qlora_l40_protocol_v3_phase2_r64_seed44,qlora,train_and_eval,protocol_v3,logging_v2,meta-llama/Meta-Llama-3-8B,True,False,44,64,128,350,8,1024,8.316989216966332,7.384257937820027,7.384257937820027,2713.1371,0.129,completed,outputs/experiments/protocol_v3/llama3_8b_qlora_l40_protocol_v3_phase2_r64_seed44/reports/comparison_row.json,outputs/experiments/protocol_v3/llama3_8b_qlora_l40_protocol_v3_phase2_r64_seed44/reports/metrics_history.jsonl,50,0.26595744680851063,eval,2026-04-22T15:58:10.732453+00:00,,8.768091201782227,9.31640625,8.646641110051549,5.311128582088765,7.702057148861973,4.6182653262827875,350,-0.9327312791463056,-0.9445839611895757,-0.6928632558059773,-0.9327312791463056,-0.9445839611895757,-0.6928632558059773,50,7.702057148861973,4.6182653262827875,350,4,350,0.0002,10,0.05,9.242520332336426,14.98046875,0.6604010462760925,0.3917132318019867,0,0,0,0,0,0,1,2,9.242519855499268,14.98046875,50,4.992104551085171,4.991816217377782,4.996825305995008,7,0.003055672210590387,False,completed,7.894351482391357,14.98046875,0.05,0.01,,,0.26595744680851063,50,,,,,2.072993040084839,62.3824,3.751,3.751,,,,,,,,,,,,,,,,,,,,,,,,,,,,,,,,,,,
llama3_8b_qlora_l40_protocol_v3_phase2_r64_seed44__1776870643,llama3_8b_qlora_l40_protocol_v3_phase2_r64_seed44,qlora,train_and_eval,protocol_v3,logging_v2,meta-llama/Meta-Llama-3-8B,True,False,44,64,128,350,8,1024,8.316989216966332,7.384257937820027,7.384257937820027,2713.1371,0.129,completed,outputs/experiments/protocol_v3/llama3_8b_qlora_l40_protocol_v3_phase2_r64_seed44/reports/comparison_row.json,outputs/experiments/protocol_v3/llama3_8b_qlora_l40_protocol_v3_phase2_r64_seed44/reports/metrics_history.jsonl,50,0.26595744680851063,eval,2026-04-22T15:58:10.732459+00:00,,8.768091201782227,9.31640625,8.646641110051549,5.311128582088765,7.702057148861973,4.6182653262827875,350,-0.9327312791463056,-0.9445839611895757,-0.6928632558059773,-0.9327312791463056,-0.9445839611895757,-0.6928632558059773,50,7.702057148861973,4.6182653262827875,350,4,350,0.0002,10,0.05,9.242520332336426,14.98046875,0.6604010462760925,0.3917132318019867,0,0,0,0,0,0,1,2,9.242519855499268,14.98046875,50,4.992104551085171,4.991816217377782,4.996825305995008,7,0.003055672210590387,False,completed,7.894351482391357,14.98046875,0.05,0.01,,,0.26595744680851063,50,,,,,,,,,1.5831711292266846,5.6031,3.748,3.748,,,,,,,,,,,,,,,,,,,,,,,,,,,,,,,
llama3_8b_qlora_l40_protocol_v3_phase2_r64_seed44__1776870643,llama3_8b_qlora_l40_protocol_v3_phase2_r64_seed44,qlora,train_and_eval,protocol_v3,logging_v2,meta-llama/Meta-Llama-3-8B,True,False,44,64,128,350,8,1024,8.316989216966332,7.384257937820027,7.384257937820027,2713.1371,0.129,completed,outputs/experiments/protocol_v3/llama3_8b_qlora_l40_protocol_v3_phase2_r64_seed44/reports/comparison_row.json,outputs/experiments/protocol_v3/llama3_8b_qlora_l40_protocol_v3_phase2_r64_seed44/reports/metrics_history.jsonl,50,0.26595744680851063,eval,2026-04-22T15:58:10.732467+00:00,,8.768091201782227,9.31640625,8.646641110051549,5.311128582088765,7.702057148861973,4.6182653262827875,350,-0.9327312791463056,-0.9445839611895757,-0.6928632558059773,-0.9327312791463056,-0.9445839611895757,-0.6928632558059773,50,7.702057148861973,4.6182653262827875,350,4,350,0.0002,10,0.05,9.242520332336426,14.98046875,0.6604010462760925,0.3917132318019867,0,0,0,0,0,0,1,2,9.242519855499268,14.98046875,50,4.992104551085171,4.991816217377782,4.996825305995008,7,0.003055672210590387,False,completed,7.894351482391357,14.98046875,0.05,0.01,,,0.26595744680851063,50,2.033055305480957,67.9812,3.751,3.751,2.072993040084839,62.3824,3.751,3.751,1.5831711292266846,5.6031,3.748,3.748,7.637385293120915,9.242520332336426,14.978515625,9.242520332336426,14.978515625,9.242520332336426,14.978515625,7.948577962974742,9.242520332336426,14.978515625,9.242520332336426,14.978515625,9.242520332336426,14.978515625,4.870375940193372,9.242519855499268,14.978515625,9.242519855499268,14.978515625,9.242519855499268,14.978515625,4.998460529201548,4.992942447497626,4.994241647946183,0.039831308018356715,50,,,,,
llama3_8b_qlora_l40_protocol_v3_phase2_r64_seed44__1776870643,llama3_8b_qlora_l40_protocol_v3_phase2_r64_seed44,qlora,train_and_eval,protocol_v3,logging_v2,meta-llama/Meta-Llama-3-8B,True,False,44,64,128,350,8,1024,8.316989216966332,7.384257937820027,7.384257937820027,2713.1371,0.129,completed,outputs/experiments/protocol_v3/llama3_8b_qlora_l40_protocol_v3_phase2_r64_seed44/reports/comparison_row.json,outputs/experiments/protocol_v3/llama3_8b_qlora_l40_protocol_v3_phase2_r64_seed44/reports/metrics_history.jsonl,60,0.3191489361702128,train_log,2026-04-22T15:58:10.732476+00:00,1.8779,8.768091201782227,9.31640625,8.646641110051549,5.311128582088765,7.702057148861973,4.6182653262827875,350,-0.9327312791463056,-0.9445839611895757,-0.6928632558059773,-0.9327312791463056,-0.9445839611895757,-0.6928632558059773,50,7.702057148861973,4.6182653262827875,350,4,350,0.0002,10,0.05,9.242520332336426,14.98046875,0.6604010462760925,0.3917132318019867,0,0,0,0,0,0,1,2,9.242519855499268,14.98046875,50,4.992104551085171,4.991816217377782,4.996825305995008,7,0.003055672210590387,False,completed,7.894351482391357,14.98046875,0.05,0.01,0.4645880162715912,0.0001746987951807229,0.3191489361702128,60,,,,,,,,,,,,,,,,,,,,,,,,,,,,,,,,,,,,,,,,,,,
llama3_8b_qlora_l40_protocol_v3_phase2_r64_seed44__1776870643,llama3_8b_qlora_l40_protocol_v3_phase2_r64_seed44,qlora,train_and_eval,protocol_v3,logging_v2,meta-llama/Meta-Llama-3-8B,True,False,44,64,128,350,8,1024,8.316989216966332,7.384257937820027,7.384257937820027,2713.1371,0.129,completed,outputs/experiments/protocol_v3/llama3_8b_qlora_l40_protocol_v3_phase2_r64_seed44/reports/comparison_row.json,outputs/experiments/protocol_v3/llama3_8b_qlora_l40_protocol_v3_phase2_r64_seed44/reports/metrics_history.jsonl,70,0.3723404255319149,train_log,2026-04-22T15:58:10.732480+00:00,1.9253,8.768091201782227,9.31640625,8.646641110051549,5.311128582088765,7.702057148861973,4.6182653262827875,350,-0.9327312791463056,-0.9445839611895757,-0.6928632558059773,-0.9327312791463056,-0.9445839611895757,-0.6928632558059773,50,7.702057148861973,4.6182653262827875,350,4,350,0.0002,10,0.05,9.242520332336426,14.98046875,0.6604010462760925,0.3917132318019867,0,0,0,0,0,0,1,2,9.242519855499268,14.98046875,50,4.992104551085171,4.991816217377782,4.996825305995008,7,0.003055672210590387,False,completed,7.894351482391357,14.98046875,0.05,0.01,0.4298120439052582,0.00016867469879518074,0.3723404255319149,70,,,,,,,,,,,,,,,,,,,,,,,,,,,,,,,,,,,,,,,,,,,
llama3_8b_qlora_l40_protocol_v3_phase2_r64_seed44__1776870643,llama3_8b_qlora_l40_protocol_v3_phase2_r64_seed44,qlora,train_and_eval,protocol_v3,logging_v2,meta-llama/Meta-Llama-3-8B,True,False,44,64,128,350,8,1024,8.316989216966332,7.384257937820027,7.384257937820027,2713.1371,0.129,completed,outputs/experiments/protocol_v3/llama3_8b_qlora_l40_protocol_v3_phase2_r64_seed44/reports/comparison_row.json,outputs/experiments/protocol_v3/llama3_8b_qlora_l40_protocol_v3_phase2_r64_seed44/reports/metrics_history.jsonl,80,0.425531914893617,train_log,2026-04-22T15:58:10.732483+00:00,1.9857,8.768091201782227,9.31640625,8.646641110051549,5.311128582088765,7.702057148861973,4.6182653262827875,350,-0.9327312791463056,-0.9445839611895757,-0.6928632558059773,-0.9327312791463056,-0.9445839611895757,-0.6928632558059773,50,7.702057148861973,4.6182653262827875,350,4,350,0.0002,10,0.05,9.242520332336426,14.98046875,0.6604010462760925,0.3917132318019867,0,0,0,0,0,0,1,2,9.242519855499268,14.98046875,50,4.992104551085171,4.991816217377782,4.996825305995008,7,0.003055672210590387,False,completed,7.894351482391357,14.98046875,0.05,0.01,0.40059852600097656,0.00016265060240963855,0.425531914893617,80,,,,,,,,,,,,,,,,,,,,,,,,,,,,,,,,,,,,,,,,,,,
llama3_8b_qlora_l40_protocol_v3_phase2_r64_seed44__1776870643,llama3_8b_qlora_l40_protocol_v3_phase2_r64_seed44,qlora,train_and_eval,protocol_v3,logging_v2,meta-llama/Meta-Llama-3-8B,True,False,44,64,128,350,8,1024,8.316989216966332,7.384257937820027,7.384257937820027,2713.1371,0.129,completed,outputs/experiments/protocol_v3/llama3_8b_qlora_l40_protocol_v3_phase2_r64_seed44/reports/comparison_row.json,outputs/experiments/protocol_v3/llama3_8b_qlora_l40_protocol_v3_phase2_r64_seed44/reports/metrics_history.jsonl,90,0.4787234042553192,train_log,2026-04-22T15:58:10.732487+00:00,1.9511,8.768091201782227,9.31640625,8.646641110051549,5.311128582088765,7.702057148861973,4.6182653262827875,350,-0.9327312791463056,-0.9445839611895757,-0.6928632558059773,-0.9327312791463056,-0.9445839611895757,-0.6928632558059773,50,7.702057148861973,4.6182653262827875,350,4,350,0.0002,10,0.05,9.242520332336426,14.98046875,0.6604010462760925,0.3917132318019867,0,0,0,0,0,0,1,2,9.242519855499268,14.98046875,50,4.992104551085171,4.991816217377782,4.996825305995008,7,0.003055672210590387,False,completed,7.894351482391357,14.98046875,0.05,0.01,0.42630431056022644,0.0001566265060240964,0.4787234042553192,90,,,,,,,,,,,,,,,,,,,,,,,,,,,,,,,,,,,,,,,,,,,
llama3_8b_qlora_l40_protocol_v3_phase2_r64_seed44__1776870643,llama3_8b_qlora_l40_protocol_v3_phase2_r64_seed44,qlora,train_and_eval,protocol_v3,logging_v2,meta-llama/Meta-Llama-3-8B,True,False,44,64,128,350,8,1024,8.316989216966332,7.384257937820027,7.384257937820027,2713.1371,0.129,completed,outputs/experiments/protocol_v3/llama3_8b_qlora_l40_protocol_v3_phase2_r64_seed44/reports/comparison_row.json,outputs/experiments/protocol_v3/llama3_8b_qlora_l40_protocol_v3_phase2_r64_seed44/reports/metrics_history.jsonl,100,0.5319148936170213,train_log,2026-04-22T15:58:10.732490+00:00,1.9684,8.768091201782227,9.31640625,8.646641110051549,5.311128582088765,7.702057148861973,4.6182653262827875,350,-0.9327312791463056,-0.9445839611895757,-0.6928632558059773,-0.9327312791463056,-0.9445839611895757,-0.6928632558059773,50,7.702057148861973,4.6182653262827875,350,4,350,0.0002,10,0.05,9.242520332336426,14.98046875,0.6604010462760925,0.3917132318019867,0,0,0,0,0,0,1,2,9.242519855499268,14.98046875,50,4.992104551085171,4.991816217377782,4.996825305995008,7,0.003055672210590387,False,completed,7.894351482391357,14.98046875,0.05,0.01,0.41814327239990234,0.00015060240963855423,0.5319148936170213,100,,,,,,,,,,,,,,,,,,,,,,,,,,,,,,,,,,,,,,,,,,,
llama3_8b_qlora_l40_protocol_v3_phase2_r64_seed44__1776870643,llama3_8b_qlora_l40_protocol_v3_phase2_r64_seed44,qlora,train_and_eval,protocol_v3,logging_v2,meta-llama/Meta-Llama-3-8B,True,False,44,64,128,350,8,1024,8.316989216966332,7.384257937820027,7.384257937820027,2713.1371,0.129,completed,outputs/experiments/protocol_v3/llama3_8b_qlora_l40_protocol_v3_phase2_r64_seed44/reports/comparison_row.json,outputs/experiments/protocol_v3/llama3_8b_qlora_l40_protocol_v3_phase2_r64_seed44/reports/metrics_history.jsonl,100,0.5319148936170213,eval,2026-04-22T15:58:10.732494+00:00,,8.768091201782227,9.31640625,8.646641110051549,5.311128582088765,7.702057148861973,4.6182653262827875,350,-0.9327312791463056,-0.9445839611895757,-0.6928632558059773,-0.9327312791463056,-0.9445839611895757,-0.6928632558059773,50,7.702057148861973,4.6182653262827875,350,4,350,0.0002,10,0.05,9.242520332336426,14.98046875,0.6604010462760925,0.3917132318019867,0,0,0,0,0,0,1,2,9.242519855499268,14.98046875,50,4.992104551085171,4.991816217377782,4.996825305995008,7,0.003055672210590387,False,completed,7.894351482391357,14.98046875,0.05,0.01,,,0.5319148936170213,100,2.0142056941986084,67.9715,3.752,3.752,,,,,,,,,,,,,,,,,,,,,,,,,,,,,,,,,,,,,,,
llama3_8b_qlora_l40_protocol_v3_phase2_r64_seed44__1776870643,llama3_8b_qlora_l40_protocol_v3_phase2_r64_seed44,qlora,train_and_eval,protocol_v3,logging_v2,meta-llama/Meta-Llama-3-8B,True,False,44,64,128,350,8,1024,8.316989216966332,7.384257937820027,7.384257937820027,2713.1371,0.129,completed,outputs/experiments/protocol_v3/llama3_8b_qlora_l40_protocol_v3_phase2_r64_seed44/reports/comparison_row.json,outputs/experiments/protocol_v3/llama3_8b_qlora_l40_protocol_v3_phase2_r64_seed44/reports/metrics_history.jsonl,100,0.5319148936170213,eval,2026-04-22T15:58:10.732498+00:00,,8.768091201782227,9.31640625,8.646641110051549,5.311128582088765,7.702057148861973,4.6182653262827875,350,-0.9327312791463056,-0.9445839611895757,-0.6928632558059773,-0.9327312791463056,-0.9445839611895757,-0.6928632558059773,50,7.702057148861973,4.6182653262827875,350,4,350,0.0002,10,0.05,9.242520332336426,14.98046875,0.6604010462760925,0.3917132318019867,0,0,0,0,0,0,1,2,9.242519855499268,14.98046875,50,4.992104551085171,4.991816217377782,4.996825305995008,7,0.003055672210590387,False,completed,7.894351482391357,14.98046875,0.05,0.01,,,0.5319148936170213,100,,,,,2.0546562671661377,62.3754,3.751,3.751,,,,,,,,,,,,,,,,,,,,,,,,,,,,,,,,,,,
llama3_8b_qlora_l40_protocol_v3_phase2_r64_seed44__1776870643,llama3_8b_qlora_l40_protocol_v3_phase2_r64_seed44,qlora,train_and_eval,protocol_v3,logging_v2,meta-llama/Meta-Llama-3-8B,True,False,44,64,128,350,8,1024,8.316989216966332,7.384257937820027,7.384257937820027,2713.1371,0.129,completed,outputs/experiments/protocol_v3/llama3_8b_qlora_l40_protocol_v3_phase2_r64_seed44/reports/comparison_row.json,outputs/experiments/protocol_v3/llama3_8b_qlora_l40_protocol_v3_phase2_r64_seed44/reports/metrics_history.jsonl,100,0.5319148936170213,eval,2026-04-22T15:58:10.732502+00:00,,8.768091201782227,9.31640625,8.646641110051549,5.311128582088765,7.702057148861973,4.6182653262827875,350,-0.9327312791463056,-0.9445839611895757,-0.6928632558059773,-0.9327312791463056,-0.9445839611895757,-0.6928632558059773,50,7.702057148861973,4.6182653262827875,350,4,350,0.0002,10,0.05,9.242520332336426,14.98046875,0.6604010462760925,0.3917132318019867,0,0,0,0,0,0,1,2,9.242519855499268,14.98046875,50,4.992104551085171,4.991816217377782,4.996825305995008,7,0.003055672210590387,False,completed,7.894351482391357,14.98046875,0.05,0.01,,,0.5319148936170213,100,,,,,,,,,1.5603227615356445,5.6011,3.749,3.749,,,,,,,,,,,,,,,,,,,,,,,,,,,,,,,
llama3_8b_qlora_l40_protocol_v3_phase2_r64_seed44__1776870643,llama3_8b_qlora_l40_protocol_v3_phase2_r64_seed44,qlora,train_and_eval,protocol_v3,logging_v2,meta-llama/Meta-Llama-3-8B,True,False,44,64,128,350,8,1024,8.316989216966332,7.384257937820027,7.384257937820027,2713.1371,0.129,completed,outputs/experiments/protocol_v3/llama3_8b_qlora_l40_protocol_v3_phase2_r64_seed44/reports/comparison_row.json,outputs/experiments/protocol_v3/llama3_8b_qlora_l40_protocol_v3_phase2_r64_seed44/reports/metrics_history.jsonl,100,0.5319148936170213,eval,2026-04-22T15:58:10.732510+00:00,,8.768091201782227,9.31640625,8.646641110051549,5.311128582088765,7.702057148861973,4.6182653262827875,350,-0.9327312791463056,-0.9445839611895757,-0.6928632558059773,-0.9327312791463056,-0.9445839611895757,-0.6928632558059773,50,7.702057148861973,4.6182653262827875,350,4,350,0.0002,10,0.05,9.242520332336426,14.98046875,0.6604010462760925,0.3917132318019867,0,0,0,0,0,0,1,2,9.242519855499268,14.98046875,50,4.992104551085171,4.991816217377782,4.996825305995008,7,0.003055672210590387,False,completed,7.894351482391357,14.98046875,0.05,0.01,,,0.5319148936170213,100,2.0142056941986084,67.9715,3.752,3.752,2.0546562671661377,62.3754,3.751,3.751,1.5603227615356445,5.6011,3.749,3.749,7.494771875488906,9.242520332336426,14.978515625,9.242520332336426,14.978515625,9.242520332336426,14.978515625,7.804154867275369,9.242520332336426,14.978515625,9.242520332336426,14.978515625,9.242520332336426,14.978515625,4.760357457492586,9.242519855499268,14.978515625,9.242519855499268,14.978515625,9.242519855499268,14.978515625,4.991576469697175,4.991330241493415,4.993402294378029,0.001981024666691781,50,,,,,
llama3_8b_qlora_l40_protocol_v3_phase2_r64_seed44__1776870643,llama3_8b_qlora_l40_protocol_v3_phase2_r64_seed44,qlora,train_and_eval,protocol_v3,logging_v2,meta-llama/Meta-Llama-3-8B,True,False,44,64,128,350,8,1024,8.316989216966332,7.384257937820027,7.384257937820027,2713.1371,0.129,completed,outputs/experiments/protocol_v3/llama3_8b_qlora_l40_protocol_v3_phase2_r64_seed44/reports/comparison_row.json,outputs/experiments/protocol_v3/llama3_8b_qlora_l40_protocol_v3_phase2_r64_seed44/reports/metrics_history.jsonl,110,0.5851063829787234,train_log,2026-04-22T15:58:10.732518+00:00,2.0127,8.768091201782227,9.31640625,8.646641110051549,5.311128582088765,7.702057148861973,4.6182653262827875,350,-0.9327312791463056,-0.9445839611895757,-0.6928632558059773,-0.9327312791463056,-0.9445839611895757,-0.6928632558059773,50,7.702057148861973,4.6182653262827875,350,4,350,0.0002,10,0.05,9.242520332336426,14.98046875,0.6604010462760925,0.3917132318019867,0,0,0,0,0,0,1,2,9.242519855499268,14.98046875,50,4.992104551085171,4.991816217377782,4.996825305995008,7,0.003055672210590387,False,completed,7.894351482391357,14.98046875,0.05,0.01,0.4061005413532257,0.00014457831325301204,0.5851063829787234,110,,,,,,,,,,,,,,,,,,,,,,,,,,,,,,,,,,,,,,,,,,,
llama3_8b_qlora_l40_protocol_v3_phase2_r64_seed44__1776870643,llama3_8b_qlora_l40_protocol_v3_phase2_r64_seed44,qlora,train_and_eval,protocol_v3,logging_v2,meta-llama/Meta-Llama-3-8B,True,False,44,64,128,350,8,1024,8.316989216966332,7.384257937820027,7.384257937820027,2713.1371,0.129,completed,outputs/experiments/protocol_v3/llama3_8b_qlora_l40_protocol_v3_phase2_r64_seed44/reports/comparison_row.json,outputs/experiments/protocol_v3/llama3_8b_qlora_l40_protocol_v3_phase2_r64_seed44/reports/metrics_history.jsonl,120,0.6382978723404256,train_log,2026-04-22T15:58:10.732521+00:00,1.9492,8.768091201782227,9.31640625,8.646641110051549,5.311128582088765,7.702057148861973,4.6182653262827875,350,-0.9327312791463056,-0.9445839611895757,-0.6928632558059773,-0.9327312791463056,-0.9445839611895757,-0.6928632558059773,50,7.702057148861973,4.6182653262827875,350,4,350,0.0002,10,0.05,9.242520332336426,14.98046875,0.6604010462760925,0.3917132318019867,0,0,0,0,0,0,1,2,9.242519855499268,14.98046875,50,4.992104551085171,4.991816217377782,4.996825305995008,7,0.003055672210590387,False,completed,7.894351482391357,14.98046875,0.05,0.01,0.43183600902557373,0.00013855421686746988,0.6382978723404256,120,,,,,,,,,,,,,,,,,,,,,,,,,,,,,,,,,,,,,,,,,,,
llama3_8b_qlora_l40_protocol_v3_phase2_r64_seed44__1776870643,llama3_8b_qlora_l40_protocol_v3_phase2_r64_seed44,qlora,train_and_eval,protocol_v3,logging_v2,meta-llama/Meta-Llama-3-8B,True,False,44,64,128,350,8,1024,8.316989216966332,7.384257937820027,7.384257937820027,2713.1371,0.129,completed,outputs/experiments/protocol_v3/llama3_8b_qlora_l40_protocol_v3_phase2_r64_seed44/reports/comparison_row.json,outputs/experiments/protocol_v3/llama3_8b_qlora_l40_protocol_v3_phase2_r64_seed44/reports/metrics_history.jsonl,130,0.6914893617021277,train_log,2026-04-22T15:58:10.732525+00:00,1.9633,8.768091201782227,9.31640625,8.646641110051549,5.311128582088765,7.702057148861973,4.6182653262827875,350,-0.9327312791463056,-0.9445839611895757,-0.6928632558059773,-0.9327312791463056,-0.9445839611895757,-0.6928632558059773,50,7.702057148861973,4.6182653262827875,350,4,350,0.0002,10,0.05,9.242520332336426,14.98046875,0.6604010462760925,0.3917132318019867,0,0,0,0,0,0,1,2,9.242519855499268,14.98046875,50,4.992104551085171,4.991816217377782,4.996825305995008,7,0.003055672210590387,False,completed,7.894351482391357,14.98046875,0.05,0.01,0.3917132318019867,0.00013253012048192772,0.6914893617021277,130,,,,,,,,,,,,,,,,,,,,,,,,,,,,,,,,,,,,,,,,,,,
llama3_8b_qlora_l40_protocol_v3_phase2_r64_seed44__1776870643,llama3_8b_qlora_l40_protocol_v3_phase2_r64_seed44,qlora,train_and_eval,protocol_v3,logging_v2,meta-llama/Meta-Llama-3-8B,True,False,44,64,128,350,8,1024,8.316989216966332,7.384257937820027,7.384257937820027,2713.1371,0.129,completed,outputs/experiments/protocol_v3/llama3_8b_qlora_l40_protocol_v3_phase2_r64_seed44/reports/comparison_row.json,outputs/experiments/protocol_v3/llama3_8b_qlora_l40_protocol_v3_phase2_r64_seed44/reports/metrics_history.jsonl,140,0.7446808510638298,train_log,2026-04-22T15:58:10.732529+00:00,1.9942,8.768091201782227,9.31640625,8.646641110051549,5.311128582088765,7.702057148861973,4.6182653262827875,350,-0.9327312791463056,-0.9445839611895757,-0.6928632558059773,-0.9327312791463056,-0.9445839611895757,-0.6928632558059773,50,7.702057148861973,4.6182653262827875,350,4,350,0.0002,10,0.05,9.242520332336426,14.98046875,0.6604010462760925,0.3917132318019867,0,0,0,0,0,0,1,2,9.242519855499268,14.98046875,50,4.992104551085171,4.991816217377782,4.996825305995008,7,0.003055672210590387,False,completed,7.894351482391357,14.98046875,0.05,0.01,0.4334558844566345,0.00012650602409638556,0.7446808510638298,140,,,,,,,,,,,,,,,,,,,,,,,,,,,,,,,,,,,,,,,,,,,
llama3_8b_qlora_l40_protocol_v3_phase2_r64_seed44__1776870643,llama3_8b_qlora_l40_protocol_v3_phase2_r64_seed44,qlora,train_and_eval,protocol_v3,logging_v2,meta-llama/Meta-Llama-3-8B,True,False,44,64,128,350,8,1024,8.316989216966332,7.384257937820027,7.384257937820027,2713.1371,0.129,completed,outputs/experiments/protocol_v3/llama3_8b_qlora_l40_protocol_v3_phase2_r64_seed44/reports/comparison_row.json,outputs/experiments/protocol_v3/llama3_8b_qlora_l40_protocol_v3_phase2_r64_seed44/reports/metrics_history.jsonl,150,0.7978723404255319,train_log,2026-04-22T15:58:10.732533+00:00,1.9496,8.768091201782227,9.31640625,8.646641110051549,5.311128582088765,7.702057148861973,4.6182653262827875,350,-0.9327312791463056,-0.9445839611895757,-0.6928632558059773,-0.9327312791463056,-0.9445839611895757,-0.6928632558059773,50,7.702057148861973,4.6182653262827875,350,4,350,0.0002,10,0.05,9.242520332336426,14.98046875,0.6604010462760925,0.3917132318019867,0,0,0,0,0,0,1,2,9.242519855499268,14.98046875,50,4.992104551085171,4.991816217377782,4.996825305995008,7,0.003055672210590387,False,completed,7.894351482391357,14.98046875,0.05,0.01,0.4307006299495697,0.0001204819277108434,0.7978723404255319,150,,,,,,,,,,,,,,,,,,,,,,,,,,,,,,,,,,,,,,,,,,,
llama3_8b_qlora_l40_protocol_v3_phase2_r64_seed44__1776870643,llama3_8b_qlora_l40_protocol_v3_phase2_r64_seed44,qlora,train_and_eval,protocol_v3,logging_v2,meta-llama/Meta-Llama-3-8B,True,False,44,64,128,350,8,1024,8.316989216966332,7.384257937820027,7.384257937820027,2713.1371,0.129,completed,outputs/experiments/protocol_v3/llama3_8b_qlora_l40_protocol_v3_phase2_r64_seed44/reports/comparison_row.json,outputs/experiments/protocol_v3/llama3_8b_qlora_l40_protocol_v3_phase2_r64_seed44/reports/metrics_history.jsonl,150,0.7978723404255319,eval,2026-04-22T15:58:10.732536+00:00,,8.768091201782227,9.31640625,8.646641110051549,5.311128582088765,7.702057148861973,4.6182653262827875,350,-0.9327312791463056,-0.9445839611895757,-0.6928632558059773,-0.9327312791463056,-0.9445839611895757,-0.6928632558059773,50,7.702057148861973,4.6182653262827875,350,4,350,0.0002,10,0.05,9.242520332336426,14.98046875,0.6604010462760925,0.3917132318019867,0,0,0,0,0,0,1,2,9.242519855499268,14.98046875,50,4.992104551085171,4.991816217377782,4.996825305995008,7,0.003055672210590387,False,completed,7.894351482391357,14.98046875,0.05,0.01,,,0.7978723404255319,150,2.0022127628326416,67.9396,3.753,3.753,,,,,,,,,,,,,,,,,,,,,,,,,,,,,,,,,,,,,,,
llama3_8b_qlora_l40_protocol_v3_phase2_r64_seed44__1776870643,llama3_8b_qlora_l40_protocol_v3_phase2_r64_seed44,qlora,train_and_eval,protocol_v3,logging_v2,meta-llama/Meta-Llama-3-8B,True,False,44,64,128,350,8,1024,8.316989216966332,7.384257937820027,7.384257937820027,2713.1371,0.129,completed,outputs/experiments/protocol_v3/llama3_8b_qlora_l40_protocol_v3_phase2_r64_seed44/reports/comparison_row.json,outputs/experiments/protocol_v3/llama3_8b_qlora_l40_protocol_v3_phase2_r64_seed44/reports/metrics_history.jsonl,150,0.7978723404255319,eval,2026-04-22T15:58:10.732540+00:00,,8.768091201782227,9.31640625,8.646641110051549,5.311128582088765,7.702057148861973,4.6182653262827875,350,-0.9327312791463056,-0.9445839611895757,-0.6928632558059773,-0.9327312791463056,-0.9445839611895757,-0.6928632558059773,50,7.702057148861973,4.6182653262827875,350,4,350,0.0002,10,0.05,9.242520332336426,14.98046875,0.6604010462760925,0.3917132318019867,0,0,0,0,0,0,1,2,9.242519855499268,14.98046875,50,4.992104551085171,4.991816217377782,4.996825305995008,7,0.003055672210590387,False,completed,7.894351482391357,14.98046875,0.05,0.01,,,0.7978723404255319,150,,,,,2.04307222366333,62.3419,3.753,3.753,,,,,,,,,,,,,,,,,,,,,,,,,,,,,,,,,,,
llama3_8b_qlora_l40_protocol_v3_phase2_r64_seed44__1776870643,llama3_8b_qlora_l40_protocol_v3_phase2_r64_seed44,qlora,train_and_eval,protocol_v3,logging_v2,meta-llama/Meta-Llama-3-8B,True,False,44,64,128,350,8,1024,8.316989216966332,7.384257937820027,7.384257937820027,2713.1371,0.129,completed,outputs/experiments/protocol_v3/llama3_8b_qlora_l40_protocol_v3_phase2_r64_seed44/reports/comparison_row.json,outputs/experiments/protocol_v3/llama3_8b_qlora_l40_protocol_v3_phase2_r64_seed44/reports/metrics_history.jsonl,150,0.7978723404255319,eval,2026-04-22T15:58:10.732544+00:00,,8.768091201782227,9.31640625,8.646641110051549,5.311128582088765,7.702057148861973,4.6182653262827875,350,-0.9327312791463056,-0.9445839611895757,-0.6928632558059773,-0.9327312791463056,-0.9445839611895757,-0.6928632558059773,50,7.702057148861973,4.6182653262827875,350,4,350,0.0002,10,0.05,9.242520332336426,14.98046875,0.6604010462760925,0.3917132318019867,0,0,0,0,0,0,1,2,9.242519855499268,14.98046875,50,4.992104551085171,4.991816217377782,4.996825305995008,7,0.003055672210590387,False,completed,7.894351482391357,14.98046875,0.05,0.01,,,0.7978723404255319,150,,,,,,,,,1.5447856187820435,5.5966,3.752,3.752,,,,,,,,,,,,,,,,,,,,,,,,,,,,,,,
llama3_8b_qlora_l40_protocol_v3_phase2_r64_seed44__1776870643,llama3_8b_qlora_l40_protocol_v3_phase2_r64_seed44,qlora,train_and_eval,protocol_v3,logging_v2,meta-llama/Meta-Llama-3-8B,True,False,44,64,128,350,8,1024,8.316989216966332,7.384257937820027,7.384257937820027,2713.1371,0.129,completed,outputs/experiments/protocol_v3/llama3_8b_qlora_l40_protocol_v3_phase2_r64_seed44/reports/comparison_row.json,outputs/experiments/protocol_v3/llama3_8b_qlora_l40_protocol_v3_phase2_r64_seed44/reports/metrics_history.jsonl,150,0.7978723404255319,eval,2026-04-22T15:58:10.732551+00:00,,8.768091201782227,9.31640625,8.646641110051549,5.311128582088765,7.702057148861973,4.6182653262827875,350,-0.9327312791463056,-0.9445839611895757,-0.6928632558059773,-0.9327312791463056,-0.9445839611895757,-0.6928632558059773,50,7.702057148861973,4.6182653262827875,350,4,350,0.0002,10,0.05,9.242520332336426,14.98046875,0.6604010462760925,0.3917132318019867,0,0,0,0,0,0,1,2,9.242519855499268,14.98046875,50,4.992104551085171,4.991816217377782,4.996825305995008,7,0.003055672210590387,False,completed,7.894351482391357,14.98046875,0.05,0.01,,,0.7978723404255319,150,2.0022127628326416,67.9396,3.753,3.753,2.04307222366333,62.3419,3.753,3.753,1.5447856187820435,5.5966,3.752,3.752,7.405424430573899,9.242520332336426,14.978515625,9.242520332336426,14.978515625,9.242520332336426,14.978515625,7.714272801773082,9.242520332336426,14.978515625,9.242520332336426,14.978515625,9.242520332336426,14.978515625,4.686966721675131,9.242519855499268,14.978515625,9.242519855499268,14.978515625,9.242519855499268,14.978515625,4.988596544401953,4.988475731501239,4.990227452490944,0.0011607747085938401,50,,,,,
llama3_8b_qlora_l40_protocol_v3_phase2_r64_seed44__1776870643,llama3_8b_qlora_l40_protocol_v3_phase2_r64_seed44,qlora,train_and_eval,protocol_v3,logging_v2,meta-llama/Meta-Llama-3-8B,True,False,44,64,128,350,8,1024,8.316989216966332,7.384257937820027,7.384257937820027,2713.1371,0.129,completed,outputs/experiments/protocol_v3/llama3_8b_qlora_l40_protocol_v3_phase2_r64_seed44/reports/comparison_row.json,outputs/experiments/protocol_v3/llama3_8b_qlora_l40_protocol_v3_phase2_r64_seed44/reports/metrics_history.jsonl,160,0.851063829787234,train_log,2026-04-22T15:58:10.732558+00:00,1.9185,8.768091201782227,9.31640625,8.646641110051549,5.311128582088765,7.702057148861973,4.6182653262827875,350,-0.9327312791463056,-0.9445839611895757,-0.6928632558059773,-0.9327312791463056,-0.9445839611895757,-0.6928632558059773,50,7.702057148861973,4.6182653262827875,350,4,350,0.0002,10,0.05,9.242520332336426,14.98046875,0.6604010462760925,0.3917132318019867,0,0,0,0,0,0,1,2,9.242519855499268,14.98046875,50,4.992104551085171,4.991816217377782,4.996825305995008,7,0.003055672210590387,False,completed,7.894351482391357,14.98046875,0.05,0.01,0.4107326865196228,0.0001144578313253012,0.851063829787234,160,,,,,,,,,,,,,,,,,,,,,,,,,,,,,,,,,,,,,,,,,,,
llama3_8b_qlora_l40_protocol_v3_phase2_r64_seed44__1776870643,llama3_8b_qlora_l40_protocol_v3_phase2_r64_seed44,qlora,train_and_eval,protocol_v3,logging_v2,meta-llama/Meta-Llama-3-8B,True,False,44,64,128,350,8,1024,8.316989216966332,7.384257937820027,7.384257937820027,2713.1371,0.129,completed,outputs/experiments/protocol_v3/llama3_8b_qlora_l40_protocol_v3_phase2_r64_seed44/reports/comparison_row.json,outputs/experiments/protocol_v3/llama3_8b_qlora_l40_protocol_v3_phase2_r64_seed44/reports/metrics_history.jsonl,170,0.9042553191489362,train_log,2026-04-22T15:58:10.732561+00:00,1.9441,8.768091201782227,9.31640625,8.646641110051549,5.311128582088765,7.702057148861973,4.6182653262827875,350,-0.9327312791463056,-0.9445839611895757,-0.6928632558059773,-0.9327312791463056,-0.9445839611895757,-0.6928632558059773,50,7.702057148861973,4.6182653262827875,350,4,350,0.0002,10,0.05,9.242520332336426,14.98046875,0.6604010462760925,0.3917132318019867,0,0,0,0,0,0,1,2,9.242519855499268,14.98046875,50,4.992104551085171,4.991816217377782,4.996825305995008,7,0.003055672210590387,False,completed,7.894351482391357,14.98046875,0.05,0.01,0.426026850938797,0.00010843373493975903,0.9042553191489362,170,,,,,,,,,,,,,,,,,,,,,,,,,,,,,,,,,,,,,,,,,,,
llama3_8b_qlora_l40_protocol_v3_phase2_r64_seed44__1776870643,llama3_8b_qlora_l40_protocol_v3_phase2_r64_seed44,qlora,train_and_eval,protocol_v3,logging_v2,meta-llama/Meta-Llama-3-8B,True,False,44,64,128,350,8,1024,8.316989216966332,7.384257937820027,7.384257937820027,2713.1371,0.129,completed,outputs/experiments/protocol_v3/llama3_8b_qlora_l40_protocol_v3_phase2_r64_seed44/reports/comparison_row.json,outputs/experiments/protocol_v3/llama3_8b_qlora_l40_protocol_v3_phase2_r64_seed44/reports/metrics_history.jsonl,180,0.9574468085106383,train_log,2026-04-22T15:58:10.732565+00:00,1.9688,8.768091201782227,9.31640625,8.646641110051549,5.311128582088765,7.702057148861973,4.6182653262827875,350,-0.9327312791463056,-0.9445839611895757,-0.6928632558059773,-0.9327312791463056,-0.9445839611895757,-0.6928632558059773,50,7.702057148861973,4.6182653262827875,350,4,350,0.0002,10,0.05,9.242520332336426,14.98046875,0.6604010462760925,0.3917132318019867,0,0,0,0,0,0,1,2,9.242519855499268,14.98046875,50,4.992104551085171,4.991816217377782,4.996825305995008,7,0.003055672210590387,False,completed,7.894351482391357,14.98046875,0.05,0.01,0.39892399311065674,0.00010240963855421688,0.9574468085106383,180,,,,,,,,,,,,,,,,,,,,,,,,,,,,,,,,,,,,,,,,,,,
llama3_8b_qlora_l40_protocol_v3_phase2_r64_seed44__1776870643,llama3_8b_qlora_l40_protocol_v3_phase2_r64_seed44,qlora,train_and_eval,protocol_v3,logging_v2,meta-llama/Meta-Llama-3-8B,True,False,44,64,128,350,8,1024,8.316989216966332,7.384257937820027,7.384257937820027,2713.1371,0.129,completed,outputs/experiments/protocol_v3/llama3_8b_qlora_l40_protocol_v3_phase2_r64_seed44/reports/comparison_row.json,outputs/experiments/protocol_v3/llama3_8b_qlora_l40_protocol_v3_phase2_r64_seed44/reports/metrics_history.jsonl,190,1.0106382978723405,train_log,2026-04-22T15:58:10.732569+00:00,1.9161,8.768091201782227,9.31640625,8.646641110051549,5.311128582088765,7.702057148861973,4.6182653262827875,350,-0.9327312791463056,-0.9445839611895757,-0.6928632558059773,-0.9327312791463056,-0.9445839611895757,-0.6928632558059773,50,7.702057148861973,4.6182653262827875,350,4,350,0.0002,10,0.05,9.242520332336426,14.98046875,0.6604010462760925,0.3917132318019867,0,0,0,0,0,0,1,2,9.242519855499268,14.98046875,50,4.992104551085171,4.991816217377782,4.996825305995008,7,0.003055672210590387,False,completed,7.894351482391357,14.98046875,0.05,0.01,0.5532240271568298,9.638554216867471e-05,1.0106382978723405,190,,,,,,,,,,,,,,,,,,,,,,,,,,,,,,,,,,,,,,,,,,,
llama3_8b_qlora_l40_protocol_v3_phase2_r64_seed44__1776870643,llama3_8b_qlora_l40_protocol_v3_phase2_r64_seed44,qlora,train_and_eval,protocol_v3,logging_v2,meta-llama/Meta-Llama-3-8B,True,False,44,64,128,350,8,1024,8.316989216966332,7.384257937820027,7.384257937820027,2713.1371,0.129,completed,outputs/experiments/protocol_v3/llama3_8b_qlora_l40_protocol_v3_phase2_r64_seed44/reports/comparison_row.json,outputs/experiments/protocol_v3/llama3_8b_qlora_l40_protocol_v3_phase2_r64_seed44/reports/metrics_history.jsonl,200,1.0638297872340425,train_log,2026-04-22T15:58:10.732572+00:00,1.8302,8.768091201782227,9.31640625,8.646641110051549,5.311128582088765,7.702057148861973,4.6182653262827875,350,-0.9327312791463056,-0.9445839611895757,-0.6928632558059773,-0.9327312791463056,-0.9445839611895757,-0.6928632558059773,50,7.702057148861973,4.6182653262827875,350,4,350,0.0002,10,0.05,9.242520332336426,14.98046875,0.6604010462760925,0.3917132318019867,0,0,0,0,0,0,1,2,9.242519855499268,14.98046875,50,4.992104551085171,4.991816217377782,4.996825305995008,7,0.003055672210590387,False,completed,7.894351482391357,14.98046875,0.05,0.01,0.40647974610328674,9.036144578313253e-05,1.0638297872340425,200,,,,,,,,,,,,,,,,,,,,,,,,,,,,,,,,,,,,,,,,,,,
llama3_8b_qlora_l40_protocol_v3_phase2_r64_seed44__1776870643,llama3_8b_qlora_l40_protocol_v3_phase2_r64_seed44,qlora,train_and_eval,protocol_v3,logging_v2,meta-llama/Meta-Llama-3-8B,True,False,44,64,128,350,8,1024,8.316989216966332,7.384257937820027,7.384257937820027,2713.1371,0.129,completed,outputs/experiments/protocol_v3/llama3_8b_qlora_l40_protocol_v3_phase2_r64_seed44/reports/comparison_row.json,outputs/experiments/protocol_v3/llama3_8b_qlora_l40_protocol_v3_phase2_r64_seed44/reports/metrics_history.jsonl,200,1.0638297872340425,eval,2026-04-22T15:58:10.732576+00:00,,8.768091201782227,9.31640625,8.646641110051549,5.311128582088765,7.702057148861973,4.6182653262827875,350,-0.9327312791463056,-0.9445839611895757,-0.6928632558059773,-0.9327312791463056,-0.9445839611895757,-0.6928632558059773,50,7.702057148861973,4.6182653262827875,350,4,350,0.0002,10,0.05,9.242520332336426,14.98046875,0.6604010462760925,0.3917132318019867,0,0,0,0,0,0,1,2,9.242519855499268,14.98046875,50,4.992104551085171,4.991816217377782,4.996825305995008,7,0.003055672210590387,False,completed,7.894351482391357,14.98046875,0.05,0.01,,,1.0638297872340425,200,2.0021767616271973,67.9204,3.754,3.754,,,,,,,,,,,,,,,,,,,,,,,,,,,,,,,,,,,,,,,
llama3_8b_qlora_l40_protocol_v3_phase2_r64_seed44__1776870643,llama3_8b_qlora_l40_protocol_v3_phase2_r64_seed44,qlora,train_and_eval,protocol_v3,logging_v2,meta-llama/Meta-Llama-3-8B,True,False,44,64,128,350,8,1024,8.316989216966332,7.384257937820027,7.384257937820027,2713.1371,0.129,completed,outputs/experiments/protocol_v3/llama3_8b_qlora_l40_protocol_v3_phase2_r64_seed44/reports/comparison_row.json,outputs/experiments/protocol_v3/llama3_8b_qlora_l40_protocol_v3_phase2_r64_seed44/reports/metrics_history.jsonl,200,1.0638297872340425,eval,2026-04-22T15:58:10.732580+00:00,,8.768091201782227,9.31640625,8.646641110051549,5.311128582088765,7.702057148861973,4.6182653262827875,350,-0.9327312791463056,-0.9445839611895757,-0.6928632558059773,-0.9327312791463056,-0.9445839611895757,-0.6928632558059773,50,7.702057148861973,4.6182653262827875,350,4,350,0.0002,10,0.05,9.242520332336426,14.98046875,0.6604010462760925,0.3917132318019867,0,0,0,0,0,0,1,2,9.242519855499268,14.98046875,50,4.992104551085171,4.991816217377782,4.996825305995008,7,0.003055672210590387,False,completed,7.894351482391357,14.98046875,0.05,0.01,,,1.0638297872340425,200,,,,,2.043745279312134,62.3279,3.754,3.754,,,,,,,,,,,,,,,,,,,,,,,,,,,,,,,,,,,
llama3_8b_qlora_l40_protocol_v3_phase2_r64_seed44__1776870643,llama3_8b_qlora_l40_protocol_v3_phase2_r64_seed44,qlora,train_and_eval,protocol_v3,logging_v2,meta-llama/Meta-Llama-3-8B,True,False,44,64,128,350,8,1024,8.316989216966332,7.384257937820027,7.384257937820027,2713.1371,0.129,completed,outputs/experiments/protocol_v3/llama3_8b_qlora_l40_protocol_v3_phase2_r64_seed44/reports/comparison_row.json,outputs/experiments/protocol_v3/llama3_8b_qlora_l40_protocol_v3_phase2_r64_seed44/reports/metrics_history.jsonl,200,1.0638297872340425,eval,2026-04-22T15:58:10.732584+00:00,,8.768091201782227,9.31640625,8.646641110051549,5.311128582088765,7.702057148861973,4.6182653262827875,350,-0.9327312791463056,-0.9445839611895757,-0.6928632558059773,-0.9327312791463056,-0.9445839611895757,-0.6928632558059773,50,7.702057148861973,4.6182653262827875,350,4,350,0.0002,10,0.05,9.242520332336426,14.98046875,0.6604010462760925,0.3917132318019867,0,0,0,0,0,0,1,2,9.242519855499268,14.98046875,50,4.992104551085171,4.991816217377782,4.996825305995008,7,0.003055672210590387,False,completed,7.894351482391357,14.98046875,0.05,0.01,,,1.0638297872340425,200,,,,,,,,,1.5377676486968994,5.5961,3.753,3.753,,,,,,,,,,,,,,,,,,,,,,,,,,,,,,,
llama3_8b_qlora_l40_protocol_v3_phase2_r64_seed44__1776870643,llama3_8b_qlora_l40_protocol_v3_phase2_r64_seed44,qlora,train_and_eval,protocol_v3,logging_v2,meta-llama/Meta-Llama-3-8B,True,False,44,64,128,350,8,1024,8.316989216966332,7.384257937820027,7.384257937820027,2713.1371,0.129,completed,outputs/experiments/protocol_v3/llama3_8b_qlora_l40_protocol_v3_phase2_r64_seed44/reports/comparison_row.json,outputs/experiments/protocol_v3/llama3_8b_qlora_l40_protocol_v3_phase2_r64_seed44/reports/metrics_history.jsonl,200,1.0638297872340425,eval,2026-04-22T15:58:10.732590+00:00,,8.768091201782227,9.31640625,8.646641110051549,5.311128582088765,7.702057148861973,4.6182653262827875,350,-0.9327312791463056,-0.9445839611895757,-0.6928632558059773,-0.9327312791463056,-0.9445839611895757,-0.6928632558059773,50,7.702057148861973,4.6182653262827875,350,4,350,0.0002,10,0.05,9.242520332336426,14.98046875,0.6604010462760925,0.3917132318019867,0,0,0,0,0,0,1,2,9.242519855499268,14.98046875,50,4.992104551085171,4.991816217377782,4.996825305995008,7,0.003055672210590387,False,completed,7.894351482391357,14.98046875,0.05,0.01,,,1.0638297872340425,200,2.0021767616271973,67.9204,3.754,3.754,2.043745279312134,62.3279,3.754,3.754,1.5377676486968994,5.5961,3.753,3.753,7.405157831166551,9.242520332336426,14.98046875,9.242520332336426,14.98046875,9.242520332336426,14.98046875,7.719466684348661,9.242520332336426,14.98046875,9.242520332336426,14.98046875,9.242520332336426,14.98046875,4.654188880916113,9.242519855499268,14.98046875,9.242519855499268,14.98046875,9.242519855499268,14.98046875,4.991816217377782,4.991026417992543,4.993503241098369,0.014999724761384057,50,,,,,
llama3_8b_qlora_l40_protocol_v3_phase2_r64_seed44__1776870643,llama3_8b_qlora_l40_protocol_v3_phase2_r64_seed44,qlora,train_and_eval,protocol_v3,logging_v2,meta-llama/Meta-Llama-3-8B,True,False,44,64,128,350,8,1024,8.316989216966332,7.384257937820027,7.384257937820027,2713.1371,0.129,completed,outputs/experiments/protocol_v3/llama3_8b_qlora_l40_protocol_v3_phase2_r64_seed44/reports/comparison_row.json,outputs/experiments/protocol_v3/llama3_8b_qlora_l40_protocol_v3_phase2_r64_seed44/reports/metrics_history.jsonl,210,1.1170212765957448,train_log,2026-04-22T15:58:10.732598+00:00,1.7579,8.768091201782227,9.31640625,8.646641110051549,5.311128582088765,7.702057148861973,4.6182653262827875,350,-0.9327312791463056,-0.9445839611895757,-0.6928632558059773,-0.9327312791463056,-0.9445839611895757,-0.6928632558059773,50,7.702057148861973,4.6182653262827875,350,4,350,0.0002,10,0.05,9.242520332336426,14.98046875,0.6604010462760925,0.3917132318019867,0,0,0,0,0,0,1,2,9.242519855499268,14.98046875,50,4.992104551085171,4.991816217377782,4.996825305995008,7,0.003055672210590387,False,completed,7.894351482391357,14.98046875,0.05,0.01,0.528355598449707,8.433734939759037e-05,1.1170212765957448,210,,,,,,,,,,,,,,,,,,,,,,,,,,,,,,,,,,,,,,,,,,,
llama3_8b_qlora_l40_protocol_v3_phase2_r64_seed44__1776870643,llama3_8b_qlora_l40_protocol_v3_phase2_r64_seed44,qlora,train_and_eval,protocol_v3,logging_v2,meta-llama/Meta-Llama-3-8B,True,False,44,64,128,350,8,1024,8.316989216966332,7.384257937820027,7.384257937820027,2713.1371,0.129,completed,outputs/experiments/protocol_v3/llama3_8b_qlora_l40_protocol_v3_phase2_r64_seed44/reports/comparison_row.json,outputs/experiments/protocol_v3/llama3_8b_qlora_l40_protocol_v3_phase2_r64_seed44/reports/metrics_history.jsonl,220,1.1702127659574468,train_log,2026-04-22T15:58:10.732601+00:00,1.8867,8.768091201782227,9.31640625,8.646641110051549,5.311128582088765,7.702057148861973,4.6182653262827875,350,-0.9327312791463056,-0.9445839611895757,-0.6928632558059773,-0.9327312791463056,-0.9445839611895757,-0.6928632558059773,50,7.702057148861973,4.6182653262827875,350,4,350,0.0002,10,0.05,9.242520332336426,14.98046875,0.6604010462760925,0.3917132318019867,0,0,0,0,0,0,1,2,9.242519855499268,14.98046875,50,4.992104551085171,4.991816217377782,4.996825305995008,7,0.003055672210590387,False,completed,7.894351482391357,14.98046875,0.05,0.01,0.45415979623794556,7.83132530120482e-05,1.1702127659574468,220,,,,,,,,,,,,,,,,,,,,,,,,,,,,,,,,,,,,,,,,,,,
llama3_8b_qlora_l40_protocol_v3_phase2_r64_seed44__1776870643,llama3_8b_qlora_l40_protocol_v3_phase2_r64_seed44,qlora,train_and_eval,protocol_v3,logging_v2,meta-llama/Meta-Llama-3-8B,True,False,44,64,128,350,8,1024,8.316989216966332,7.384257937820027,7.384257937820027,2713.1371,0.129,completed,outputs/experiments/protocol_v3/llama3_8b_qlora_l40_protocol_v3_phase2_r64_seed44/reports/comparison_row.json,outputs/experiments/protocol_v3/llama3_8b_qlora_l40_protocol_v3_phase2_r64_seed44/reports/metrics_history.jsonl,230,1.2234042553191489,train_log,2026-04-22T15:58:10.732605+00:00,1.7638,8.768091201782227,9.31640625,8.646641110051549,5.311128582088765,7.702057148861973,4.6182653262827875,350,-0.9327312791463056,-0.9445839611895757,-0.6928632558059773,-0.9327312791463056,-0.9445839611895757,-0.6928632558059773,50,7.702057148861973,4.6182653262827875,350,4,350,0.0002,10,0.05,9.242520332336426,14.98046875,0.6604010462760925,0.3917132318019867,0,0,0,0,0,0,1,2,9.242519855499268,14.98046875,50,4.992104551085171,4.991816217377782,4.996825305995008,7,0.003055672210590387,False,completed,7.894351482391357,14.98046875,0.05,0.01,0.4661620557308197,7.228915662650602e-05,1.2234042553191489,230,,,,,,,,,,,,,,,,,,,,,,,,,,,,,,,,,,,,,,,,,,,
llama3_8b_qlora_l40_protocol_v3_phase2_r64_seed44__1776870643,llama3_8b_qlora_l40_protocol_v3_phase2_r64_seed44,qlora,train_and_eval,protocol_v3,logging_v2,meta-llama/Meta-Llama-3-8B,True,False,44,64,128,350,8,1024,8.316989216966332,7.384257937820027,7.384257937820027,2713.1371,0.129,completed,outputs/experiments/protocol_v3/llama3_8b_qlora_l40_protocol_v3_phase2_r64_seed44/reports/comparison_row.json,outputs/experiments/protocol_v3/llama3_8b_qlora_l40_protocol_v3_phase2_r64_seed44/reports/metrics_history.jsonl,240,1.2765957446808511,train_log,2026-04-22T15:58:10.732608+00:00,1.8209,8.768091201782227,9.31640625,8.646641110051549,5.311128582088765,7.702057148861973,4.6182653262827875,350,-0.9327312791463056,-0.9445839611895757,-0.6928632558059773,-0.9327312791463056,-0.9445839611895757,-0.6928632558059773,50,7.702057148861973,4.6182653262827875,350,4,350,0.0002,10,0.05,9.242520332336426,14.98046875,0.6604010462760925,0.3917132318019867,0,0,0,0,0,0,1,2,9.242519855499268,14.98046875,50,4.992104551085171,4.991816217377782,4.996825305995008,7,0.003055672210590387,False,completed,7.894351482391357,14.98046875,0.05,0.01,0.4633931815624237,6.626506024096386e-05,1.2765957446808511,240,,,,,,,,,,,,,,,,,,,,,,,,,,,,,,,,,,,,,,,,,,,
llama3_8b_qlora_l40_protocol_v3_phase2_r64_seed44__1776870643,llama3_8b_qlora_l40_protocol_v3_phase2_r64_seed44,qlora,train_and_eval,protocol_v3,logging_v2,meta-llama/Meta-Llama-3-8B,True,False,44,64,128,350,8,1024,8.316989216966332,7.384257937820027,7.384257937820027,2713.1371,0.129,completed,outputs/experiments/protocol_v3/llama3_8b_qlora_l40_protocol_v3_phase2_r64_seed44/reports/comparison_row.json,outputs/experiments/protocol_v3/llama3_8b_qlora_l40_protocol_v3_phase2_r64_seed44/reports/metrics_history.jsonl,250,1.3297872340425532,train_log,2026-04-22T15:58:10.732612+00:00,1.7926,8.768091201782227,9.31640625,8.646641110051549,5.311128582088765,7.702057148861973,4.6182653262827875,350,-0.9327312791463056,-0.9445839611895757,-0.6928632558059773,-0.9327312791463056,-0.9445839611895757,-0.6928632558059773,50,7.702057148861973,4.6182653262827875,350,4,350,0.0002,10,0.05,9.242520332336426,14.98046875,0.6604010462760925,0.3917132318019867,0,0,0,0,0,0,1,2,9.242519855499268,14.98046875,50,4.992104551085171,4.991816217377782,4.996825305995008,7,0.003055672210590387,False,completed,7.894351482391357,14.98046875,0.05,0.01,0.49885356426239014,6.02409638554217e-05,1.3297872340425532,250,,,,,,,,,,,,,,,,,,,,,,,,,,,,,,,,,,,,,,,,,,,
llama3_8b_qlora_l40_protocol_v3_phase2_r64_seed44__1776870643,llama3_8b_qlora_l40_protocol_v3_phase2_r64_seed44,qlora,train_and_eval,protocol_v3,logging_v2,meta-llama/Meta-Llama-3-8B,True,False,44,64,128,350,8,1024,8.316989216966332,7.384257937820027,7.384257937820027,2713.1371,0.129,completed,outputs/experiments/protocol_v3/llama3_8b_qlora_l40_protocol_v3_phase2_r64_seed44/reports/comparison_row.json,outputs/experiments/protocol_v3/llama3_8b_qlora_l40_protocol_v3_phase2_r64_seed44/reports/metrics_history.jsonl,250,1.3297872340425532,eval,2026-04-22T15:58:10.732615+00:00,,8.768091201782227,9.31640625,8.646641110051549,5.311128582088765,7.702057148861973,4.6182653262827875,350,-0.9327312791463056,-0.9445839611895757,-0.6928632558059773,-0.9327312791463056,-0.9445839611895757,-0.6928632558059773,50,7.702057148861973,4.6182653262827875,350,4,350,0.0002,10,0.05,9.242520332336426,14.98046875,0.6604010462760925,0.3917132318019867,0,0,0,0,0,0,1,2,9.242519855499268,14.98046875,50,4.992104551085171,4.991816217377782,4.996825305995008,7,0.003055672210590387,False,completed,7.894351482391357,14.98046875,0.05,0.01,,,1.3297872340425532,250,2.004537582397461,67.9856,3.751,3.751,,,,,,,,,,,,,,,,,,,,,,,,,,,,,,,,,,,,,,,
llama3_8b_qlora_l40_protocol_v3_phase2_r64_seed44__1776870643,llama3_8b_qlora_l40_protocol_v3_phase2_r64_seed44,qlora,train_and_eval,protocol_v3,logging_v2,meta-llama/Meta-Llama-3-8B,True,False,44,64,128,350,8,1024,8.316989216966332,7.384257937820027,7.384257937820027,2713.1371,0.129,completed,outputs/experiments/protocol_v3/llama3_8b_qlora_l40_protocol_v3_phase2_r64_seed44/reports/comparison_row.json,outputs/experiments/protocol_v3/llama3_8b_qlora_l40_protocol_v3_phase2_r64_seed44/reports/metrics_history.jsonl,250,1.3297872340425532,eval,2026-04-22T15:58:10.732619+00:00,,8.768091201782227,9.31640625,8.646641110051549,5.311128582088765,7.702057148861973,4.6182653262827875,350,-0.9327312791463056,-0.9445839611895757,-0.6928632558059773,-0.9327312791463056,-0.9445839611895757,-0.6928632558059773,50,7.702057148861973,4.6182653262827875,350,4,350,0.0002,10,0.05,9.242520332336426,14.98046875,0.6604010462760925,0.3917132318019867,0,0,0,0,0,0,1,2,9.242519855499268,14.98046875,50,4.992104551085171,4.991816217377782,4.996825305995008,7,0.003055672210590387,False,completed,7.894351482391357,14.98046875,0.05,0.01,,,1.3297872340425532,250,,,,,2.0462801456451416,62.3887,3.751,3.751,,,,,,,,,,,,,,,,,,,,,,,,,,,,,,,,,,,
llama3_8b_qlora_l40_protocol_v3_phase2_r64_seed44__1776870643,llama3_8b_qlora_l40_protocol_v3_phase2_r64_seed44,qlora,train_and_eval,protocol_v3,logging_v2,meta-llama/Meta-Llama-3-8B,True,False,44,64,128,350,8,1024,8.316989216966332,7.384257937820027,7.384257937820027,2713.1371,0.129,completed,outputs/experiments/protocol_v3/llama3_8b_qlora_l40_protocol_v3_phase2_r64_seed44/reports/comparison_row.json,outputs/experiments/protocol_v3/llama3_8b_qlora_l40_protocol_v3_phase2_r64_seed44/reports/metrics_history.jsonl,250,1.3297872340425532,eval,2026-04-22T15:58:10.732623+00:00,,8.768091201782227,9.31640625,8.646641110051549,5.311128582088765,7.702057148861973,4.6182653262827875,350,-0.9327312791463056,-0.9445839611895757,-0.6928632558059773,-0.9327312791463056,-0.9445839611895757,-0.6928632558059773,50,7.702057148861973,4.6182653262827875,350,4,350,0.0002,10,0.05,9.242520332336426,14.98046875,0.6604010462760925,0.3917132318019867,0,0,0,0,0,0,1,2,9.242519855499268,14.98046875,50,4.992104551085171,4.991816217377782,4.996825305995008,7,0.003055672210590387,False,completed,7.894351482391357,14.98046875,0.05,0.01,,,1.3297872340425532,250,,,,,,,,,1.538617491722107,5.6011,3.749,3.749,,,,,,,,,,,,,,,,,,,,,,,,,,,,,,,
llama3_8b_qlora_l40_protocol_v3_phase2_r64_seed44__1776870643,llama3_8b_qlora_l40_protocol_v3_phase2_r64_seed44,qlora,train_and_eval,protocol_v3,logging_v2,meta-llama/Meta-Llama-3-8B,True,False,44,64,128,350,8,1024,8.316989216966332,7.384257937820027,7.384257937820027,2713.1371,0.129,completed,outputs/experiments/protocol_v3/llama3_8b_qlora_l40_protocol_v3_phase2_r64_seed44/reports/comparison_row.json,outputs/experiments/protocol_v3/llama3_8b_qlora_l40_protocol_v3_phase2_r64_seed44/reports/metrics_history.jsonl,250,1.3297872340425532,eval,2026-04-22T15:58:10.732629+00:00,,8.768091201782227,9.31640625,8.646641110051549,5.311128582088765,7.702057148861973,4.6182653262827875,350,-0.9327312791463056,-0.9445839611895757,-0.6928632558059773,-0.9327312791463056,-0.9445839611895757,-0.6928632558059773,50,7.702057148861973,4.6182653262827875,350,4,350,0.0002,10,0.05,9.242520332336426,14.98046875,0.6604010462760925,0.3917132318019867,0,0,0,0,0,0,1,2,9.242519855499268,14.98046875,50,4.992104551085171,4.991816217377782,4.996825305995008,7,0.003055672210590387,False,completed,7.894351482391357,14.98046875,0.05,0.01,,,1.3297872340425532,250,2.004537582397461,67.9856,3.751,3.751,2.0462801456451416,62.3887,3.751,3.751,1.538617491722107,5.6011,3.749,3.749,7.422660734060464,9.242520332336426,14.98046875,9.242520332336426,14.98046875,9.242520332336426,14.98046875,7.73905932242379,9.242520332336426,14.98046875,9.242520332336426,14.98046875,9.242520332336426,14.98046875,4.658145892055559,9.242519855499268,14.98046875,9.242519855499268,14.98046875,9.242519855499268,14.98046875,4.992528447579826,4.99254776800808,4.9937526200985305,0.0012409501546654426,50,,,,,
llama3_8b_qlora_l40_protocol_v3_phase2_r64_seed44__1776870643,llama3_8b_qlora_l40_protocol_v3_phase2_r64_seed44,qlora,train_and_eval,protocol_v3,logging_v2,meta-llama/Meta-Llama-3-8B,True,False,44,64,128,350,8,1024,8.316989216966332,7.384257937820027,7.384257937820027,2713.1371,0.129,completed,outputs/experiments/protocol_v3/llama3_8b_qlora_l40_protocol_v3_phase2_r64_seed44/reports/comparison_row.json,outputs/experiments/protocol_v3/llama3_8b_qlora_l40_protocol_v3_phase2_r64_seed44/reports/metrics_history.jsonl,260,1.3829787234042552,train_log,2026-04-22T15:58:10.732636+00:00,1.7827,8.768091201782227,9.31640625,8.646641110051549,5.311128582088765,7.702057148861973,4.6182653262827875,350,-0.9327312791463056,-0.9445839611895757,-0.6928632558059773,-0.9327312791463056,-0.9445839611895757,-0.6928632558059773,50,7.702057148861973,4.6182653262827875,350,4,350,0.0002,10,0.05,9.242520332336426,14.98046875,0.6604010462760925,0.3917132318019867,0,0,0,0,0,0,1,2,9.242519855499268,14.98046875,50,4.992104551085171,4.991816217377782,4.996825305995008,7,0.003055672210590387,False,completed,7.894351482391357,14.98046875,0.05,0.01,0.48169997334480286,5.4216867469879516e-05,1.3829787234042552,260,,,,,,,,,,,,,,,,,,,,,,,,,,,,,,,,,,,,,,,,,,,
llama3_8b_qlora_l40_protocol_v3_phase2_r64_seed44__1776870643,llama3_8b_qlora_l40_protocol_v3_phase2_r64_seed44,qlora,train_and_eval,protocol_v3,logging_v2,meta-llama/Meta-Llama-3-8B,True,False,44,64,128,350,8,1024,8.316989216966332,7.384257937820027,7.384257937820027,2713.1371,0.129,completed,outputs/experiments/protocol_v3/llama3_8b_qlora_l40_protocol_v3_phase2_r64_seed44/reports/comparison_row.json,outputs/experiments/protocol_v3/llama3_8b_qlora_l40_protocol_v3_phase2_r64_seed44/reports/metrics_history.jsonl,270,1.4361702127659575,train_log,2026-04-22T15:58:10.732639+00:00,1.7862,8.768091201782227,9.31640625,8.646641110051549,5.311128582088765,7.702057148861973,4.6182653262827875,350,-0.9327312791463056,-0.9445839611895757,-0.6928632558059773,-0.9327312791463056,-0.9445839611895757,-0.6928632558059773,50,7.702057148861973,4.6182653262827875,350,4,350,0.0002,10,0.05,9.242520332336426,14.98046875,0.6604010462760925,0.3917132318019867,0,0,0,0,0,0,1,2,9.242519855499268,14.98046875,50,4.992104551085171,4.991816217377782,4.996825305995008,7,0.003055672210590387,False,completed,7.894351482391357,14.98046875,0.05,0.01,0.5428778529167175,4.8192771084337354e-05,1.4361702127659575,270,,,,,,,,,,,,,,,,,,,,,,,,,,,,,,,,,,,,,,,,,,,
llama3_8b_qlora_l40_protocol_v3_phase2_r64_seed44__1776870643,llama3_8b_qlora_l40_protocol_v3_phase2_r64_seed44,qlora,train_and_eval,protocol_v3,logging_v2,meta-llama/Meta-Llama-3-8B,True,False,44,64,128,350,8,1024,8.316989216966332,7.384257937820027,7.384257937820027,2713.1371,0.129,completed,outputs/experiments/protocol_v3/llama3_8b_qlora_l40_protocol_v3_phase2_r64_seed44/reports/comparison_row.json,outputs/experiments/protocol_v3/llama3_8b_qlora_l40_protocol_v3_phase2_r64_seed44/reports/metrics_history.jsonl,280,1.4893617021276595,train_log,2026-04-22T15:58:10.732642+00:00,1.738,8.768091201782227,9.31640625,8.646641110051549,5.311128582088765,7.702057148861973,4.6182653262827875,350,-0.9327312791463056,-0.9445839611895757,-0.6928632558059773,-0.9327312791463056,-0.9445839611895757,-0.6928632558059773,50,7.702057148861973,4.6182653262827875,350,4,350,0.0002,10,0.05,9.242520332336426,14.98046875,0.6604010462760925,0.3917132318019867,0,0,0,0,0,0,1,2,9.242519855499268,14.98046875,50,4.992104551085171,4.991816217377782,4.996825305995008,7,0.003055672210590387,False,completed,7.894351482391357,14.98046875,0.05,0.01,0.5460809469223022,4.2168674698795186e-05,1.4893617021276595,280,,,,,,,,,,,,,,,,,,,,,,,,,,,,,,,,,,,,,,,,,,,
llama3_8b_qlora_l40_protocol_v3_phase2_r64_seed44__1776870643,llama3_8b_qlora_l40_protocol_v3_phase2_r64_seed44,qlora,train_and_eval,protocol_v3,logging_v2,meta-llama/Meta-Llama-3-8B,True,False,44,64,128,350,8,1024,8.316989216966332,7.384257937820027,7.384257937820027,2713.1371,0.129,completed,outputs/experiments/protocol_v3/llama3_8b_qlora_l40_protocol_v3_phase2_r64_seed44/reports/comparison_row.json,outputs/experiments/protocol_v3/llama3_8b_qlora_l40_protocol_v3_phase2_r64_seed44/reports/metrics_history.jsonl,290,1.5425531914893615,train_log,2026-04-22T15:58:10.732646+00:00,1.7532,8.768091201782227,9.31640625,8.646641110051549,5.311128582088765,7.702057148861973,4.6182653262827875,350,-0.9327312791463056,-0.9445839611895757,-0.6928632558059773,-0.9327312791463056,-0.9445839611895757,-0.6928632558059773,50,7.702057148861973,4.6182653262827875,350,4,350,0.0002,10,0.05,9.242520332336426,14.98046875,0.6604010462760925,0.3917132318019867,0,0,0,0,0,0,1,2,9.242519855499268,14.98046875,50,4.992104551085171,4.991816217377782,4.996825305995008,7,0.003055672210590387,False,completed,7.894351482391357,14.98046875,0.05,0.01,0.535785973072052,3.614457831325301e-05,1.5425531914893615,290,,,,,,,,,,,,,,,,,,,,,,,,,,,,,,,,,,,,,,,,,,,
llama3_8b_qlora_l40_protocol_v3_phase2_r64_seed44__1776870643,llama3_8b_qlora_l40_protocol_v3_phase2_r64_seed44,qlora,train_and_eval,protocol_v3,logging_v2,meta-llama/Meta-Llama-3-8B,True,False,44,64,128,350,8,1024,8.316989216966332,7.384257937820027,7.384257937820027,2713.1371,0.129,completed,outputs/experiments/protocol_v3/llama3_8b_qlora_l40_protocol_v3_phase2_r64_seed44/reports/comparison_row.json,outputs/experiments/protocol_v3/llama3_8b_qlora_l40_protocol_v3_phase2_r64_seed44/reports/metrics_history.jsonl,300,1.5957446808510638,train_log,2026-04-22T15:58:10.732649+00:00,1.7811,8.768091201782227,9.31640625,8.646641110051549,5.311128582088765,7.702057148861973,4.6182653262827875,350,-0.9327312791463056,-0.9445839611895757,-0.6928632558059773,-0.9327312791463056,-0.9445839611895757,-0.6928632558059773,50,7.702057148861973,4.6182653262827875,350,4,350,0.0002,10,0.05,9.242520332336426,14.98046875,0.6604010462760925,0.3917132318019867,0,0,0,0,0,0,1,2,9.242519855499268,14.98046875,50,4.992104551085171,4.991816217377782,4.996825305995008,7,0.003055672210590387,False,completed,7.894351482391357,14.98046875,0.05,0.01,0.506554901599884,3.012048192771085e-05,1.5957446808510638,300,,,,,,,,,,,,,,,,,,,,,,,,,,,,,,,,,,,,,,,,,,,
llama3_8b_qlora_l40_protocol_v3_phase2_r64_seed44__1776870643,llama3_8b_qlora_l40_protocol_v3_phase2_r64_seed44,qlora,train_and_eval,protocol_v3,logging_v2,meta-llama/Meta-Llama-3-8B,True,False,44,64,128,350,8,1024,8.316989216966332,7.384257937820027,7.384257937820027,2713.1371,0.129,completed,outputs/experiments/protocol_v3/llama3_8b_qlora_l40_protocol_v3_phase2_r64_seed44/reports/comparison_row.json,outputs/experiments/protocol_v3/llama3_8b_qlora_l40_protocol_v3_phase2_r64_seed44/reports/metrics_history.jsonl,300,1.5957446808510638,eval,2026-04-22T15:58:10.732653+00:00,,8.768091201782227,9.31640625,8.646641110051549,5.311128582088765,7.702057148861973,4.6182653262827875,350,-0.9327312791463056,-0.9445839611895757,-0.6928632558059773,-0.9327312791463056,-0.9445839611895757,-0.6928632558059773,50,7.702057148861973,4.6182653262827875,350,4,350,0.0002,10,0.05,9.242520332336426,14.98046875,0.6604010462760925,0.3917132318019867,0,0,0,0,0,0,1,2,9.242519855499268,14.98046875,50,4.992104551085171,4.991816217377782,4.996825305995008,7,0.003055672210590387,False,completed,7.894351482391357,14.98046875,0.05,0.01,,,1.5957446808510638,300,2.0013930797576904,67.9302,3.754,3.754,,,,,,,,,,,,,,,,,,,,,,,,,,,,,,,,,,,,,,,
llama3_8b_qlora_l40_protocol_v3_phase2_r64_seed44__1776870643,llama3_8b_qlora_l40_protocol_v3_phase2_r64_seed44,qlora,train_and_eval,protocol_v3,logging_v2,meta-llama/Meta-Llama-3-8B,True,False,44,64,128,350,8,1024,8.316989216966332,7.384257937820027,7.384257937820027,2713.1371,0.129,completed,outputs/experiments/protocol_v3/llama3_8b_qlora_l40_protocol_v3_phase2_r64_seed44/reports/comparison_row.json,outputs/experiments/protocol_v3/llama3_8b_qlora_l40_protocol_v3_phase2_r64_seed44/reports/metrics_history.jsonl,300,1.5957446808510638,eval,2026-04-22T15:58:10.732657+00:00,,8.768091201782227,9.31640625,8.646641110051549,5.311128582088765,7.702057148861973,4.6182653262827875,350,-0.9327312791463056,-0.9445839611895757,-0.6928632558059773,-0.9327312791463056,-0.9445839611895757,-0.6928632558059773,50,7.702057148861973,4.6182653262827875,350,4,350,0.0002,10,0.05,9.242520332336426,14.98046875,0.6604010462760925,0.3917132318019867,0,0,0,0,0,0,1,2,9.242519855499268,14.98046875,50,4.992104551085171,4.991816217377782,4.996825305995008,7,0.003055672210590387,False,completed,7.894351482391357,14.98046875,0.05,0.01,,,1.5957446808510638,300,,,,,2.0433382987976074,62.3368,3.754,3.754,,,,,,,,,,,,,,,,,,,,,,,,,,,,,,,,,,,
llama3_8b_qlora_l40_protocol_v3_phase2_r64_seed44__1776870643,llama3_8b_qlora_l40_protocol_v3_phase2_r64_seed44,qlora,train_and_eval,protocol_v3,logging_v2,meta-llama/Meta-Llama-3-8B,True,False,44,64,128,350,8,1024,8.316989216966332,7.384257937820027,7.384257937820027,2713.1371,0.129,completed,outputs/experiments/protocol_v3/llama3_8b_qlora_l40_protocol_v3_phase2_r64_seed44/reports/comparison_row.json,outputs/experiments/protocol_v3/llama3_8b_qlora_l40_protocol_v3_phase2_r64_seed44/reports/metrics_history.jsonl,300,1.5957446808510638,eval,2026-04-22T15:58:10.732660+00:00,,8.768091201782227,9.31640625,8.646641110051549,5.311128582088765,7.702057148861973,4.6182653262827875,350,-0.9327312791463056,-0.9445839611895757,-0.6928632558059773,-0.9327312791463056,-0.9445839611895757,-0.6928632558059773,50,7.702057148861973,4.6182653262827875,350,4,350,0.0002,10,0.05,9.242520332336426,14.98046875,0.6604010462760925,0.3917132318019867,0,0,0,0,0,0,1,2,9.242519855499268,14.98046875,50,4.992104551085171,4.991816217377782,4.996825305995008,7,0.003055672210590387,False,completed,7.894351482391357,14.98046875,0.05,0.01,,,1.5957446808510638,300,,,,,,,,,1.5337743759155273,5.5973,3.752,3.752,,,,,,,,,,,,,,,,,,,,,,,,,,,,,,,
llama3_8b_qlora_l40_protocol_v3_phase2_r64_seed44__1776870643,llama3_8b_qlora_l40_protocol_v3_phase2_r64_seed44,qlora,train_and_eval,protocol_v3,logging_v2,meta-llama/Meta-Llama-3-8B,True,False,44,64,128,350,8,1024,8.316989216966332,7.384257937820027,7.384257937820027,2713.1371,0.129,completed,outputs/experiments/protocol_v3/llama3_8b_qlora_l40_protocol_v3_phase2_r64_seed44/reports/comparison_row.json,outputs/experiments/protocol_v3/llama3_8b_qlora_l40_protocol_v3_phase2_r64_seed44/reports/metrics_history.jsonl,300,1.5957446808510638,eval,2026-04-22T15:58:10.732667+00:00,,8.768091201782227,9.31640625,8.646641110051549,5.311128582088765,7.702057148861973,4.6182653262827875,350,-0.9327312791463056,-0.9445839611895757,-0.6928632558059773,-0.9327312791463056,-0.9445839611895757,-0.6928632558059773,50,7.702057148861973,4.6182653262827875,350,4,350,0.0002,10,0.05,9.242520332336426,14.98046875,0.6604010462760925,0.3917132318019867,0,0,0,0,0,0,1,2,9.242519855499268,14.98046875,50,4.992104551085171,4.991816217377782,4.996825305995008,7,0.003055672210590387,False,completed,7.894351482391357,14.98046875,0.05,0.01,,,1.5957446808510638,300,2.0013930797576904,67.9302,3.754,3.754,2.0433382987976074,62.3368,3.754,3.754,1.5337743759155273,5.5973,3.752,3.752,7.399356816605292,9.242520332336426,14.98046875,9.242520332336426,14.98046875,9.242520332336426,14.98046875,7.716325651038627,9.242520332336426,14.98046875,9.242520332336426,14.98046875,9.242520332336426,14.98046875,4.635640494170611,9.242519855499268,14.98046875,9.242519855499268,14.98046875,9.242519855499268,14.98046875,4.9887438641581685,4.988737530482467,4.989919358336191,0.0015041185328954893,50,,,,,
llama3_8b_qlora_l40_protocol_v3_phase2_r64_seed44__1776870643,llama3_8b_qlora_l40_protocol_v3_phase2_r64_seed44,qlora,train_and_eval,protocol_v3,logging_v2,meta-llama/Meta-Llama-3-8B,True,False,44,64,128,350,8,1024,8.316989216966332,7.384257937820027,7.384257937820027,2713.1371,0.129,completed,outputs/experiments/protocol_v3/llama3_8b_qlora_l40_protocol_v3_phase2_r64_seed44/reports/comparison_row.json,outputs/experiments/protocol_v3/llama3_8b_qlora_l40_protocol_v3_phase2_r64_seed44/reports/metrics_history.jsonl,310,1.648936170212766,train_log,2026-04-22T15:58:10.732674+00:00,1.7421,8.768091201782227,9.31640625,8.646641110051549,5.311128582088765,7.702057148861973,4.6182653262827875,350,-0.9327312791463056,-0.9445839611895757,-0.6928632558059773,-0.9327312791463056,-0.9445839611895757,-0.6928632558059773,50,7.702057148861973,4.6182653262827875,350,4,350,0.0002,10,0.05,9.242520332336426,14.98046875,0.6604010462760925,0.3917132318019867,0,0,0,0,0,0,1,2,9.242519855499268,14.98046875,50,4.992104551085171,4.991816217377782,4.996825305995008,7,0.003055672210590387,False,completed,7.894351482391357,14.98046875,0.05,0.01,0.5096988081932068,2.4096385542168677e-05,1.648936170212766,310,,,,,,,,,,,,,,,,,,,,,,,,,,,,,,,,,,,,,,,,,,,
llama3_8b_qlora_l40_protocol_v3_phase2_r64_seed44__1776870643,llama3_8b_qlora_l40_protocol_v3_phase2_r64_seed44,qlora,train_and_eval,protocol_v3,logging_v2,meta-llama/Meta-Llama-3-8B,True,False,44,64,128,350,8,1024,8.316989216966332,7.384257937820027,7.384257937820027,2713.1371,0.129,completed,outputs/experiments/protocol_v3/llama3_8b_qlora_l40_protocol_v3_phase2_r64_seed44/reports/comparison_row.json,outputs/experiments/protocol_v3/llama3_8b_qlora_l40_protocol_v3_phase2_r64_seed44/reports/metrics_history.jsonl,320,1.702127659574468,train_log,2026-04-22T15:58:10.732677+00:00,1.7775,8.768091201782227,9.31640625,8.646641110051549,5.311128582088765,7.702057148861973,4.6182653262827875,350,-0.9327312791463056,-0.9445839611895757,-0.6928632558059773,-0.9327312791463056,-0.9445839611895757,-0.6928632558059773,50,7.702057148861973,4.6182653262827875,350,4,350,0.0002,10,0.05,9.242520332336426,14.98046875,0.6604010462760925,0.3917132318019867,0,0,0,0,0,0,1,2,9.242519855499268,14.98046875,50,4.992104551085171,4.991816217377782,4.996825305995008,7,0.003055672210590387,False,completed,7.894351482391357,14.98046875,0.05,0.01,0.47893989086151123,1.8072289156626505e-05,1.702127659574468,320,,,,,,,,,,,,,,,,,,,,,,,,,,,,,,,,,,,,,,,,,,,
llama3_8b_qlora_l40_protocol_v3_phase2_r64_seed44__1776870643,llama3_8b_qlora_l40_protocol_v3_phase2_r64_seed44,qlora,train_and_eval,protocol_v3,logging_v2,meta-llama/Meta-Llama-3-8B,True,False,44,64,128,350,8,1024,8.316989216966332,7.384257937820027,7.384257937820027,2713.1371,0.129,completed,outputs/experiments/protocol_v3/llama3_8b_qlora_l40_protocol_v3_phase2_r64_seed44/reports/comparison_row.json,outputs/experiments/protocol_v3/llama3_8b_qlora_l40_protocol_v3_phase2_r64_seed44/reports/metrics_history.jsonl,330,1.7553191489361701,train_log,2026-04-22T15:58:10.732681+00:00,1.7349,8.768091201782227,9.31640625,8.646641110051549,5.311128582088765,7.702057148861973,4.6182653262827875,350,-0.9327312791463056,-0.9445839611895757,-0.6928632558059773,-0.9327312791463056,-0.9445839611895757,-0.6928632558059773,50,7.702057148861973,4.6182653262827875,350,4,350,0.0002,10,0.05,9.242520332336426,14.98046875,0.6604010462760925,0.3917132318019867,0,0,0,0,0,0,1,2,9.242519855499268,14.98046875,50,4.992104551085171,4.991816217377782,4.996825305995008,7,0.003055672210590387,False,completed,7.894351482391357,14.98046875,0.05,0.01,0.6604010462760925,1.2048192771084338e-05,1.7553191489361701,330,,,,,,,,,,,,,,,,,,,,,,,,,,,,,,,,,,,,,,,,,,,
llama3_8b_qlora_l40_protocol_v3_phase2_r64_seed44__1776870643,llama3_8b_qlora_l40_protocol_v3_phase2_r64_seed44,qlora,train_and_eval,protocol_v3,logging_v2,meta-llama/Meta-Llama-3-8B,True,False,44,64,128,350,8,1024,8.316989216966332,7.384257937820027,7.384257937820027,2713.1371,0.129,completed,outputs/experiments/protocol_v3/llama3_8b_qlora_l40_protocol_v3_phase2_r64_seed44/reports/comparison_row.json,outputs/experiments/protocol_v3/llama3_8b_qlora_l40_protocol_v3_phase2_r64_seed44/reports/metrics_history.jsonl,340,1.8085106382978724,train_log,2026-04-22T15:58:10.732684+00:00,1.8739,8.768091201782227,9.31640625,8.646641110051549,5.311128582088765,7.702057148861973,4.6182653262827875,350,-0.9327312791463056,-0.9445839611895757,-0.6928632558059773,-0.9327312791463056,-0.9445839611895757,-0.6928632558059773,50,7.702057148861973,4.6182653262827875,350,4,350,0.0002,10,0.05,9.242520332336426,14.98046875,0.6604010462760925,0.3917132318019867,0,0,0,0,0,0,1,2,9.242519855499268,14.98046875,50,4.992104551085171,4.991816217377782,4.996825305995008,7,0.003055672210590387,False,completed,7.894351482391357,14.98046875,0.05,0.01,0.5838141441345215,6.024096385542169e-06,1.8085106382978724,340,,,,,,,,,,,,,,,,,,,,,,,,,,,,,,,,,,,,,,,,,,,
llama3_8b_qlora_l40_protocol_v3_phase2_r64_seed44__1776870643,llama3_8b_qlora_l40_protocol_v3_phase2_r64_seed44,qlora,train_and_eval,protocol_v3,logging_v2,meta-llama/Meta-Llama-3-8B,True,False,44,64,128,350,8,1024,8.316989216966332,7.384257937820027,7.384257937820027,2713.1371,0.129,completed,outputs/experiments/protocol_v3/llama3_8b_qlora_l40_protocol_v3_phase2_r64_seed44/reports/comparison_row.json,outputs/experiments/protocol_v3/llama3_8b_qlora_l40_protocol_v3_phase2_r64_seed44/reports/metrics_history.jsonl,350,1.8617021276595744,train_log,2026-04-22T15:58:10.732688+00:00,1.7936,8.768091201782227,9.31640625,8.646641110051549,5.311128582088765,7.702057148861973,4.6182653262827875,350,-0.9327312791463056,-0.9445839611895757,-0.6928632558059773,-0.9327312791463056,-0.9445839611895757,-0.6928632558059773,50,7.702057148861973,4.6182653262827875,350,4,350,0.0002,10,0.05,9.242520332336426,14.98046875,0.6604010462760925,0.3917132318019867,0,0,0,0,0,0,1,2,9.242519855499268,14.98046875,50,4.992104551085171,4.991816217377782,4.996825305995008,7,0.003055672210590387,False,completed,7.894351482391357,14.98046875,0.05,0.01,0.4805741310119629,0.0,1.8617021276595744,350,,,,,,,,,,,,,,,,,,,,,,,,,,,,,,,,,,,,,,,,,,,
llama3_8b_qlora_l40_protocol_v3_phase2_r64_seed44__1776870643,llama3_8b_qlora_l40_protocol_v3_phase2_r64_seed44,qlora,train_and_eval,protocol_v3,logging_v2,meta-llama/Meta-Llama-3-8B,True,False,44,64,128,350,8,1024,8.316989216966332,7.384257937820027,7.384257937820027,2713.1371,0.129,completed,outputs/experiments/protocol_v3/llama3_8b_qlora_l40_protocol_v3_phase2_r64_seed44/reports/comparison_row.json,outputs/experiments/protocol_v3/llama3_8b_qlora_l40_protocol_v3_phase2_r64_seed44/reports/metrics_history.jsonl,350,1.8617021276595744,eval,2026-04-22T15:58:10.732691+00:00,,8.768091201782227,9.31640625,8.646641110051549,5.311128582088765,7.702057148861973,4.6182653262827875,350,-0.9327312791463056,-0.9445839611895757,-0.6928632558059773,-0.9327312791463056,-0.9445839611895757,-0.6928632558059773,50,7.702057148861973,4.6182653262827875,350,4,350,0.0002,10,0.05,9.242520332336426,14.98046875,0.6604010462760925,0.3917132318019867,0,0,0,0,0,0,1,2,9.242519855499268,14.98046875,50,4.992104551085171,4.991816217377782,4.996825305995008,7,0.003055672210590387,False,completed,7.894351482391357,14.98046875,0.05,0.01,,,1.8617021276595744,350,1.9993504285812378,67.9515,3.753,3.753,,,,,,,,,,,,,,,,,,,,,,,,,,,,,,,,,,,,,,,
llama3_8b_qlora_l40_protocol_v3_phase2_r64_seed44__1776870643,llama3_8b_qlora_l40_protocol_v3_phase2_r64_seed44,qlora,train_and_eval,protocol_v3,logging_v2,meta-llama/Meta-Llama-3-8B,True,False,44,64,128,350,8,1024,8.316989216966332,7.384257937820027,7.384257937820027,2713.1371,0.129,completed,outputs/experiments/protocol_v3/llama3_8b_qlora_l40_protocol_v3_phase2_r64_seed44/reports/comparison_row.json,outputs/experiments/protocol_v3/llama3_8b_qlora_l40_protocol_v3_phase2_r64_seed44/reports/metrics_history.jsonl,350,1.8617021276595744,eval,2026-04-22T15:58:10.732695+00:00,,8.768091201782227,9.31640625,8.646641110051549,5.311128582088765,7.702057148861973,4.6182653262827875,350,-0.9327312791463056,-0.9445839611895757,-0.6928632558059773,-0.9327312791463056,-0.9445839611895757,-0.6928632558059773,50,7.702057148861973,4.6182653262827875,350,4,350,0.0002,10,0.05,9.242520332336426,14.98046875,0.6604010462760925,0.3917132318019867,0,0,0,0,0,0,1,2,9.242519855499268,14.98046875,50,4.992104551085171,4.991816217377782,4.996825305995008,7,0.003055672210590387,False,completed,7.894351482391357,14.98046875,0.05,0.01,,,1.8617021276595744,350,,,,,2.041487455368042,62.3573,3.753,3.753,,,,,,,,,,,,,,,,,,,,,,,,,,,,,,,,,,,
llama3_8b_qlora_l40_protocol_v3_phase2_r64_seed44__1776870643,llama3_8b_qlora_l40_protocol_v3_phase2_r64_seed44,qlora,train_and_eval,protocol_v3,logging_v2,meta-llama/Meta-Llama-3-8B,True,False,44,64,128,350,8,1024,8.316989216966332,7.384257937820027,7.384257937820027,2713.1371,0.129,completed,outputs/experiments/protocol_v3/llama3_8b_qlora_l40_protocol_v3_phase2_r64_seed44/reports/comparison_row.json,outputs/experiments/protocol_v3/llama3_8b_qlora_l40_protocol_v3_phase2_r64_seed44/reports/metrics_history.jsonl,350,1.8617021276595744,eval,2026-04-22T15:58:10.732698+00:00,,8.768091201782227,9.31640625,8.646641110051549,5.311128582088765,7.702057148861973,4.6182653262827875,350,-0.9327312791463056,-0.9445839611895757,-0.6928632558059773,-0.9327312791463056,-0.9445839611895757,-0.6928632558059773,50,7.702057148861973,4.6182653262827875,350,4,350,0.0002,10,0.05,9.242520332336426,14.98046875,0.6604010462760925,0.3917132318019867,0,0,0,0,0,0,1,2,9.242519855499268,14.98046875,50,4.992104551085171,4.991816217377782,4.996825305995008,7,0.003055672210590387,False,completed,7.894351482391357,14.98046875,0.05,0.01,,,1.8617021276595744,350,,,,,,,,,1.5300191640853882,5.5993,3.75,3.75,,,,,,,,,,,,,,,,,,,,,,,,,,,,,,,
llama3_8b_qlora_l40_protocol_v3_phase2_r64_seed44__1776870643,llama3_8b_qlora_l40_protocol_v3_phase2_r64_seed44,qlora,train_and_eval,protocol_v3,logging_v2,meta-llama/Meta-Llama-3-8B,True,False,44,64,128,350,8,1024,8.316989216966332,7.384257937820027,7.384257937820027,2713.1371,0.129,completed,outputs/experiments/protocol_v3/llama3_8b_qlora_l40_protocol_v3_phase2_r64_seed44/reports/comparison_row.json,outputs/experiments/protocol_v3/llama3_8b_qlora_l40_protocol_v3_phase2_r64_seed44/reports/metrics_history.jsonl,350,1.8617021276595744,eval,2026-04-22T15:58:10.732704+00:00,,8.768091201782227,9.31640625,8.646641110051549,5.311128582088765,7.702057148861973,4.6182653262827875,350,-0.9327312791463056,-0.9445839611895757,-0.6928632558059773,-0.9327312791463056,-0.9445839611895757,-0.6928632558059773,50,7.702057148861973,4.6182653262827875,350,4,350,0.0002,10,0.05,9.242520332336426,14.98046875,0.6604010462760925,0.3917132318019867,0,0,0,0,0,0,1,2,9.242519855499268,14.98046875,50,4.992104551085171,4.991816217377782,4.996825305995008,7,0.003055672210590387,False,completed,7.894351482391357,14.98046875,0.05,0.01,,,1.8617021276595744,350,1.9993504285812378,67.9515,3.753,3.753,2.041487455368042,62.3573,3.753,3.753,1.5300191640853882,5.5993,3.75,3.75,7.384257937820027,9.242520332336426,14.98046875,9.242520332336426,14.98046875,9.242520332336426,14.98046875,7.702057148861973,9.242520332336426,14.98046875,9.242520332336426,14.98046875,9.242520332336426,14.98046875,4.6182653262827875,9.242519855499268,14.98046875,9.242519855499268,14.98046875,9.242519855499268,14.98046875,4.993009785179748,4.991210693013272,4.994878987291304,0.010955380139064781,50,,,,,
llama3_8b_qlora_l40_protocol_v3_phase2_r64_seed44__1776870643,llama3_8b_qlora_l40_protocol_v3_phase2_r64_seed44,qlora,train_and_eval,protocol_v3,logging_v2,meta-llama/Meta-Llama-3-8B,True,False,44,64,128,350,8,1024,8.316989216966332,7.384257937820027,7.384257937820027,2713.1371,0.129,completed,outputs/experiments/protocol_v3/llama3_8b_qlora_l40_protocol_v3_phase2_r64_seed44/reports/comparison_row.json,outputs/experiments/protocol_v3/llama3_8b_qlora_l40_protocol_v3_phase2_r64_seed44/reports/metrics_history.jsonl,350,1.8617021276595744,system,2026-04-22T15:58:10.732712+00:00,,8.768091201782227,9.31640625,8.646641110051549,5.311128582088765,7.702057148861973,4.6182653262827875,350,-0.9327312791463056,-0.9445839611895757,-0.6928632558059773,-0.9327312791463056,-0.9445839611895757,-0.6928632558059773,50,7.702057148861973,4.6182653262827875,350,4,350,0.0002,10,0.05,9.242520332336426,14.98046875,0.6604010462760925,0.3917132318019867,0,0,0,0,0,0,1,2,9.242519855499268,14.98046875,50,4.992104551085171,4.991816217377782,4.996825305995008,7,0.003055672210590387,False,completed,7.894351482391357,14.98046875,0.05,0.01,,,1.8617021276595744,350,,,,,,,,,,,,,,,,,,,,,,,,,,,,,,,,,,,,,,,2713.1371,1.032,0.129,1.300467409747968e+17,1.8867668751307896
